solid BERGE5F4F25F1BC4_34
  facet normal -2.310577e-07 -2.258785e-01 -9.741555e-01
    outer loop
      vertex 3.550000e+02 -6.303409e+00 6.008080e+02
      vertex 3.500000e+02 -6.303434e+00 6.008080e+02
      vertex 3.500000e+02 -4.974937e+00 6.005000e+02
    endloop
  endfacet
  facet normal -1.000000e+00 0.000000e+00 0.000000e+00
    outer loop
      vertex 3.500000e+02 4.974937e+00 6.005000e+02
      vertex 3.500000e+02 -4.974937e+00 6.005000e+02
      vertex 3.500000e+02 -6.303434e+00 6.008080e+02
    endloop
  endfacet
  facet normal 0.000000e+00 -2.258777e-01 -9.741557e-01
    outer loop
      vertex 3.550000e+02 -4.974937e+00 6.005000e+02
      vertex 3.550000e+02 -6.303409e+00 6.008080e+02
      vertex 3.500000e+02 -4.974937e+00 6.005000e+02
    endloop
  endfacet
  facet normal 0.000000e+00 0.000000e+00 -1.000000e+00
    outer loop
      vertex 3.500000e+02 4.974937e+00 6.005000e+02
      vertex 3.550000e+02 -4.974937e+00 6.005000e+02
      vertex 3.500000e+02 -4.974937e+00 6.005000e+02
    endloop
  endfacet
  facet normal -3.114552e-07 -2.781483e-01 -9.605381e-01
    outer loop
      vertex 3.550000e+02 -7.607137e+00 6.011856e+02
      vertex 3.500000e+02 -7.607184e+00 6.011856e+02
      vertex 3.500000e+02 -6.303434e+00 6.008080e+02
    endloop
  endfacet
  facet normal -1.000000e+00 0.000000e+00 0.000000e+00
    outer loop
      vertex 3.500000e+02 6.303409e+00 6.008080e+02
      vertex 3.500000e+02 -6.303434e+00 6.008080e+02
      vertex 3.500000e+02 -7.607184e+00 6.011856e+02
    endloop
  endfacet
  facet normal 4.852219e-08 -2.781470e-01 -9.605385e-01
    outer loop
      vertex 3.550000e+02 -6.303409e+00 6.008080e+02
      vertex 3.550000e+02 -7.607137e+00 6.011856e+02
      vertex 3.500000e+02 -6.303434e+00 6.008080e+02
    endloop
  endfacet
  facet normal -1.000000e+00 0.000000e+00 0.000000e+00
    outer loop
      vertex 3.500000e+02 6.303409e+00 6.008080e+02
      vertex 3.500000e+02 4.974937e+00 6.005000e+02
      vertex 3.500000e+02 -6.303434e+00 6.008080e+02
    endloop
  endfacet
  facet normal -3.533017e-07 -3.299976e-01 -9.439818e-01
    outer loop
      vertex 3.550000e+02 -8.887021e+00 6.016330e+02
      vertex 3.500000e+02 -8.887086e+00 6.016330e+02
      vertex 3.500000e+02 -7.607184e+00 6.011856e+02
    endloop
  endfacet
  facet normal -1.000000e+00 0.000000e+00 0.000000e+00
    outer loop
      vertex 3.500000e+02 7.607137e+00 6.011856e+02
      vertex 3.500000e+02 -7.607184e+00 6.011856e+02
      vertex 3.500000e+02 -8.887086e+00 6.016330e+02
    endloop
  endfacet
  facet normal 2.200034e-07 -3.299956e-01 -9.439825e-01
    outer loop
      vertex 3.550000e+02 -7.607137e+00 6.011856e+02
      vertex 3.550000e+02 -8.887021e+00 6.016330e+02
      vertex 3.500000e+02 -7.607184e+00 6.011856e+02
    endloop
  endfacet
  facet normal -1.000000e+00 0.000000e+00 0.000000e+00
    outer loop
      vertex 3.500000e+02 7.607137e+00 6.011856e+02
      vertex 3.500000e+02 6.303409e+00 6.008080e+02
      vertex 3.500000e+02 -7.607184e+00 6.011856e+02
    endloop
  endfacet
  facet normal -4.829130e-07 -3.808566e-01 -9.246341e-01
    outer loop
      vertex 3.550000e+02 -1.014441e+01 6.021509e+02
      vertex 3.500000e+02 -1.014449e+01 6.021509e+02
      vertex 3.500000e+02 -8.887086e+00 6.016330e+02
    endloop
  endfacet
  facet normal -1.000000e+00 0.000000e+00 0.000000e+00
    outer loop
      vertex 3.500000e+02 8.887021e+00 6.016330e+02
      vertex 3.500000e+02 -8.887086e+00 6.016330e+02
      vertex 3.500000e+02 -1.014449e+01 6.021509e+02
    endloop
  endfacet
  facet normal 3.974887e-07 -3.808536e-01 -9.246353e-01
    outer loop
      vertex 3.550000e+02 -8.887021e+00 6.016330e+02
      vertex 3.550000e+02 -1.014441e+01 6.021509e+02
      vertex 3.500000e+02 -8.887086e+00 6.016330e+02
    endloop
  endfacet
  facet normal -1.000000e+00 0.000000e+00 0.000000e+00
    outer loop
      vertex 3.500000e+02 8.887021e+00 6.016330e+02
      vertex 3.500000e+02 7.607137e+00 6.011856e+02
      vertex 3.500000e+02 -8.887086e+00 6.016330e+02
    endloop
  endfacet
  facet normal -5.545737e-07 -4.303305e-01 -9.026714e-01
    outer loop
      vertex 3.550000e+02 -1.136985e+01 6.027351e+02
      vertex 3.500000e+02 -1.136995e+01 6.027351e+02
      vertex 3.500000e+02 -1.014449e+01 6.021509e+02
    endloop
  endfacet
  facet normal -1.000000e+00 0.000000e+00 0.000000e+00
    outer loop
      vertex 3.500000e+02 1.014441e+01 6.021509e+02
      vertex 3.500000e+02 -1.014449e+01 6.021509e+02
      vertex 3.500000e+02 -1.136995e+01 6.027351e+02
    endloop
  endfacet
  facet normal 4.550100e-07 -4.303271e-01 -9.026730e-01
    outer loop
      vertex 3.550000e+02 -1.014441e+01 6.021509e+02
      vertex 3.550000e+02 -1.136985e+01 6.027351e+02
      vertex 3.500000e+02 -1.014449e+01 6.021509e+02
    endloop
  endfacet
  facet normal -1.000000e+00 0.000000e+00 0.000000e+00
    outer loop
      vertex 3.500000e+02 1.014441e+01 6.021509e+02
      vertex 3.500000e+02 8.887021e+00 6.016330e+02
      vertex 3.500000e+02 -1.014449e+01 6.021509e+02
    endloop
  endfacet
  facet normal -6.049744e-07 -4.789157e-01 -8.778609e-01
    outer loop
      vertex 3.550000e+02 -1.256136e+01 6.033851e+02
      vertex 3.500000e+02 -1.256146e+01 6.033852e+02
      vertex 3.500000e+02 -1.136995e+01 6.027351e+02
    endloop
  endfacet
  facet normal -1.000000e+00 0.000000e+00 0.000000e+00
    outer loop
      vertex 3.500000e+02 1.136985e+01 6.027351e+02
      vertex 3.500000e+02 -1.136995e+01 6.027351e+02
      vertex 3.500000e+02 -1.256146e+01 6.033852e+02
    endloop
  endfacet
  facet normal 5.535715e-07 -4.789120e-01 -8.778629e-01
    outer loop
      vertex 3.550000e+02 -1.136985e+01 6.027351e+02
      vertex 3.550000e+02 -1.256136e+01 6.033851e+02
      vertex 3.500000e+02 -1.136995e+01 6.027351e+02
    endloop
  endfacet
  facet normal -1.000000e+00 0.000000e+00 0.000000e+00
    outer loop
      vertex 3.500000e+02 1.136985e+01 6.027351e+02
      vertex 3.500000e+02 1.014441e+01 6.021509e+02
      vertex 3.500000e+02 -1.136995e+01 6.027351e+02
    endloop
  endfacet
  facet normal -6.944036e-07 -5.257248e-01 -8.506547e-01
    outer loop
      vertex 3.550000e+02 -1.371743e+01 6.040996e+02
      vertex 3.500000e+02 -1.371754e+01 6.040997e+02
      vertex 3.500000e+02 -1.256146e+01 6.033852e+02
    endloop
  endfacet
  facet normal -1.000000e+00 0.000000e+00 0.000000e+00
    outer loop
      vertex 3.500000e+02 1.256136e+01 6.033851e+02
      vertex 3.500000e+02 -1.256146e+01 6.033852e+02
      vertex 3.500000e+02 -1.371754e+01 6.040997e+02
    endloop
  endfacet
  facet normal 6.262977e-07 -5.257207e-01 -8.506573e-01
    outer loop
      vertex 3.550000e+02 -1.256136e+01 6.033851e+02
      vertex 3.550000e+02 -1.371743e+01 6.040996e+02
      vertex 3.500000e+02 -1.256146e+01 6.033852e+02
    endloop
  endfacet
  facet normal -1.000000e+00 0.000000e+00 0.000000e+00
    outer loop
      vertex 3.500000e+02 1.256136e+01 6.033851e+02
      vertex 3.500000e+02 1.136985e+01 6.027351e+02
      vertex 3.500000e+02 -1.256146e+01 6.033852e+02
    endloop
  endfacet
  facet normal -6.833793e-07 -5.711591e-01 -8.208394e-01
    outer loop
      vertex 3.550000e+02 -1.483002e+01 6.048737e+02
      vertex 3.500000e+02 -1.483012e+01 6.048738e+02
      vertex 3.500000e+02 -1.371754e+01 6.040997e+02
    endloop
  endfacet
  facet normal -1.000000e+00 0.000000e+00 0.000000e+00
    outer loop
      vertex 3.500000e+02 1.483002e+01 6.048737e+02
      vertex 3.500000e+02 -1.371754e+01 6.040997e+02
      vertex 3.500000e+02 -1.483012e+01 6.048738e+02
    endloop
  endfacet
  facet normal 6.452001e-07 -5.711551e-01 -8.208422e-01
    outer loop
      vertex 3.550000e+02 -1.371743e+01 6.040996e+02
      vertex 3.550000e+02 -1.483002e+01 6.048737e+02
      vertex 3.500000e+02 -1.371754e+01 6.040997e+02
    endloop
  endfacet
  facet normal -1.000000e+00 0.000000e+00 0.000000e+00
    outer loop
      vertex 3.500000e+02 1.371743e+01 6.040996e+02
      vertex 3.500000e+02 1.256136e+01 6.033851e+02
      vertex 3.500000e+02 -1.371754e+01 6.040997e+02
    endloop
  endfacet
  facet normal -1.000000e+00 0.000000e+00 0.000000e+00
    outer loop
      vertex 3.500000e+02 1.483002e+01 6.048737e+02
      vertex 3.500000e+02 1.371743e+01 6.040996e+02
      vertex 3.500000e+02 -1.371754e+01 6.040997e+02
    endloop
  endfacet
  facet normal -7.381337e-07 -6.149250e-01 -7.885856e-01
    outer loop
      vertex 3.550000e+02 -1.590153e+01 6.057093e+02
      vertex 3.500000e+02 -1.590163e+01 6.057094e+02
      vertex 3.500000e+02 -1.483012e+01 6.048738e+02
    endloop
  endfacet
  facet normal -1.000000e+00 0.000000e+00 0.000000e+00
    outer loop
      vertex 3.500000e+02 -1.454429e+00 6.050533e+02
      vertex 3.500000e+02 -1.483012e+01 6.048738e+02
      vertex 3.500000e+02 -1.590163e+01 6.057094e+02
    endloop
  endfacet
  facet normal 7.301697e-07 -6.149207e-01 -7.885889e-01
    outer loop
      vertex 3.550000e+02 -1.483002e+01 6.048737e+02
      vertex 3.550000e+02 -1.590153e+01 6.057093e+02
      vertex 3.500000e+02 -1.483012e+01 6.048738e+02
    endloop
  endfacet
  facet normal -1.000000e+00 0.000000e+00 0.000000e+00
    outer loop
      vertex 3.500000e+02 -1.454429e+00 6.050533e+02
      vertex 3.500000e+02 -1.916911e-01 6.050010e+02
      vertex 3.500000e+02 -1.483012e+01 6.048738e+02
    endloop
  endfacet
  facet normal -1.000000e+00 0.000000e+00 0.000000e+00
    outer loop
      vertex 3.500000e+02 1.483002e+01 6.048737e+02
      vertex 3.500000e+02 -1.483012e+01 6.048738e+02
      vertex 3.500000e+02 -1.916911e-01 6.050010e+02
    endloop
  endfacet
  facet normal -7.385887e-07 -6.566773e-01 -7.541717e-01
    outer loop
      vertex 3.550000e+02 -1.692476e+01 6.066002e+02
      vertex 3.500000e+02 -1.692485e+01 6.066003e+02
      vertex 3.500000e+02 -1.590163e+01 6.057094e+02
    endloop
  endfacet
  facet normal -1.000000e+00 0.000000e+00 0.000000e+00
    outer loop
      vertex 3.500000e+02 -6.385426e+00 6.060468e+02
      vertex 3.500000e+02 -1.590163e+01 6.057094e+02
      vertex 3.500000e+02 -1.692485e+01 6.066003e+02
    endloop
  endfacet
  facet normal 7.125898e-07 -6.566733e-01 -7.541752e-01
    outer loop
      vertex 3.550000e+02 -1.590153e+01 6.057093e+02
      vertex 3.550000e+02 -1.692476e+01 6.066002e+02
      vertex 3.500000e+02 -1.590163e+01 6.057094e+02
    endloop
  endfacet
  facet normal -1.000000e+00 0.000000e+00 0.000000e+00
    outer loop
      vertex 3.500000e+02 -2.709677e+00 6.051844e+02
      vertex 3.500000e+02 -1.454429e+00 6.050533e+02
      vertex 3.500000e+02 -1.590163e+01 6.057094e+02
    endloop
  endfacet
  facet normal -1.000000e+00 0.000000e+00 0.000000e+00
    outer loop
      vertex 3.500000e+02 -3.951917e+00 6.053945e+02
      vertex 3.500000e+02 -2.709677e+00 6.051844e+02
      vertex 3.500000e+02 -1.590163e+01 6.057094e+02
    endloop
  endfacet
  facet normal -1.000000e+00 0.000000e+00 0.000000e+00
    outer loop
      vertex 3.500000e+02 -5.181145e+00 6.056829e+02
      vertex 3.500000e+02 -3.951917e+00 6.053945e+02
      vertex 3.500000e+02 -1.590163e+01 6.057094e+02
    endloop
  endfacet
  facet normal -1.000000e+00 0.000000e+00 0.000000e+00
    outer loop
      vertex 3.500000e+02 -6.385426e+00 6.060468e+02
      vertex 3.500000e+02 -5.181145e+00 6.056829e+02
      vertex 3.500000e+02 -1.590163e+01 6.057094e+02
    endloop
  endfacet
  facet normal -7.125898e-07 -6.968082e-01 -7.172575e-01
    outer loop
      vertex 3.550000e+02 -1.789790e+01 6.075456e+02
      vertex 3.500000e+02 -1.789799e+01 6.075457e+02
      vertex 3.500000e+02 -1.692485e+01 6.066003e+02
    endloop
  endfacet
  facet normal -1.000000e+00 0.000000e+00 0.000000e+00
    outer loop
      vertex 3.500000e+02 -8.718518e+00 6.070004e+02
      vertex 3.500000e+02 -1.692485e+01 6.066003e+02
      vertex 3.500000e+02 -1.789799e+01 6.075457e+02
    endloop
  endfacet
  facet normal 7.385887e-07 -6.968044e-01 -7.172612e-01
    outer loop
      vertex 3.550000e+02 -1.692476e+01 6.066002e+02
      vertex 3.550000e+02 -1.789790e+01 6.075456e+02
      vertex 3.500000e+02 -1.692485e+01 6.066003e+02
    endloop
  endfacet
  facet normal -1.000000e+00 0.000000e+00 0.000000e+00
    outer loop
      vertex 3.500000e+02 -7.567821e+00 6.064873e+02
      vertex 3.500000e+02 -6.385426e+00 6.060468e+02
      vertex 3.500000e+02 -1.692485e+01 6.066003e+02
    endloop
  endfacet
  facet normal -1.000000e+00 0.000000e+00 0.000000e+00
    outer loop
      vertex 3.500000e+02 -8.718518e+00 6.070004e+02
      vertex 3.500000e+02 -7.567821e+00 6.064873e+02
      vertex 3.500000e+02 -1.692485e+01 6.066003e+02
    endloop
  endfacet
  facet normal -7.301697e-07 -7.345828e-01 -6.785191e-01
    outer loop
      vertex 3.550000e+02 -1.881986e+01 6.085437e+02
      vertex 3.500000e+02 -1.881994e+01 6.085438e+02
      vertex 3.500000e+02 -1.789799e+01 6.075457e+02
    endloop
  endfacet
  facet normal -1.000000e+00 0.000000e+00 0.000000e+00
    outer loop
      vertex 3.500000e+02 -9.834126e+00 6.075851e+02
      vertex 3.500000e+02 -1.789799e+01 6.075457e+02
      vertex 3.500000e+02 -1.881994e+01 6.085438e+02
    endloop
  endfacet
  facet normal 7.381337e-07 -7.345791e-01 -6.785230e-01
    outer loop
      vertex 3.550000e+02 -1.789790e+01 6.075456e+02
      vertex 3.550000e+02 -1.881986e+01 6.085437e+02
      vertex 3.500000e+02 -1.789799e+01 6.075457e+02
    endloop
  endfacet
  facet normal -1.000000e+00 0.000000e+00 0.000000e+00
    outer loop
      vertex 3.500000e+02 -9.834126e+00 6.075851e+02
      vertex 3.500000e+02 -8.718518e+00 6.070004e+02
      vertex 3.500000e+02 -1.789799e+01 6.075457e+02
    endloop
  endfacet
  facet normal -6.452001e-07 -7.703722e-01 -6.375944e-01
    outer loop
      vertex 3.550000e+02 -1.968408e+01 6.095879e+02
      vertex 3.500000e+02 -1.968415e+01 6.095880e+02
      vertex 3.500000e+02 -1.881994e+01 6.085438e+02
    endloop
  endfacet
  facet normal -1.000000e+00 0.000000e+00 0.000000e+00
    outer loop
      vertex 3.500000e+02 -1.194601e+01 6.089598e+02
      vertex 3.500000e+02 -1.881994e+01 6.085438e+02
      vertex 3.500000e+02 -1.968415e+01 6.095880e+02
    endloop
  endfacet
  facet normal 6.833792e-07 -7.703691e-01 -6.375982e-01
    outer loop
      vertex 3.550000e+02 -1.881986e+01 6.085437e+02
      vertex 3.550000e+02 -1.968408e+01 6.095879e+02
      vertex 3.500000e+02 -1.881994e+01 6.085438e+02
    endloop
  endfacet
  facet normal -1.000000e+00 0.000000e+00 0.000000e+00
    outer loop
      vertex 3.500000e+02 -1.091333e+01 6.082401e+02
      vertex 3.500000e+02 -9.834126e+00 6.075851e+02
      vertex 3.500000e+02 -1.881994e+01 6.085438e+02
    endloop
  endfacet
  facet normal -1.000000e+00 0.000000e+00 0.000000e+00
    outer loop
      vertex 3.500000e+02 -1.194601e+01 6.089598e+02
      vertex 3.500000e+02 -1.091333e+01 6.082401e+02
      vertex 3.500000e+02 -1.881994e+01 6.085438e+02
    endloop
  endfacet
  facet normal -6.262977e-07 -8.038710e-01 -5.948036e-01
    outer loop
      vertex 3.550000e+02 -2.049244e+01 6.106804e+02
      vertex 3.500000e+02 -2.049251e+01 6.106805e+02
      vertex 3.500000e+02 -1.968415e+01 6.095880e+02
    endloop
  endfacet
  facet normal -1.000000e+00 0.000000e+00 0.000000e+00
    outer loop
      vertex 3.500000e+02 -1.293499e+01 6.097462e+02
      vertex 3.500000e+02 -1.968415e+01 6.095880e+02
      vertex 3.500000e+02 -2.049251e+01 6.106805e+02
    endloop
  endfacet
  facet normal 6.944036e-07 -8.038681e-01 -5.948075e-01
    outer loop
      vertex 3.550000e+02 -1.968408e+01 6.095879e+02
      vertex 3.550000e+02 -2.049244e+01 6.106804e+02
      vertex 3.500000e+02 -1.968415e+01 6.095880e+02
    endloop
  endfacet
  facet normal -1.000000e+00 0.000000e+00 0.000000e+00
    outer loop
      vertex 3.500000e+02 -1.293499e+01 6.097462e+02
      vertex 3.500000e+02 -1.194601e+01 6.089598e+02
      vertex 3.500000e+02 -1.968415e+01 6.095880e+02
    endloop
  endfacet
  facet normal -5.535715e-07 -8.348841e-01 -5.504258e-01
    outer loop
      vertex 3.550000e+02 -2.123954e+01 6.118136e+02
      vertex 3.500000e+02 -2.123959e+01 6.118137e+02
      vertex 3.500000e+02 -2.049251e+01 6.106805e+02
    endloop
  endfacet
  facet normal -1.000000e+00 0.000000e+00 0.000000e+00
    outer loop
      vertex 3.500000e+02 -1.475290e+01 6.114967e+02
      vertex 3.500000e+02 -2.049251e+01 6.106805e+02
      vertex 3.500000e+02 -2.123959e+01 6.118137e+02
    endloop
  endfacet
  facet normal 6.049744e-07 -8.348817e-01 -5.504294e-01
    outer loop
      vertex 3.550000e+02 -2.049244e+01 6.106804e+02
      vertex 3.550000e+02 -2.123954e+01 6.118136e+02
      vertex 3.500000e+02 -2.049251e+01 6.106805e+02
    endloop
  endfacet
  facet normal -1.000000e+00 0.000000e+00 0.000000e+00
    outer loop
      vertex 3.500000e+02 -1.387118e+01 6.105920e+02
      vertex 3.500000e+02 -1.293499e+01 6.097462e+02
      vertex 3.500000e+02 -2.049251e+01 6.106805e+02
    endloop
  endfacet
  facet normal -1.000000e+00 0.000000e+00 0.000000e+00
    outer loop
      vertex 3.500000e+02 -1.475290e+01 6.114967e+02
      vertex 3.500000e+02 -1.387118e+01 6.105920e+02
      vertex 3.500000e+02 -2.049251e+01 6.106805e+02
    endloop
  endfacet
  facet normal -4.550100e-07 -8.636580e-01 -5.040783e-01
    outer loop
      vertex 3.550000e+02 -2.192387e+01 6.129861e+02
      vertex 3.500000e+02 -2.192391e+01 6.129861e+02
      vertex 3.500000e+02 -2.123959e+01 6.118137e+02
    endloop
  endfacet
  facet normal -1.000000e+00 0.000000e+00 0.000000e+00
    outer loop
      vertex 3.500000e+02 -1.557794e+01 6.124571e+02
      vertex 3.500000e+02 -2.123959e+01 6.118137e+02
      vertex 3.500000e+02 -2.192391e+01 6.129861e+02
    endloop
  endfacet
  facet normal 5.545737e-07 -8.636561e-01 -5.040815e-01
    outer loop
      vertex 3.550000e+02 -2.123954e+01 6.118136e+02
      vertex 3.550000e+02 -2.192387e+01 6.129861e+02
      vertex 3.500000e+02 -2.123959e+01 6.118137e+02
    endloop
  endfacet
  facet normal -1.000000e+00 0.000000e+00 0.000000e+00
    outer loop
      vertex 3.500000e+02 -1.557794e+01 6.124571e+02
      vertex 3.500000e+02 -1.475290e+01 6.114967e+02
      vertex 3.500000e+02 -2.123959e+01 6.118137e+02
    endloop
  endfacet
  facet normal -3.974887e-07 -8.896681e-01 -4.566078e-01
    outer loop
      vertex 3.550000e+02 -2.254481e+01 6.141959e+02
      vertex 3.500000e+02 -2.254484e+01 6.141960e+02
      vertex 3.500000e+02 -2.192391e+01 6.129861e+02
    endloop
  endfacet
  facet normal -1.000000e+00 0.000000e+00 0.000000e+00
    outer loop
      vertex 3.500000e+02 -1.633850e+01 6.134655e+02
      vertex 3.500000e+02 -2.192391e+01 6.129861e+02
      vertex 3.500000e+02 -2.254484e+01 6.141960e+02
    endloop
  endfacet
  facet normal 4.829130e-07 -8.896666e-01 -4.566107e-01
    outer loop
      vertex 3.550000e+02 -2.192387e+01 6.129861e+02
      vertex 3.550000e+02 -2.254481e+01 6.141959e+02
      vertex 3.500000e+02 -2.192391e+01 6.129861e+02
    endloop
  endfacet
  facet normal -1.000000e+00 0.000000e+00 0.000000e+00
    outer loop
      vertex 3.500000e+02 -1.633850e+01 6.134655e+02
      vertex 3.500000e+02 -1.557794e+01 6.124571e+02
      vertex 3.500000e+02 -2.192391e+01 6.129861e+02
    endloop
  endfacet
  facet normal -2.200034e-07 -9.131875e-01 -4.075396e-01
    outer loop
      vertex 3.550000e+02 -2.309738e+01 6.154341e+02
      vertex 3.500000e+02 -2.309740e+01 6.154341e+02
      vertex 3.500000e+02 -2.254484e+01 6.141960e+02
    endloop
  endfacet
  facet normal -1.000000e+00 0.000000e+00 0.000000e+00
    outer loop
      vertex 3.500000e+02 -1.703682e+01 6.145245e+02
      vertex 3.500000e+02 -2.254484e+01 6.141960e+02
      vertex 3.500000e+02 -2.309740e+01 6.154341e+02
    endloop
  endfacet
  facet normal 3.533016e-07 -9.131867e-01 -4.075415e-01
    outer loop
      vertex 3.550000e+02 -2.254481e+01 6.141959e+02
      vertex 3.550000e+02 -2.309738e+01 6.154341e+02
      vertex 3.500000e+02 -2.254484e+01 6.141960e+02
    endloop
  endfacet
  facet normal -1.000000e+00 0.000000e+00 0.000000e+00
    outer loop
      vertex 3.500000e+02 -1.703682e+01 6.145245e+02
      vertex 3.500000e+02 -1.633850e+01 6.134655e+02
      vertex 3.500000e+02 -2.254484e+01 6.141960e+02
    endloop
  endfacet
  facet normal -4.852219e-08 -9.340081e-01 -3.572517e-01
    outer loop
      vertex 3.550000e+02 -2.358229e+01 6.167018e+02
      vertex 3.500000e+02 -2.358229e+01 6.167018e+02
      vertex 3.500000e+02 -2.309740e+01 6.154341e+02
    endloop
  endfacet
  facet normal -1.000000e+00 0.000000e+00 0.000000e+00
    outer loop
      vertex 3.500000e+02 -1.766553e+01 6.156230e+02
      vertex 3.500000e+02 -2.309740e+01 6.154341e+02
      vertex 3.500000e+02 -2.358229e+01 6.167018e+02
    endloop
  endfacet
  facet normal 3.114552e-07 -9.340077e-01 -3.572529e-01
    outer loop
      vertex 3.550000e+02 -2.309738e+01 6.154341e+02
      vertex 3.550000e+02 -2.358229e+01 6.167018e+02
      vertex 3.500000e+02 -2.309740e+01 6.154341e+02
    endloop
  endfacet
  facet normal -1.000000e+00 0.000000e+00 0.000000e+00
    outer loop
      vertex 3.500000e+02 -1.766553e+01 6.156230e+02
      vertex 3.500000e+02 -1.703682e+01 6.145245e+02
      vertex 3.500000e+02 -2.309740e+01 6.154341e+02
    endloop
  endfacet
  facet normal 0.000000e+00 -9.519352e-01 -3.062994e-01
    outer loop
      vertex 3.550000e+02 -2.400000e+01 6.180000e+02
      vertex 3.500000e+02 -2.400000e+01 6.180000e+02
      vertex 3.500000e+02 -2.358229e+01 6.167018e+02
    endloop
  endfacet
  facet normal -1.000000e+00 0.000000e+00 0.000000e+00
    outer loop
      vertex 3.500000e+02 -1.822385e+01 6.167613e+02
      vertex 3.500000e+02 -2.358229e+01 6.167018e+02
      vertex 3.500000e+02 -2.400000e+01 6.180000e+02
    endloop
  endfacet
  facet normal 2.310577e-07 -9.519350e-01 -3.063002e-01
    outer loop
      vertex 3.550000e+02 -2.358229e+01 6.167018e+02
      vertex 3.550000e+02 -2.400000e+01 6.180000e+02
      vertex 3.500000e+02 -2.358229e+01 6.167018e+02
    endloop
  endfacet
  facet normal -1.000000e+00 0.000000e+00 0.000000e+00
    outer loop
      vertex 3.500000e+02 -1.822385e+01 6.167613e+02
      vertex 3.500000e+02 -1.766553e+01 6.156230e+02
      vertex 3.500000e+02 -2.358229e+01 6.167018e+02
    endloop
  endfacet
  facet normal 0.000000e+00 0.000000e+00 -1.000000e+00
    outer loop
      vertex 3.550000e+02 -3.000000e+01 6.180000e+02
      vertex 3.500000e+02 -2.400000e+01 6.180000e+02
      vertex 3.550000e+02 -2.400000e+01 6.180000e+02
    endloop
  endfacet
  facet normal -1.000000e+00 0.000000e+00 0.000000e+00
    outer loop
      vertex 3.500000e+02 -1.870995e+01 6.179337e+02
      vertex 3.500000e+02 -1.822385e+01 6.167613e+02
      vertex 3.500000e+02 -2.400000e+01 6.180000e+02
    endloop
  endfacet
  facet normal -1.000000e+00 0.000000e+00 0.000000e+00
    outer loop
      vertex 3.500000e+02 -1.911906e+01 6.191305e+02
      vertex 3.500000e+02 -1.870995e+01 6.179337e+02
      vertex 3.500000e+02 -2.400000e+01 6.180000e+02
    endloop
  endfacet
  facet normal -1.000000e+00 0.000000e+00 0.000000e+00
    outer loop
      vertex 3.500000e+02 -3.000000e+01 6.320000e+02
      vertex 3.500000e+02 -1.911906e+01 6.191305e+02
      vertex 3.500000e+02 -2.400000e+01 6.180000e+02
    endloop
  endfacet
  facet normal -1.000000e+00 0.000000e+00 0.000000e+00
    outer loop
      vertex 3.500000e+02 -3.000000e+01 6.180000e+02
      vertex 3.500000e+02 -3.000000e+01 6.320000e+02
      vertex 3.500000e+02 -2.400000e+01 6.180000e+02
    endloop
  endfacet
  facet normal 0.000000e+00 0.000000e+00 -1.000000e+00
    outer loop
      vertex 3.550000e+02 -3.000000e+01 6.180000e+02
      vertex 3.500000e+02 -3.000000e+01 6.180000e+02
      vertex 3.500000e+02 -2.400000e+01 6.180000e+02
    endloop
  endfacet
  facet normal 1.000000e+00 0.000000e+00 0.000000e+00
    outer loop
      vertex 3.550000e+02 -1.870802e+01 6.179284e+02
      vertex 3.550000e+02 -2.400000e+01 6.180000e+02
      vertex 3.550000e+02 -2.358229e+01 6.167018e+02
    endloop
  endfacet
  facet normal 1.000000e+00 0.000000e+00 0.000000e+00
    outer loop
      vertex 3.550000e+02 -1.911620e+01 6.191213e+02
      vertex 3.550000e+02 -3.000000e+01 6.180000e+02
      vertex 3.550000e+02 -2.400000e+01 6.180000e+02
    endloop
  endfacet
  facet normal 1.000000e+00 0.000000e+00 0.000000e+00
    outer loop
      vertex 3.550000e+02 -1.870802e+01 6.179284e+02
      vertex 3.550000e+02 -1.911620e+01 6.191213e+02
      vertex 3.550000e+02 -2.400000e+01 6.180000e+02
    endloop
  endfacet
  facet normal 1.000000e+00 0.000000e+00 0.000000e+00
    outer loop
      vertex 3.550000e+02 -1.766811e+01 6.156279e+02
      vertex 3.550000e+02 -2.358229e+01 6.167018e+02
      vertex 3.550000e+02 -2.309738e+01 6.154341e+02
    endloop
  endfacet
  facet normal 1.000000e+00 0.000000e+00 0.000000e+00
    outer loop
      vertex 3.550000e+02 -1.822381e+01 6.167610e+02
      vertex 3.550000e+02 -1.870802e+01 6.179284e+02
      vertex 3.550000e+02 -2.358229e+01 6.167018e+02
    endloop
  endfacet
  facet normal 1.000000e+00 0.000000e+00 0.000000e+00
    outer loop
      vertex 3.550000e+02 -1.766811e+01 6.156279e+02
      vertex 3.550000e+02 -1.822381e+01 6.167610e+02
      vertex 3.550000e+02 -2.358229e+01 6.167018e+02
    endloop
  endfacet
  facet normal 1.000000e+00 0.000000e+00 0.000000e+00
    outer loop
      vertex 3.550000e+02 -1.704281e+01 6.145341e+02
      vertex 3.550000e+02 -2.309738e+01 6.154341e+02
      vertex 3.550000e+02 -2.254481e+01 6.141959e+02
    endloop
  endfacet
  facet normal 1.000000e+00 0.000000e+00 0.000000e+00
    outer loop
      vertex 3.550000e+02 -1.704281e+01 6.145341e+02
      vertex 3.550000e+02 -1.766811e+01 6.156279e+02
      vertex 3.550000e+02 -2.309738e+01 6.154341e+02
    endloop
  endfacet
  facet normal 1.000000e+00 0.000000e+00 0.000000e+00
    outer loop
      vertex 3.550000e+02 -1.634850e+01 6.134796e+02
      vertex 3.550000e+02 -2.254481e+01 6.141959e+02
      vertex 3.550000e+02 -2.192387e+01 6.129861e+02
    endloop
  endfacet
  facet normal 1.000000e+00 0.000000e+00 0.000000e+00
    outer loop
      vertex 3.550000e+02 -1.634850e+01 6.134796e+02
      vertex 3.550000e+02 -1.704281e+01 6.145341e+02
      vertex 3.550000e+02 -2.254481e+01 6.141959e+02
    endloop
  endfacet
  facet normal 1.000000e+00 0.000000e+00 0.000000e+00
    outer loop
      vertex 3.550000e+02 -1.559189e+01 6.124744e+02
      vertex 3.550000e+02 -2.192387e+01 6.129861e+02
      vertex 3.550000e+02 -2.123954e+01 6.118136e+02
    endloop
  endfacet
  facet normal 1.000000e+00 0.000000e+00 0.000000e+00
    outer loop
      vertex 3.550000e+02 -1.559189e+01 6.124744e+02
      vertex 3.550000e+02 -1.634850e+01 6.134796e+02
      vertex 3.550000e+02 -2.192387e+01 6.129861e+02
    endloop
  endfacet
  facet normal 1.000000e+00 0.000000e+00 0.000000e+00
    outer loop
      vertex 3.550000e+02 -1.477090e+01 6.115163e+02
      vertex 3.550000e+02 -2.123954e+01 6.118136e+02
      vertex 3.550000e+02 -2.049244e+01 6.106804e+02
    endloop
  endfacet
  facet normal 1.000000e+00 0.000000e+00 0.000000e+00
    outer loop
      vertex 3.550000e+02 -1.477090e+01 6.115163e+02
      vertex 3.550000e+02 -1.559189e+01 6.124744e+02
      vertex 3.550000e+02 -2.123954e+01 6.118136e+02
    endloop
  endfacet
  facet normal 1.000000e+00 0.000000e+00 0.000000e+00
    outer loop
      vertex 3.550000e+02 -1.389277e+01 6.106128e+02
      vertex 3.550000e+02 -2.049244e+01 6.106804e+02
      vertex 3.550000e+02 -1.968408e+01 6.095879e+02
    endloop
  endfacet
  facet normal 1.000000e+00 0.000000e+00 0.000000e+00
    outer loop
      vertex 3.550000e+02 -1.389277e+01 6.106128e+02
      vertex 3.550000e+02 -1.477090e+01 6.115163e+02
      vertex 3.550000e+02 -2.049244e+01 6.106804e+02
    endloop
  endfacet
  facet normal 1.000000e+00 0.000000e+00 0.000000e+00
    outer loop
      vertex 3.550000e+02 -1.197268e+01 6.089797e+02
      vertex 3.550000e+02 -1.968408e+01 6.095879e+02
      vertex 3.550000e+02 -1.881986e+01 6.085437e+02
    endloop
  endfacet
  facet normal 1.000000e+00 0.000000e+00 0.000000e+00
    outer loop
      vertex 3.550000e+02 -1.295946e+01 6.097671e+02
      vertex 3.550000e+02 -1.389277e+01 6.106128e+02
      vertex 3.550000e+02 -1.968408e+01 6.095879e+02
    endloop
  endfacet
  facet normal 1.000000e+00 0.000000e+00 0.000000e+00
    outer loop
      vertex 3.550000e+02 -1.197268e+01 6.089797e+02
      vertex 3.550000e+02 -1.295946e+01 6.097671e+02
      vertex 3.550000e+02 -1.968408e+01 6.095879e+02
    endloop
  endfacet
  facet normal 1.000000e+00 0.000000e+00 0.000000e+00
    outer loop
      vertex 3.550000e+02 -1.094114e+01 6.082583e+02
      vertex 3.550000e+02 -1.881986e+01 6.085437e+02
      vertex 3.550000e+02 -1.789790e+01 6.075456e+02
    endloop
  endfacet
  facet normal 1.000000e+00 0.000000e+00 0.000000e+00
    outer loop
      vertex 3.550000e+02 -1.094114e+01 6.082583e+02
      vertex 3.550000e+02 -1.197268e+01 6.089797e+02
      vertex 3.550000e+02 -1.881986e+01 6.085437e+02
    endloop
  endfacet
  facet normal 1.000000e+00 0.000000e+00 0.000000e+00
    outer loop
      vertex 3.550000e+02 -8.745499e+00 6.070135e+02
      vertex 3.550000e+02 -1.789790e+01 6.075456e+02
      vertex 3.550000e+02 -1.692476e+01 6.066002e+02
    endloop
  endfacet
  facet normal 1.000000e+00 0.000000e+00 0.000000e+00
    outer loop
      vertex 3.550000e+02 -9.862108e+00 6.076009e+02
      vertex 3.550000e+02 -1.094114e+01 6.082583e+02
      vertex 3.550000e+02 -1.789790e+01 6.075456e+02
    endloop
  endfacet
  facet normal 1.000000e+00 0.000000e+00 0.000000e+00
    outer loop
      vertex 3.550000e+02 -8.745499e+00 6.070135e+02
      vertex 3.550000e+02 -9.862108e+00 6.076009e+02
      vertex 3.550000e+02 -1.789790e+01 6.075456e+02
    endloop
  endfacet
  facet normal 1.000000e+00 0.000000e+00 0.000000e+00
    outer loop
      vertex 3.550000e+02 -7.592441e+00 6.064975e+02
      vertex 3.550000e+02 -1.692476e+01 6.066002e+02
      vertex 3.550000e+02 -1.590153e+01 6.057093e+02
    endloop
  endfacet
  facet normal 1.000000e+00 0.000000e+00 0.000000e+00
    outer loop
      vertex 3.550000e+02 -7.592441e+00 6.064975e+02
      vertex 3.550000e+02 -8.745499e+00 6.070135e+02
      vertex 3.550000e+02 -1.692476e+01 6.066002e+02
    endloop
  endfacet
  facet normal 1.000000e+00 0.000000e+00 0.000000e+00
    outer loop
      vertex 3.550000e+02 -5.197800e+00 6.056875e+02
      vertex 3.550000e+02 -1.590153e+01 6.057093e+02
      vertex 3.550000e+02 -1.483002e+01 6.048737e+02
    endloop
  endfacet
  facet normal 1.000000e+00 0.000000e+00 0.000000e+00
    outer loop
      vertex 3.550000e+02 -6.406548e+00 6.060539e+02
      vertex 3.550000e+02 -7.592441e+00 6.064975e+02
      vertex 3.550000e+02 -1.590153e+01 6.057093e+02
    endloop
  endfacet
  facet normal 1.000000e+00 0.000000e+00 0.000000e+00
    outer loop
      vertex 3.550000e+02 -5.197800e+00 6.056875e+02
      vertex 3.550000e+02 -6.406548e+00 6.060539e+02
      vertex 3.550000e+02 -1.590153e+01 6.057093e+02
    endloop
  endfacet
  facet normal 1.000000e+00 0.000000e+00 0.000000e+00
    outer loop
      vertex 3.550000e+02 1.371754e+01 6.040997e+02
      vertex 3.550000e+02 -1.483002e+01 6.048737e+02
      vertex 3.550000e+02 -1.371743e+01 6.040996e+02
    endloop
  endfacet
  facet normal 1.000000e+00 0.000000e+00 0.000000e+00
    outer loop
      vertex 3.550000e+02 1.371754e+01 6.040997e+02
      vertex 3.550000e+02 1.483012e+01 6.048738e+02
      vertex 3.550000e+02 -1.483002e+01 6.048737e+02
    endloop
  endfacet
  facet normal 1.000000e+00 0.000000e+00 0.000000e+00
    outer loop
      vertex 3.550000e+02 -1.860697e-01 6.050010e+02
      vertex 3.550000e+02 -1.483002e+01 6.048737e+02
      vertex 3.550000e+02 1.483012e+01 6.048738e+02
    endloop
  endfacet
  facet normal 1.000000e+00 0.000000e+00 0.000000e+00
    outer loop
      vertex 3.550000e+02 -3.963012e+00 6.053968e+02
      vertex 3.550000e+02 -5.197800e+00 6.056875e+02
      vertex 3.550000e+02 -1.483002e+01 6.048737e+02
    endloop
  endfacet
  facet normal 1.000000e+00 0.000000e+00 0.000000e+00
    outer loop
      vertex 3.550000e+02 -2.715132e+00 6.051852e+02
      vertex 3.550000e+02 -3.963012e+00 6.053968e+02
      vertex 3.550000e+02 -1.483002e+01 6.048737e+02
    endloop
  endfacet
  facet normal 1.000000e+00 0.000000e+00 0.000000e+00
    outer loop
      vertex 3.550000e+02 -1.454155e+00 6.050533e+02
      vertex 3.550000e+02 -2.715132e+00 6.051852e+02
      vertex 3.550000e+02 -1.483002e+01 6.048737e+02
    endloop
  endfacet
  facet normal 1.000000e+00 0.000000e+00 0.000000e+00
    outer loop
      vertex 3.550000e+02 -1.860697e-01 6.050010e+02
      vertex 3.550000e+02 -1.454155e+00 6.050533e+02
      vertex 3.550000e+02 -1.483002e+01 6.048737e+02
    endloop
  endfacet
  facet normal 1.000000e+00 0.000000e+00 0.000000e+00
    outer loop
      vertex 3.550000e+02 1.371754e+01 6.040997e+02
      vertex 3.550000e+02 -1.371743e+01 6.040996e+02
      vertex 3.550000e+02 -1.256136e+01 6.033851e+02
    endloop
  endfacet
  facet normal 1.000000e+00 0.000000e+00 0.000000e+00
    outer loop
      vertex 3.550000e+02 1.256146e+01 6.033852e+02
      vertex 3.550000e+02 -1.256136e+01 6.033851e+02
      vertex 3.550000e+02 -1.136985e+01 6.027351e+02
    endloop
  endfacet
  facet normal 1.000000e+00 0.000000e+00 0.000000e+00
    outer loop
      vertex 3.550000e+02 1.256146e+01 6.033852e+02
      vertex 3.550000e+02 1.371754e+01 6.040997e+02
      vertex 3.550000e+02 -1.256136e+01 6.033851e+02
    endloop
  endfacet
  facet normal 1.000000e+00 0.000000e+00 0.000000e+00
    outer loop
      vertex 3.550000e+02 1.136995e+01 6.027351e+02
      vertex 3.550000e+02 -1.136985e+01 6.027351e+02
      vertex 3.550000e+02 -1.014441e+01 6.021509e+02
    endloop
  endfacet
  facet normal 1.000000e+00 0.000000e+00 0.000000e+00
    outer loop
      vertex 3.550000e+02 1.136995e+01 6.027351e+02
      vertex 3.550000e+02 1.256146e+01 6.033852e+02
      vertex 3.550000e+02 -1.136985e+01 6.027351e+02
    endloop
  endfacet
  facet normal 1.000000e+00 0.000000e+00 0.000000e+00
    outer loop
      vertex 3.550000e+02 1.014449e+01 6.021509e+02
      vertex 3.550000e+02 -1.014441e+01 6.021509e+02
      vertex 3.550000e+02 -8.887021e+00 6.016330e+02
    endloop
  endfacet
  facet normal 1.000000e+00 0.000000e+00 0.000000e+00
    outer loop
      vertex 3.550000e+02 1.014449e+01 6.021509e+02
      vertex 3.550000e+02 1.136995e+01 6.027351e+02
      vertex 3.550000e+02 -1.014441e+01 6.021509e+02
    endloop
  endfacet
  facet normal 1.000000e+00 0.000000e+00 0.000000e+00
    outer loop
      vertex 3.550000e+02 8.887086e+00 6.016330e+02
      vertex 3.550000e+02 -8.887021e+00 6.016330e+02
      vertex 3.550000e+02 -7.607137e+00 6.011856e+02
    endloop
  endfacet
  facet normal 1.000000e+00 0.000000e+00 0.000000e+00
    outer loop
      vertex 3.550000e+02 8.887086e+00 6.016330e+02
      vertex 3.550000e+02 1.014449e+01 6.021509e+02
      vertex 3.550000e+02 -8.887021e+00 6.016330e+02
    endloop
  endfacet
  facet normal 1.000000e+00 0.000000e+00 0.000000e+00
    outer loop
      vertex 3.550000e+02 7.607184e+00 6.011856e+02
      vertex 3.550000e+02 -7.607137e+00 6.011856e+02
      vertex 3.550000e+02 -6.303409e+00 6.008080e+02
    endloop
  endfacet
  facet normal 1.000000e+00 0.000000e+00 0.000000e+00
    outer loop
      vertex 3.550000e+02 7.607184e+00 6.011856e+02
      vertex 3.550000e+02 8.887086e+00 6.016330e+02
      vertex 3.550000e+02 -7.607137e+00 6.011856e+02
    endloop
  endfacet
  facet normal 1.000000e+00 0.000000e+00 0.000000e+00
    outer loop
      vertex 3.550000e+02 6.303434e+00 6.008080e+02
      vertex 3.550000e+02 -6.303409e+00 6.008080e+02
      vertex 3.550000e+02 -4.974937e+00 6.005000e+02
    endloop
  endfacet
  facet normal 1.000000e+00 0.000000e+00 0.000000e+00
    outer loop
      vertex 3.550000e+02 6.303434e+00 6.008080e+02
      vertex 3.550000e+02 7.607184e+00 6.011856e+02
      vertex 3.550000e+02 -6.303409e+00 6.008080e+02
    endloop
  endfacet
  facet normal 0.000000e+00 0.000000e+00 -1.000000e+00
    outer loop
      vertex 3.550000e+02 4.974937e+00 6.005000e+02
      vertex 3.550000e+02 -4.974937e+00 6.005000e+02
      vertex 3.500000e+02 4.974937e+00 6.005000e+02
    endloop
  endfacet
  facet normal 1.000000e+00 0.000000e+00 0.000000e+00
    outer loop
      vertex 3.550000e+02 4.974937e+00 6.005000e+02
      vertex 3.550000e+02 6.303434e+00 6.008080e+02
      vertex 3.550000e+02 -4.974937e+00 6.005000e+02
    endloop
  endfacet
  facet normal -1.000000e+00 0.000000e+00 0.000000e+00
    outer loop
      vertex 3.500000e+02 -1.435729e+01 6.454661e+02
      vertex 3.500000e+02 -2.283656e+00 6.448691e+02
      vertex 3.500000e+02 -3.418885e+00 6.447056e+02
    endloop
  endfacet
  facet normal 0.000000e+00 1.425534e-01 -9.897871e-01
    outer loop
      vertex 3.550000e+02 -3.418885e+00 6.447056e+02
      vertex 3.500000e+02 -3.418885e+00 6.447056e+02
      vertex 3.500000e+02 -2.283656e+00 6.448691e+02
    endloop
  endfacet
  facet normal -1.000000e+00 0.000000e+00 0.000000e+00
    outer loop
      vertex 3.500000e+02 -1.548727e+01 6.446249e+02
      vertex 3.500000e+02 -3.418885e+00 6.447056e+02
      vertex 3.500000e+02 -3.620262e+00 6.444447e+02
    endloop
  endfacet
  facet normal 4.198768e-07 7.916479e-01 -6.109776e-01
    outer loop
      vertex 3.550000e+02 -3.620277e+00 6.444447e+02
      vertex 3.500000e+02 -3.620262e+00 6.444447e+02
      vertex 3.500000e+02 -3.418885e+00 6.447056e+02
    endloop
  endfacet
  facet normal -1.000000e+00 0.000000e+00 0.000000e+00
    outer loop
      vertex 3.500000e+02 -1.548727e+01 6.446249e+02
      vertex 3.500000e+02 -1.435729e+01 6.454661e+02
      vertex 3.500000e+02 -3.418885e+00 6.447056e+02
    endloop
  endfacet
  facet normal 0.000000e+00 7.916440e-01 -6.109827e-01
    outer loop
      vertex 3.550000e+02 -3.418885e+00 6.447056e+02
      vertex 3.550000e+02 -3.620277e+00 6.444447e+02
      vertex 3.500000e+02 -3.418885e+00 6.447056e+02
    endloop
  endfacet
  facet normal -1.000000e+00 0.000000e+00 0.000000e+00
    outer loop
      vertex 3.500000e+02 -1.435729e+01 6.454661e+02
      vertex 3.500000e+02 -1.144656e+00 6.449672e+02
      vertex 3.500000e+02 -2.283656e+00 6.448691e+02
    endloop
  endfacet
  facet normal 0.000000e+00 8.581083e-02 -9.963114e-01
    outer loop
      vertex 3.550000e+02 -2.283656e+00 6.448691e+02
      vertex 3.500000e+02 -2.283656e+00 6.448691e+02
      vertex 3.500000e+02 -1.144656e+00 6.449672e+02
    endloop
  endfacet
  facet normal 0.000000e+00 1.425534e-01 -9.897871e-01
    outer loop
      vertex 3.550000e+02 -2.283656e+00 6.448691e+02
      vertex 3.550000e+02 -3.418885e+00 6.447056e+02
      vertex 3.500000e+02 -2.283656e+00 6.448691e+02
    endloop
  endfacet
  facet normal -1.000000e+00 0.000000e+00 0.000000e+00
    outer loop
      vertex 3.500000e+02 -1.435729e+01 6.454661e+02
      vertex 3.500000e+02 -2.965850e-12 6.449999e+02
      vertex 3.500000e+02 -1.144656e+00 6.449672e+02
    endloop
  endfacet
  facet normal 2.536281e-18 2.855599e-02 -9.995922e-01
    outer loop
      vertex 3.550000e+02 -1.144656e+00 6.449672e+02
      vertex 3.500000e+02 -1.144656e+00 6.449672e+02
      vertex 3.500000e+02 -2.965850e-12 6.449999e+02
    endloop
  endfacet
  facet normal 7.621532e-18 8.581083e-02 -9.963114e-01
    outer loop
      vertex 3.550000e+02 -1.144656e+00 6.449672e+02
      vertex 3.550000e+02 -2.283656e+00 6.448691e+02
      vertex 3.500000e+02 -1.144656e+00 6.449672e+02
    endloop
  endfacet
  facet normal -1.000000e+00 0.000000e+00 0.000000e+00
    outer loop
      vertex 3.500000e+02 1.548727e+01 6.446249e+02
      vertex 3.500000e+02 1.144656e+00 6.449672e+02
      vertex 3.500000e+02 -2.965850e-12 6.449999e+02
    endloop
  endfacet
  facet normal -5.072562e-18 -2.855599e-02 -9.995922e-01
    outer loop
      vertex 3.550000e+02 -2.966738e-12 6.449999e+02
      vertex 3.500000e+02 -2.965850e-12 6.449999e+02
      vertex 3.500000e+02 1.144656e+00 6.449672e+02
    endloop
  endfacet
  facet normal -1.000000e+00 0.000000e+00 0.000000e+00
    outer loop
      vertex 3.500000e+02 -1.435729e+01 6.454661e+02
      vertex 3.500000e+02 1.548727e+01 6.446249e+02
      vertex 3.500000e+02 -2.965850e-12 6.449999e+02
    endloop
  endfacet
  facet normal 5.072562e-18 2.855599e-02 -9.995922e-01
    outer loop
      vertex 3.550000e+02 -2.966738e-12 6.449999e+02
      vertex 3.550000e+02 -1.144656e+00 6.449672e+02
      vertex 3.500000e+02 -2.965850e-12 6.449999e+02
    endloop
  endfacet
  facet normal -1.000000e+00 0.000000e+00 0.000000e+00
    outer loop
      vertex 3.500000e+02 1.548727e+01 6.446249e+02
      vertex 3.500000e+02 2.283656e+00 6.448691e+02
      vertex 3.500000e+02 1.144656e+00 6.449672e+02
    endloop
  endfacet
  facet normal -1.905383e-17 -8.581083e-02 -9.963114e-01
    outer loop
      vertex 3.550000e+02 1.144656e+00 6.449672e+02
      vertex 3.500000e+02 1.144656e+00 6.449672e+02
      vertex 3.500000e+02 2.283656e+00 6.448691e+02
    endloop
  endfacet
  facet normal -6.340703e-18 -2.855599e-02 -9.995922e-01
    outer loop
      vertex 3.550000e+02 1.144656e+00 6.449672e+02
      vertex 3.550000e+02 -2.966738e-12 6.449999e+02
      vertex 3.500000e+02 1.144656e+00 6.449672e+02
    endloop
  endfacet
  facet normal -1.000000e+00 0.000000e+00 0.000000e+00
    outer loop
      vertex 3.500000e+02 1.548727e+01 6.446249e+02
      vertex 3.500000e+02 3.418885e+00 6.447056e+02
      vertex 3.500000e+02 2.283656e+00 6.448691e+02
    endloop
  endfacet
  facet normal -2.532258e-17 -1.425534e-01 -9.897871e-01
    outer loop
      vertex 3.550000e+02 2.283656e+00 6.448691e+02
      vertex 3.500000e+02 2.283656e+00 6.448691e+02
      vertex 3.500000e+02 3.418885e+00 6.447056e+02
    endloop
  endfacet
  facet normal -1.524306e-17 -8.581083e-02 -9.963114e-01
    outer loop
      vertex 3.550000e+02 2.283656e+00 6.448691e+02
      vertex 3.550000e+02 1.144656e+00 6.449672e+02
      vertex 3.500000e+02 2.283656e+00 6.448691e+02
    endloop
  endfacet
  facet normal -1.000000e+00 0.000000e+00 0.000000e+00
    outer loop
      vertex 3.500000e+02 1.548727e+01 6.446249e+02
      vertex 3.500000e+02 3.620277e+00 6.444447e+02
      vertex 3.500000e+02 3.418885e+00 6.447056e+02
    endloop
  endfacet
  facet normal 0.000000e+00 -7.916440e-01 -6.109827e-01
    outer loop
      vertex 3.550000e+02 3.418885e+00 6.447056e+02
      vertex 3.500000e+02 3.418885e+00 6.447056e+02
      vertex 3.500000e+02 3.620277e+00 6.444447e+02
    endloop
  endfacet
  facet normal 0.000000e+00 -1.425534e-01 -9.897871e-01
    outer loop
      vertex 3.550000e+02 3.418885e+00 6.447056e+02
      vertex 3.550000e+02 2.283656e+00 6.448691e+02
      vertex 3.500000e+02 3.418885e+00 6.447056e+02
    endloop
  endfacet
  facet normal -1.000000e+00 0.000000e+00 0.000000e+00
    outer loop
      vertex 3.500000e+02 1.656565e+01 6.437237e+02
      vertex 3.500000e+02 3.847322e+00 6.442127e+02
      vertex 3.500000e+02 3.620277e+00 6.444447e+02
    endloop
  endfacet
  facet normal -4.876090e-07 -7.146941e-01 -6.994371e-01
    outer loop
      vertex 3.550000e+02 3.847292e+00 6.442127e+02
      vertex 3.500000e+02 3.620277e+00 6.444447e+02
      vertex 3.500000e+02 3.847322e+00 6.442127e+02
    endloop
  endfacet
  facet normal -1.000000e+00 0.000000e+00 0.000000e+00
    outer loop
      vertex 3.500000e+02 1.548727e+01 6.446249e+02
      vertex 3.500000e+02 1.656565e+01 6.437237e+02
      vertex 3.500000e+02 3.620277e+00 6.444447e+02
    endloop
  endfacet
  facet normal -4.198768e-07 -7.916479e-01 -6.109776e-01
    outer loop
      vertex 3.550000e+02 3.620262e+00 6.444447e+02
      vertex 3.550000e+02 3.418885e+00 6.447056e+02
      vertex 3.500000e+02 3.620277e+00 6.444447e+02
    endloop
  endfacet
  facet normal 1.112031e-07 -7.147006e-01 -6.994305e-01
    outer loop
      vertex 3.550000e+02 3.847292e+00 6.442127e+02
      vertex 3.550000e+02 3.620262e+00 6.444447e+02
      vertex 3.500000e+02 3.620277e+00 6.444447e+02
    endloop
  endfacet
  facet normal -1.000000e+00 0.000000e+00 0.000000e+00
    outer loop
      vertex 3.500000e+02 1.656565e+01 6.437237e+02
      vertex 3.500000e+02 4.101877e+00 6.440084e+02
      vertex 3.500000e+02 3.847322e+00 6.442127e+02
    endloop
  endfacet
  facet normal -6.508520e-07 -6.259187e-01 -7.798883e-01
    outer loop
      vertex 3.550000e+02 4.101832e+00 6.440084e+02
      vertex 3.500000e+02 3.847322e+00 6.442127e+02
      vertex 3.500000e+02 4.101877e+00 6.440084e+02
    endloop
  endfacet
  facet normal 4.864126e-07 -6.259323e-01 -7.798774e-01
    outer loop
      vertex 3.550000e+02 4.101832e+00 6.440084e+02
      vertex 3.550000e+02 3.847292e+00 6.442127e+02
      vertex 3.500000e+02 3.847322e+00 6.442127e+02
    endloop
  endfacet
  facet normal -1.000000e+00 0.000000e+00 0.000000e+00
    outer loop
      vertex 3.500000e+02 1.656565e+01 6.437237e+02
      vertex 3.500000e+02 4.378370e+00 6.438355e+02
      vertex 3.500000e+02 4.101877e+00 6.440084e+02
    endloop
  endfacet
  facet normal -7.801297e-07 -5.301195e-01 -8.479229e-01
    outer loop
      vertex 3.550000e+02 4.378313e+00 6.438355e+02
      vertex 3.500000e+02 4.101877e+00 6.440084e+02
      vertex 3.500000e+02 4.378370e+00 6.438355e+02
    endloop
  endfacet
  facet normal 6.362421e-07 -5.301379e-01 -8.479114e-01
    outer loop
      vertex 3.550000e+02 4.378313e+00 6.438355e+02
      vertex 3.550000e+02 4.101832e+00 6.440084e+02
      vertex 3.500000e+02 4.101877e+00 6.440084e+02
    endloop
  endfacet
  facet normal -1.000000e+00 0.000000e+00 0.000000e+00
    outer loop
      vertex 3.500000e+02 6.891966e+00 6.437750e+02
      vertex 3.500000e+02 4.673294e+00 6.436970e+02
      vertex 3.500000e+02 4.378370e+00 6.438355e+02
    endloop
  endfacet
  facet normal -8.367692e-07 -4.250478e-01 -9.051709e-01
    outer loop
      vertex 3.550000e+02 4.673228e+00 6.436970e+02
      vertex 3.500000e+02 4.378370e+00 6.438355e+02
      vertex 3.500000e+02 4.673294e+00 6.436970e+02
    endloop
  endfacet
  facet normal -1.000000e+00 0.000000e+00 0.000000e+00
    outer loop
      vertex 3.500000e+02 1.656565e+01 6.437237e+02
      vertex 3.500000e+02 6.891966e+00 6.437750e+02
      vertex 3.500000e+02 4.378370e+00 6.438355e+02
    endloop
  endfacet
  facet normal 7.776153e-07 -4.250703e-01 -9.051604e-01
    outer loop
      vertex 3.550000e+02 4.673228e+00 6.436970e+02
      vertex 3.550000e+02 4.378313e+00 6.438355e+02
      vertex 3.500000e+02 4.378370e+00 6.438355e+02
    endloop
  endfacet
  facet normal -1.000000e+00 0.000000e+00 0.000000e+00
    outer loop
      vertex 3.500000e+02 6.587106e+00 6.436497e+02
      vertex 3.500000e+02 4.982304e+00 6.435941e+02
      vertex 3.500000e+02 4.673294e+00 6.436970e+02
    endloop
  endfacet
  facet normal -8.757581e-07 -3.160840e-01 -9.487312e-01
    outer loop
      vertex 3.550000e+02 4.982234e+00 6.435941e+02
      vertex 3.500000e+02 4.673294e+00 6.436970e+02
      vertex 3.500000e+02 4.982304e+00 6.435941e+02
    endloop
  endfacet
  facet normal -1.000000e+00 0.000000e+00 0.000000e+00
    outer loop
      vertex 3.500000e+02 6.891966e+00 6.437750e+02
      vertex 3.500000e+02 6.587106e+00 6.436497e+02
      vertex 3.500000e+02 4.673294e+00 6.436970e+02
    endloop
  endfacet
  facet normal 8.313957e-07 -3.161089e-01 -9.487229e-01
    outer loop
      vertex 3.550000e+02 4.982234e+00 6.435941e+02
      vertex 3.550000e+02 4.673228e+00 6.436970e+02
      vertex 3.500000e+02 4.673294e+00 6.436970e+02
    endloop
  endfacet
  facet normal -1.000000e+00 0.000000e+00 0.000000e+00
    outer loop
      vertex 3.500000e+02 6.274499e+00 6.435623e+02
      vertex 3.500000e+02 5.301391e+00 6.435287e+02
      vertex 3.500000e+02 4.982304e+00 6.435941e+02
    endloop
  endfacet
  facet normal -8.313957e-07 -2.006032e-01 -9.796726e-01
    outer loop
      vertex 3.550000e+02 5.301320e+00 6.435287e+02
      vertex 3.500000e+02 4.982304e+00 6.435941e+02
      vertex 3.500000e+02 5.301391e+00 6.435287e+02
    endloop
  endfacet
  facet normal -1.000000e+00 0.000000e+00 0.000000e+00
    outer loop
      vertex 3.500000e+02 6.587106e+00 6.436497e+02
      vertex 3.500000e+02 6.274499e+00 6.435623e+02
      vertex 3.500000e+02 4.982304e+00 6.435941e+02
    endloop
  endfacet
  facet normal 8.757581e-07 -2.006288e-01 -9.796673e-01
    outer loop
      vertex 3.550000e+02 5.301320e+00 6.435287e+02
      vertex 3.550000e+02 4.982234e+00 6.435941e+02
      vertex 3.500000e+02 4.982304e+00 6.435941e+02
    endloop
  endfacet
  facet normal -1.000000e+00 0.000000e+00 0.000000e+00
    outer loop
      vertex 3.500000e+02 5.951912e+00 6.435127e+02
      vertex 3.500000e+02 5.626042e+00 6.435012e+02
      vertex 3.500000e+02 5.301391e+00 6.435287e+02
    endloop
  endfacet
  facet normal -7.776153e-07 -8.445853e-02 -9.964270e-01
    outer loop
      vertex 3.550000e+02 5.625977e+00 6.435012e+02
      vertex 3.500000e+02 5.301391e+00 6.435287e+02
      vertex 3.500000e+02 5.626042e+00 6.435012e+02
    endloop
  endfacet
  facet normal -1.000000e+00 0.000000e+00 0.000000e+00
    outer loop
      vertex 3.500000e+02 6.274499e+00 6.435623e+02
      vertex 3.500000e+02 5.951912e+00 6.435127e+02
      vertex 3.500000e+02 5.301391e+00 6.435287e+02
    endloop
  endfacet
  facet normal 8.367692e-07 -8.448322e-02 -9.964249e-01
    outer loop
      vertex 3.550000e+02 5.625977e+00 6.435012e+02
      vertex 3.550000e+02 5.301320e+00 6.435287e+02
      vertex 3.500000e+02 5.301391e+00 6.435287e+02
    endloop
  endfacet
  facet normal -6.362421e-07 3.515718e-02 -9.993818e-01
    outer loop
      vertex 3.550000e+02 5.951858e+00 6.435127e+02
      vertex 3.500000e+02 5.626042e+00 6.435012e+02
      vertex 3.500000e+02 5.951912e+00 6.435127e+02
    endloop
  endfacet
  facet normal 7.801297e-07 3.513548e-02 -9.993826e-01
    outer loop
      vertex 3.550000e+02 5.951858e+00 6.435127e+02
      vertex 3.550000e+02 5.625977e+00 6.435012e+02
      vertex 3.500000e+02 5.626042e+00 6.435012e+02
    endloop
  endfacet
  facet normal -4.864126e-07 1.521346e-01 -9.883598e-01
    outer loop
      vertex 3.550000e+02 6.274459e+00 6.435623e+02
      vertex 3.500000e+02 5.951912e+00 6.435127e+02
      vertex 3.500000e+02 6.274499e+00 6.435623e+02
    endloop
  endfacet
  facet normal 6.508520e-07 1.521174e-01 -9.883624e-01
    outer loop
      vertex 3.550000e+02 6.274459e+00 6.435623e+02
      vertex 3.550000e+02 5.951858e+00 6.435127e+02
      vertex 3.500000e+02 5.951912e+00 6.435127e+02
    endloop
  endfacet
  facet normal -1.112032e-07 2.692336e-01 -9.630749e-01
    outer loop
      vertex 3.550000e+02 6.587084e+00 6.436497e+02
      vertex 3.500000e+02 6.274499e+00 6.435623e+02
      vertex 3.500000e+02 6.587106e+00 6.436497e+02
    endloop
  endfacet
  facet normal 4.876090e-07 2.692247e-01 -9.630774e-01
    outer loop
      vertex 3.550000e+02 6.587084e+00 6.436497e+02
      vertex 3.550000e+02 6.274459e+00 6.435623e+02
      vertex 3.500000e+02 6.274499e+00 6.435623e+02
    endloop
  endfacet
  facet normal 4.198768e-07 3.800983e-01 -9.249461e-01
    outer loop
      vertex 3.550000e+02 6.587084e+00 6.436497e+02
      vertex 3.500000e+02 6.587106e+00 6.436497e+02
      vertex 3.500000e+02 6.891966e+00 6.437750e+02
    endloop
  endfacet
  facet normal -1.000000e+00 0.000000e+00 0.000000e+00
    outer loop
      vertex 3.500000e+02 1.656565e+01 6.437237e+02
      vertex 3.500000e+02 8.028370e+00 6.433175e+02
      vertex 3.500000e+02 6.891966e+00 6.437750e+02
    endloop
  endfacet
  facet normal 0.000000e+00 -3.734897e-01 -9.276343e-01
    outer loop
      vertex 3.550000e+02 6.891966e+00 6.437750e+02
      vertex 3.500000e+02 6.891966e+00 6.437750e+02
      vertex 3.500000e+02 8.028370e+00 6.433175e+02
    endloop
  endfacet
  facet normal 0.000000e+00 3.800925e-01 -9.249485e-01
    outer loop
      vertex 3.550000e+02 6.891966e+00 6.437750e+02
      vertex 3.550000e+02 6.587084e+00 6.436497e+02
      vertex 3.500000e+02 6.891966e+00 6.437750e+02
    endloop
  endfacet
  facet normal -1.000000e+00 0.000000e+00 0.000000e+00
    outer loop
      vertex 3.500000e+02 1.759355e+01 6.427611e+02
      vertex 3.500000e+02 9.128474e+00 6.427951e+02
      vertex 3.500000e+02 8.028370e+00 6.433175e+02
    endloop
  endfacet
  facet normal 6.041899e-08 -4.289016e-01 -9.033512e-01
    outer loop
      vertex 3.550000e+02 8.028397e+00 6.433174e+02
      vertex 3.500000e+02 8.028370e+00 6.433175e+02
      vertex 3.500000e+02 9.128474e+00 6.427951e+02
    endloop
  endfacet
  facet normal -1.000000e+00 0.000000e+00 0.000000e+00
    outer loop
      vertex 3.500000e+02 1.656565e+01 6.437237e+02
      vertex 3.500000e+02 1.759355e+01 6.427611e+02
      vertex 3.500000e+02 8.028370e+00 6.433175e+02
    endloop
  endfacet
  facet normal -2.933174e-07 -3.734908e-01 -9.276339e-01
    outer loop
      vertex 3.550000e+02 8.028397e+00 6.433174e+02
      vertex 3.550000e+02 6.891966e+00 6.437750e+02
      vertex 3.500000e+02 8.028370e+00 6.433175e+02
    endloop
  endfacet
  facet normal -1.000000e+00 0.000000e+00 0.000000e+00
    outer loop
      vertex 3.500000e+02 1.759355e+01 6.427611e+02
      vertex 3.500000e+02 1.019320e+01 6.422074e+02
      vertex 3.500000e+02 9.128474e+00 6.427951e+02
    endloop
  endfacet
  facet normal 2.781264e-07 -4.832545e-01 -8.754799e-01
    outer loop
      vertex 3.550000e+02 9.128523e+00 6.427951e+02
      vertex 3.500000e+02 9.128474e+00 6.427951e+02
      vertex 3.500000e+02 1.019320e+01 6.422074e+02
    endloop
  endfacet
  facet normal -3.948705e-07 -4.289032e-01 -9.033504e-01
    outer loop
      vertex 3.550000e+02 8.028397e+00 6.433174e+02
      vertex 3.500000e+02 9.128474e+00 6.427951e+02
      vertex 3.550000e+02 9.128523e+00 6.427951e+02
    endloop
  endfacet
  facet normal -1.000000e+00 0.000000e+00 0.000000e+00
    outer loop
      vertex 3.500000e+02 1.856484e+01 6.417435e+02
      vertex 3.500000e+02 1.122392e+01 6.415534e+02
      vertex 3.500000e+02 1.019320e+01 6.422074e+02
    endloop
  endfacet
  facet normal 5.029860e-07 -5.357876e-01 -8.443528e-01
    outer loop
      vertex 3.550000e+02 1.019327e+01 6.422074e+02
      vertex 3.500000e+02 1.019320e+01 6.422074e+02
      vertex 3.500000e+02 1.122392e+01 6.415534e+02
    endloop
  endfacet
  facet normal -1.000000e+00 0.000000e+00 0.000000e+00
    outer loop
      vertex 3.500000e+02 1.759355e+01 6.427611e+02
      vertex 3.500000e+02 1.856484e+01 6.417435e+02
      vertex 3.500000e+02 1.019320e+01 6.422074e+02
    endloop
  endfacet
  facet normal -4.470643e-07 -4.832571e-01 -8.754785e-01
    outer loop
      vertex 3.550000e+02 9.128523e+00 6.427951e+02
      vertex 3.500000e+02 1.019320e+01 6.422074e+02
      vertex 3.550000e+02 1.019327e+01 6.422074e+02
    endloop
  endfacet
  facet normal -1.000000e+00 0.000000e+00 0.000000e+00
    outer loop
      vertex 3.500000e+02 1.947711e+01 6.406727e+02
      vertex 3.500000e+02 1.221098e+01 6.408396e+02
      vertex 3.500000e+02 1.122392e+01 6.415534e+02
    endloop
  endfacet
  facet normal 5.741295e-07 -5.859978e-01 -8.103127e-01
    outer loop
      vertex 3.550000e+02 1.122400e+01 6.415533e+02
      vertex 3.500000e+02 1.122392e+01 6.415534e+02
      vertex 3.500000e+02 1.221098e+01 6.408396e+02
    endloop
  endfacet
  facet normal -1.000000e+00 0.000000e+00 0.000000e+00
    outer loop
      vertex 3.500000e+02 1.856484e+01 6.417435e+02
      vertex 3.500000e+02 1.947711e+01 6.406727e+02
      vertex 3.500000e+02 1.122392e+01 6.415534e+02
    endloop
  endfacet
  facet normal -6.113381e-07 -5.357915e-01 -8.443503e-01
    outer loop
      vertex 3.550000e+02 1.019327e+01 6.422074e+02
      vertex 3.500000e+02 1.122392e+01 6.415534e+02
      vertex 3.550000e+02 1.122400e+01 6.415533e+02
    endloop
  endfacet
  facet normal -1.000000e+00 0.000000e+00 0.000000e+00
    outer loop
      vertex 3.500000e+02 1.947711e+01 6.406727e+02
      vertex 3.500000e+02 1.315223e+01 6.400669e+02
      vertex 3.500000e+02 1.221098e+01 6.408396e+02
    endloop
  endfacet
  facet normal 7.009867e-07 -6.345140e-01 -7.729114e-01
    outer loop
      vertex 3.550000e+02 1.221107e+01 6.408395e+02
      vertex 3.500000e+02 1.221098e+01 6.408396e+02
      vertex 3.500000e+02 1.315223e+01 6.400669e+02
    endloop
  endfacet
  facet normal -7.025845e-07 -5.860020e-01 -8.103096e-01
    outer loop
      vertex 3.550000e+02 1.122400e+01 6.415533e+02
      vertex 3.500000e+02 1.221098e+01 6.408396e+02
      vertex 3.550000e+02 1.221107e+01 6.408395e+02
    endloop
  endfacet
  facet normal -1.000000e+00 0.000000e+00 0.000000e+00
    outer loop
      vertex 3.500000e+02 2.032879e+01 6.395512e+02
      vertex 3.500000e+02 1.404633e+01 6.392371e+02
      vertex 3.500000e+02 1.315223e+01 6.400669e+02
    endloop
  endfacet
  facet normal 7.915306e-07 -6.802226e-01 -7.330056e-01
    outer loop
      vertex 3.550000e+02 1.315233e+01 6.400668e+02
      vertex 3.500000e+02 1.315223e+01 6.400669e+02
      vertex 3.500000e+02 1.404633e+01 6.392371e+02
    endloop
  endfacet
  facet normal -1.000000e+00 0.000000e+00 0.000000e+00
    outer loop
      vertex 3.500000e+02 1.947711e+01 6.406727e+02
      vertex 3.500000e+02 2.032879e+01 6.395512e+02
      vertex 3.500000e+02 1.315223e+01 6.400669e+02
    endloop
  endfacet
  facet normal -7.647910e-07 -6.345187e-01 -7.729075e-01
    outer loop
      vertex 3.550000e+02 1.221107e+01 6.408395e+02
      vertex 3.500000e+02 1.315223e+01 6.400669e+02
      vertex 3.550000e+02 1.315233e+01 6.400668e+02
    endloop
  endfacet
  facet normal -1.000000e+00 0.000000e+00 0.000000e+00
    outer loop
      vertex 3.500000e+02 2.111430e+01 6.383858e+02
      vertex 3.500000e+02 1.488540e+01 6.383574e+02
      vertex 3.500000e+02 1.404633e+01 6.392371e+02
    endloop
  endfacet
  facet normal 8.156109e-07 -7.236244e-01 -6.901939e-01
    outer loop
      vertex 3.550000e+02 1.404643e+01 6.392370e+02
      vertex 3.500000e+02 1.404633e+01 6.392371e+02
      vertex 3.500000e+02 1.488540e+01 6.383574e+02
    endloop
  endfacet
  facet normal -1.000000e+00 0.000000e+00 0.000000e+00
    outer loop
      vertex 3.500000e+02 2.032879e+01 6.395512e+02
      vertex 3.500000e+02 2.111430e+01 6.383858e+02
      vertex 3.500000e+02 1.404633e+01 6.392371e+02
    endloop
  endfacet
  facet normal -8.795140e-07 -6.802276e-01 -7.330010e-01
    outer loop
      vertex 3.550000e+02 1.315233e+01 6.400668e+02
      vertex 3.500000e+02 1.404633e+01 6.392371e+02
      vertex 3.550000e+02 1.404643e+01 6.392370e+02
    endloop
  endfacet
  facet normal -1.000000e+00 0.000000e+00 0.000000e+00
    outer loop
      vertex 3.500000e+02 2.183475e+01 6.371753e+02
      vertex 3.500000e+02 1.567171e+01 6.374253e+02
      vertex 3.500000e+02 1.488540e+01 6.383574e+02
    endloop
  endfacet
  facet normal 9.244346e-07 -7.643577e-01 -6.447924e-01
    outer loop
      vertex 3.550000e+02 1.488549e+01 6.383573e+02
      vertex 3.500000e+02 1.488540e+01 6.383574e+02
      vertex 3.500000e+02 1.567171e+01 6.374253e+02
    endloop
  endfacet
  facet normal -1.000000e+00 0.000000e+00 0.000000e+00
    outer loop
      vertex 3.500000e+02 2.111430e+01 6.383858e+02
      vertex 3.500000e+02 2.183475e+01 6.371753e+02
      vertex 3.500000e+02 1.488540e+01 6.383574e+02
    endloop
  endfacet
  facet normal -8.643702e-07 -7.236292e-01 -6.901889e-01
    outer loop
      vertex 3.550000e+02 1.404643e+01 6.392370e+02
      vertex 3.500000e+02 1.488540e+01 6.383574e+02
      vertex 3.550000e+02 1.488549e+01 6.383573e+02
    endloop
  endfacet
  facet normal -1.000000e+00 0.000000e+00 0.000000e+00
    outer loop
      vertex 3.500000e+02 2.183475e+01 6.371753e+02
      vertex 3.500000e+02 1.639872e+01 6.364491e+02
      vertex 3.500000e+02 1.567171e+01 6.374253e+02
    endloop
  endfacet
  facet normal 9.000603e-07 -8.020288e-01 -5.972854e-01
    outer loop
      vertex 3.550000e+02 1.567180e+01 6.374252e+02
      vertex 3.500000e+02 1.567171e+01 6.374253e+02
      vertex 3.500000e+02 1.639872e+01 6.364491e+02
    endloop
  endfacet
  facet normal -9.335103e-07 -7.643626e-01 -6.447866e-01
    outer loop
      vertex 3.550000e+02 1.488549e+01 6.383573e+02
      vertex 3.500000e+02 1.567171e+01 6.374253e+02
      vertex 3.550000e+02 1.567180e+01 6.374252e+02
    endloop
  endfacet
  facet normal -1.000000e+00 0.000000e+00 0.000000e+00
    outer loop
      vertex 3.500000e+02 2.248429e+01 6.359296e+02
      vertex 3.500000e+02 1.706463e+01 6.354302e+02
      vertex 3.500000e+02 1.639872e+01 6.364491e+02
    endloop
  endfacet
  facet normal 9.354327e-07 -8.370754e-01 -5.470875e-01
    outer loop
      vertex 3.550000e+02 1.639880e+01 6.364490e+02
      vertex 3.500000e+02 1.639872e+01 6.364491e+02
      vertex 3.500000e+02 1.706463e+01 6.354302e+02
    endloop
  endfacet
  facet normal -1.000000e+00 0.000000e+00 0.000000e+00
    outer loop
      vertex 3.500000e+02 2.183475e+01 6.371753e+02
      vertex 3.500000e+02 2.248429e+01 6.359296e+02
      vertex 3.500000e+02 1.639872e+01 6.364491e+02
    endloop
  endfacet
  facet normal -9.354327e-07 -8.020333e-01 -5.972794e-01
    outer loop
      vertex 3.550000e+02 1.567180e+01 6.374252e+02
      vertex 3.500000e+02 1.639872e+01 6.364491e+02
      vertex 3.550000e+02 1.639880e+01 6.364490e+02
    endloop
  endfacet
  facet normal -1.000000e+00 0.000000e+00 0.000000e+00
    outer loop
      vertex 3.500000e+02 2.306250e+01 6.346494e+02
      vertex 3.500000e+02 1.766870e+01 6.343709e+02
      vertex 3.500000e+02 1.706463e+01 6.354302e+02
    endloop
  endfacet
  facet normal 9.335103e-07 -8.686916e-01 -4.953532e-01
    outer loop
      vertex 3.550000e+02 1.706471e+01 6.354301e+02
      vertex 3.500000e+02 1.706463e+01 6.354302e+02
      vertex 3.500000e+02 1.766870e+01 6.343709e+02
    endloop
  endfacet
  facet normal -1.000000e+00 0.000000e+00 0.000000e+00
    outer loop
      vertex 3.500000e+02 2.248429e+01 6.359296e+02
      vertex 3.500000e+02 2.306250e+01 6.346494e+02
      vertex 3.500000e+02 1.706463e+01 6.354302e+02
    endloop
  endfacet
  facet normal -9.000603e-07 -8.370796e-01 -5.470812e-01
    outer loop
      vertex 3.550000e+02 1.639880e+01 6.364490e+02
      vertex 3.500000e+02 1.706463e+01 6.354302e+02
      vertex 3.550000e+02 1.706471e+01 6.354301e+02
    endloop
  endfacet
  facet normal -1.000000e+00 0.000000e+00 0.000000e+00
    outer loop
      vertex 3.500000e+02 2.357023e+01 6.333333e+02
      vertex 3.500000e+02 1.820540e+01 6.332800e+02
      vertex 3.500000e+02 1.766870e+01 6.343709e+02
    endloop
  endfacet
  facet normal 8.643702e-07 -8.972764e-01 -4.414692e-01
    outer loop
      vertex 3.550000e+02 1.766877e+01 6.343707e+02
      vertex 3.500000e+02 1.766870e+01 6.343709e+02
      vertex 3.500000e+02 1.820540e+01 6.332800e+02
    endloop
  endfacet
  facet normal -1.000000e+00 0.000000e+00 0.000000e+00
    outer loop
      vertex 3.500000e+02 2.306250e+01 6.346494e+02
      vertex 3.500000e+02 2.357023e+01 6.333333e+02
      vertex 3.500000e+02 1.766870e+01 6.343709e+02
    endloop
  endfacet
  facet normal -9.244346e-07 -8.686954e-01 -4.953466e-01
    outer loop
      vertex 3.550000e+02 1.706471e+01 6.354301e+02
      vertex 3.500000e+02 1.766870e+01 6.343709e+02
      vertex 3.550000e+02 1.766877e+01 6.343707e+02
    endloop
  endfacet
  facet normal -1.000000e+00 0.000000e+00 0.000000e+00
    outer loop
      vertex 3.500000e+02 2.450999e+01 6.322378e+02
      vertex 3.500000e+02 1.867620e+01 6.321548e+02
      vertex 3.500000e+02 1.820540e+01 6.332800e+02
    endloop
  endfacet
  facet normal 8.795140e-07 -9.225101e-01 -3.859729e-01
    outer loop
      vertex 3.550000e+02 1.820545e+01 6.332799e+02
      vertex 3.500000e+02 1.820540e+01 6.332800e+02
      vertex 3.500000e+02 1.867620e+01 6.321548e+02
    endloop
  endfacet
  facet normal -1.000000e+00 0.000000e+00 0.000000e+00
    outer loop
      vertex 3.500000e+02 2.430126e+01 6.323671e+02
      vertex 3.500000e+02 2.450999e+01 6.322378e+02
      vertex 3.500000e+02 1.820540e+01 6.332800e+02
    endloop
  endfacet
  facet normal -1.000000e+00 0.000000e+00 0.000000e+00
    outer loop
      vertex 3.500000e+02 2.410976e+01 6.325208e+02
      vertex 3.500000e+02 2.430126e+01 6.323671e+02
      vertex 3.500000e+02 1.820540e+01 6.332800e+02
    endloop
  endfacet
  facet normal -1.000000e+00 0.000000e+00 0.000000e+00
    outer loop
      vertex 3.500000e+02 2.393866e+01 6.326971e+02
      vertex 3.500000e+02 2.410976e+01 6.325208e+02
      vertex 3.500000e+02 1.820540e+01 6.332800e+02
    endloop
  endfacet
  facet normal -1.000000e+00 0.000000e+00 0.000000e+00
    outer loop
      vertex 3.500000e+02 2.379012e+01 6.328931e+02
      vertex 3.500000e+02 2.393866e+01 6.326971e+02
      vertex 3.500000e+02 1.820540e+01 6.332800e+02
    endloop
  endfacet
  facet normal -1.000000e+00 0.000000e+00 0.000000e+00
    outer loop
      vertex 3.500000e+02 2.366770e+01 6.331047e+02
      vertex 3.500000e+02 2.379012e+01 6.328931e+02
      vertex 3.500000e+02 1.820540e+01 6.332800e+02
    endloop
  endfacet
  facet normal -1.000000e+00 0.000000e+00 0.000000e+00
    outer loop
      vertex 3.500000e+02 2.357023e+01 6.333333e+02
      vertex 3.500000e+02 2.366770e+01 6.331047e+02
      vertex 3.500000e+02 1.820540e+01 6.332800e+02
    endloop
  endfacet
  facet normal -8.156109e-07 -8.972795e-01 -4.414630e-01
    outer loop
      vertex 3.550000e+02 1.766877e+01 6.343707e+02
      vertex 3.500000e+02 1.820540e+01 6.332800e+02
      vertex 3.550000e+02 1.820545e+01 6.332799e+02
    endloop
  endfacet
  facet normal -1.000000e+00 0.000000e+00 0.000000e+00
    outer loop
      vertex 3.500000e+02 2.545584e+01 6.320000e+02
      vertex 3.500000e+02 1.907724e+01 6.310049e+02
      vertex 3.500000e+02 1.867620e+01 6.321548e+02
    endloop
  endfacet
  facet normal 7.647910e-07 -9.442212e-01 -3.293119e-01
    outer loop
      vertex 3.550000e+02 1.867625e+01 6.321546e+02
      vertex 3.500000e+02 1.867620e+01 6.321548e+02
      vertex 3.500000e+02 1.907724e+01 6.310049e+02
    endloop
  endfacet
  facet normal -1.000000e+00 0.000000e+00 0.000000e+00
    outer loop
      vertex 3.500000e+02 2.520780e+01 6.320157e+02
      vertex 3.500000e+02 2.545584e+01 6.320000e+02
      vertex 3.500000e+02 1.867620e+01 6.321548e+02
    endloop
  endfacet
  facet normal -1.000000e+00 0.000000e+00 0.000000e+00
    outer loop
      vertex 3.500000e+02 2.496748e+01 6.320605e+02
      vertex 3.500000e+02 2.520780e+01 6.320157e+02
      vertex 3.500000e+02 1.867620e+01 6.321548e+02
    endloop
  endfacet
  facet normal -1.000000e+00 0.000000e+00 0.000000e+00
    outer loop
      vertex 3.500000e+02 2.473323e+01 6.321353e+02
      vertex 3.500000e+02 2.496748e+01 6.320605e+02
      vertex 3.500000e+02 1.867620e+01 6.321548e+02
    endloop
  endfacet
  facet normal -1.000000e+00 0.000000e+00 0.000000e+00
    outer loop
      vertex 3.500000e+02 2.450999e+01 6.322378e+02
      vertex 3.500000e+02 2.473323e+01 6.321353e+02
      vertex 3.500000e+02 1.867620e+01 6.321548e+02
    endloop
  endfacet
  facet normal -7.915306e-07 -9.225127e-01 -3.859666e-01
    outer loop
      vertex 3.550000e+02 1.820545e+01 6.332799e+02
      vertex 3.500000e+02 1.867620e+01 6.321548e+02
      vertex 3.550000e+02 1.867625e+01 6.321546e+02
    endloop
  endfacet
  facet normal -1.000000e+00 0.000000e+00 0.000000e+00
    outer loop
      vertex 3.500000e+02 3.000000e+01 6.180000e+02
      vertex 3.500000e+02 1.940721e+01 6.298323e+02
      vertex 3.500000e+02 1.907724e+01 6.310049e+02
    endloop
  endfacet
  facet normal 7.025845e-07 -9.626136e-01 -2.708782e-01
    outer loop
      vertex 3.550000e+02 1.907727e+01 6.310048e+02
      vertex 3.500000e+02 1.907724e+01 6.310049e+02
      vertex 3.500000e+02 1.940721e+01 6.298323e+02
    endloop
  endfacet
  facet normal -1.000000e+00 0.000000e+00 0.000000e+00
    outer loop
      vertex 3.500000e+02 2.545584e+01 6.320000e+02
      vertex 3.500000e+02 3.000000e+01 6.180000e+02
      vertex 3.500000e+02 1.907724e+01 6.310049e+02
    endloop
  endfacet
  facet normal -7.009867e-07 -9.442232e-01 -3.293062e-01
    outer loop
      vertex 3.550000e+02 1.867625e+01 6.321546e+02
      vertex 3.500000e+02 1.907724e+01 6.310049e+02
      vertex 3.550000e+02 1.907727e+01 6.310048e+02
    endloop
  endfacet
  facet normal -1.000000e+00 0.000000e+00 0.000000e+00
    outer loop
      vertex 3.500000e+02 3.000000e+01 6.180000e+02
      vertex 3.500000e+02 1.966602e+01 6.286393e+02
      vertex 3.500000e+02 1.940721e+01 6.298323e+02
    endloop
  endfacet
  facet normal 6.113381e-07 -9.772669e-01 -2.120127e-01
    outer loop
      vertex 3.550000e+02 1.940723e+01 6.298322e+02
      vertex 3.500000e+02 1.940721e+01 6.298323e+02
      vertex 3.500000e+02 1.966602e+01 6.286393e+02
    endloop
  endfacet
  facet normal -5.741295e-07 -9.626150e-01 -2.708732e-01
    outer loop
      vertex 3.550000e+02 1.907727e+01 6.310048e+02
      vertex 3.500000e+02 1.940721e+01 6.298323e+02
      vertex 3.550000e+02 1.940723e+01 6.298322e+02
    endloop
  endfacet
  facet normal -1.000000e+00 0.000000e+00 0.000000e+00
    outer loop
      vertex 3.500000e+02 3.000000e+01 6.180000e+02
      vertex 3.500000e+02 1.985084e+01 6.274372e+02
      vertex 3.500000e+02 1.966602e+01 6.286393e+02
    endloop
  endfacet
  facet normal 4.470643e-07 -9.883852e-01 -1.519693e-01
    outer loop
      vertex 3.550000e+02 1.966603e+01 6.286392e+02
      vertex 3.500000e+02 1.966602e+01 6.286393e+02
      vertex 3.500000e+02 1.985084e+01 6.274372e+02
    endloop
  endfacet
  facet normal -5.029860e-07 -9.772679e-01 -2.120082e-01
    outer loop
      vertex 3.550000e+02 1.940723e+01 6.298322e+02
      vertex 3.500000e+02 1.966602e+01 6.286393e+02
      vertex 3.550000e+02 1.966603e+01 6.286392e+02
    endloop
  endfacet
  facet normal -1.000000e+00 0.000000e+00 0.000000e+00
    outer loop
      vertex 3.500000e+02 3.000000e+01 6.180000e+02
      vertex 3.500000e+02 1.996208e+01 6.262245e+02
      vertex 3.500000e+02 1.985084e+01 6.274372e+02
    endloop
  endfacet
  facet normal 3.948705e-07 -9.958198e-01 -9.134001e-02
    outer loop
      vertex 3.550000e+02 1.985085e+01 6.274372e+02
      vertex 3.500000e+02 1.985084e+01 6.274372e+02
      vertex 3.500000e+02 1.996208e+01 6.262245e+02
    endloop
  endfacet
  facet normal -2.781264e-07 -9.883857e-01 -1.519664e-01
    outer loop
      vertex 3.550000e+02 1.966603e+01 6.286392e+02
      vertex 3.500000e+02 1.985084e+01 6.274372e+02
      vertex 3.550000e+02 1.985085e+01 6.274372e+02
    endloop
  endfacet
  facet normal -1.000000e+00 0.000000e+00 0.000000e+00
    outer loop
      vertex 3.500000e+02 3.000000e+01 6.180000e+02
      vertex 3.500000e+02 2.000000e+01 6.250000e+02
      vertex 3.500000e+02 1.996208e+01 6.262245e+02
    endloop
  endfacet
  facet normal 2.933174e-07 -9.995208e-01 -3.095358e-02
    outer loop
      vertex 3.550000e+02 1.996208e+01 6.262245e+02
      vertex 3.500000e+02 1.996208e+01 6.262245e+02
      vertex 3.500000e+02 2.000000e+01 6.250000e+02
    endloop
  endfacet
  facet normal -6.041899e-08 -9.958199e-01 -9.133814e-02
    outer loop
      vertex 3.550000e+02 1.985085e+01 6.274372e+02
      vertex 3.500000e+02 1.996208e+01 6.262245e+02
      vertex 3.550000e+02 1.996208e+01 6.262245e+02
    endloop
  endfacet
  facet normal -1.000000e+00 0.000000e+00 0.000000e+00
    outer loop
      vertex 3.500000e+02 3.000000e+01 6.180000e+02
      vertex 3.500000e+02 1.995876e+01 6.237248e+02
      vertex 3.500000e+02 2.000000e+01 6.250000e+02
    endloop
  endfacet
  facet normal 0.000000e+00 -9.994774e-01 3.232422e-02
    outer loop
      vertex 3.550000e+02 2.000000e+01 6.250000e+02
      vertex 3.500000e+02 2.000000e+01 6.250000e+02
      vertex 3.500000e+02 1.995876e+01 6.237248e+02
    endloop
  endfacet
  facet normal 0.000000e+00 -9.995209e-01 -3.095238e-02
    outer loop
      vertex 3.550000e+02 1.996208e+01 6.262245e+02
      vertex 3.500000e+02 2.000000e+01 6.250000e+02
      vertex 3.550000e+02 2.000000e+01 6.250000e+02
    endloop
  endfacet
  facet normal -1.000000e+00 0.000000e+00 0.000000e+00
    outer loop
      vertex 3.500000e+02 3.000000e+01 6.180000e+02
      vertex 3.500000e+02 1.983831e+01 6.224632e+02
      vertex 3.500000e+02 1.995876e+01 6.237248e+02
    endloop
  endfacet
  facet normal 1.503343e-04 -9.954735e-01 9.503916e-02
    outer loop
      vertex 3.550000e+02 1.984071e+01 6.224804e+02
      vertex 3.500000e+02 1.995876e+01 6.237248e+02
      vertex 3.500000e+02 1.983831e+01 6.224632e+02
    endloop
  endfacet
  facet normal 2.471377e-05 -9.955212e-01 9.453892e-02
    outer loop
      vertex 3.550000e+02 1.995982e+01 6.237346e+02
      vertex 3.500000e+02 1.995876e+01 6.237248e+02
      vertex 3.550000e+02 1.984071e+01 6.224804e+02
    endloop
  endfacet
  facet normal 1.493496e-04 -9.994962e-01 3.173925e-02
    outer loop
      vertex 3.550000e+02 2.000000e+01 6.250000e+02
      vertex 3.500000e+02 1.995876e+01 6.237248e+02
      vertex 3.550000e+02 1.995982e+01 6.237346e+02
    endloop
  endfacet
  facet normal -1.000000e+00 0.000000e+00 0.000000e+00
    outer loop
      vertex 3.500000e+02 3.000000e+01 6.180000e+02
      vertex 3.500000e+02 1.963825e+01 6.212138e+02
      vertex 3.500000e+02 1.983831e+01 6.224632e+02
    endloop
  endfacet
  facet normal 1.129261e-04 -9.874208e-01 1.581143e-01
    outer loop
      vertex 3.550000e+02 1.964235e+01 6.212358e+02
      vertex 3.500000e+02 1.983831e+01 6.224632e+02
      vertex 3.500000e+02 1.963825e+01 6.212138e+02
    endloop
  endfacet
  facet normal -6.843409e-05 -9.875359e-01 1.573938e-01
    outer loop
      vertex 3.550000e+02 1.984071e+01 6.224804e+02
      vertex 3.500000e+02 1.983831e+01 6.224632e+02
      vertex 3.550000e+02 1.964235e+01 6.212358e+02
    endloop
  endfacet
  facet normal -1.000000e+00 0.000000e+00 0.000000e+00
    outer loop
      vertex 3.500000e+02 3.000000e+01 6.180000e+02
      vertex 3.500000e+02 1.935818e+01 6.199753e+02
      vertex 3.500000e+02 1.963825e+01 6.212138e+02
    endloop
  endfacet
  facet normal 1.509179e-04 -9.753722e-01 2.205655e-01
    outer loop
      vertex 3.550000e+02 1.936441e+01 6.199994e+02
      vertex 3.500000e+02 1.963825e+01 6.212138e+02
      vertex 3.500000e+02 1.935818e+01 6.199753e+02
    endloop
  endfacet
  facet normal -1.664303e-04 -9.756525e-01 2.193221e-01
    outer loop
      vertex 3.550000e+02 1.964235e+01 6.212358e+02
      vertex 3.500000e+02 1.963825e+01 6.212138e+02
      vertex 3.550000e+02 1.936441e+01 6.199994e+02
    endloop
  endfacet
  facet normal -1.000000e+00 0.000000e+00 0.000000e+00
    outer loop
      vertex 3.500000e+02 3.000000e+01 6.180000e+02
      vertex 3.500000e+02 1.900206e+01 6.187612e+02
      vertex 3.500000e+02 1.935818e+01 6.199753e+02
    endloop
  endfacet
  facet normal 1.581167e-04 -9.595698e-01 2.814709e-01
    outer loop
      vertex 3.550000e+02 1.901010e+01 6.187858e+02
      vertex 3.500000e+02 1.935818e+01 6.199753e+02
      vertex 3.500000e+02 1.900206e+01 6.187612e+02
    endloop
  endfacet
  facet normal -1.564779e-04 -9.599262e-01 2.802527e-01
    outer loop
      vertex 3.550000e+02 1.936441e+01 6.199994e+02
      vertex 3.500000e+02 1.935818e+01 6.199753e+02
      vertex 3.550000e+02 1.901010e+01 6.187858e+02
    endloop
  endfacet
  facet normal -1.000000e+00 0.000000e+00 0.000000e+00
    outer loop
      vertex 3.500000e+02 2.400000e+01 6.180000e+02
      vertex 3.500000e+02 1.856943e+01 6.175728e+02
      vertex 3.500000e+02 1.900206e+01 6.187612e+02
    endloop
  endfacet
  facet normal 1.356813e-04 -9.396717e-01 3.420776e-01
    outer loop
      vertex 3.550000e+02 1.857871e+01 6.175963e+02
      vertex 3.500000e+02 1.900206e+01 6.187612e+02
      vertex 3.500000e+02 1.856943e+01 6.175728e+02
    endloop
  endfacet
  facet normal -1.000000e+00 0.000000e+00 0.000000e+00
    outer loop
      vertex 3.500000e+02 2.400000e+01 6.180000e+02
      vertex 3.500000e+02 1.900206e+01 6.187612e+02
      vertex 3.500000e+02 3.000000e+01 6.180000e+02
    endloop
  endfacet
  facet normal -1.658925e-04 -9.400872e-01 3.409341e-01
    outer loop
      vertex 3.550000e+02 1.901010e+01 6.187858e+02
      vertex 3.500000e+02 1.900206e+01 6.187612e+02
      vertex 3.550000e+02 1.857871e+01 6.175963e+02
    endloop
  endfacet
  facet normal -1.000000e+00 0.000000e+00 0.000000e+00
    outer loop
      vertex 3.500000e+02 2.358229e+01 6.167018e+02
      vertex 3.500000e+02 1.806311e+01 6.164142e+02
      vertex 3.500000e+02 1.856943e+01 6.175728e+02
    endloop
  endfacet
  facet normal 1.471004e-04 -9.163183e-01 4.004507e-01
    outer loop
      vertex 3.550000e+02 1.807318e+01 6.164354e+02
      vertex 3.500000e+02 1.856943e+01 6.175728e+02
      vertex 3.500000e+02 1.806311e+01 6.164142e+02
    endloop
  endfacet
  facet normal -1.000000e+00 0.000000e+00 0.000000e+00
    outer loop
      vertex 3.500000e+02 2.400000e+01 6.180000e+02
      vertex 3.500000e+02 2.358229e+01 6.167018e+02
      vertex 3.500000e+02 1.856943e+01 6.175728e+02
    endloop
  endfacet
  facet normal -1.754190e-04 -9.168379e-01 3.992596e-01
    outer loop
      vertex 3.550000e+02 1.857871e+01 6.175963e+02
      vertex 3.500000e+02 1.856943e+01 6.175728e+02
      vertex 3.550000e+02 1.807318e+01 6.164354e+02
    endloop
  endfacet
  facet normal -1.000000e+00 0.000000e+00 0.000000e+00
    outer loop
      vertex 3.500000e+02 2.309738e+01 6.154341e+02
      vertex 3.500000e+02 1.748869e+01 6.152967e+02
      vertex 3.500000e+02 1.806311e+01 6.164142e+02
    endloop
  endfacet
  facet normal 1.228636e-04 -8.893945e-01 4.571405e-01
    outer loop
      vertex 3.550000e+02 1.749900e+01 6.153154e+02
      vertex 3.500000e+02 1.806311e+01 6.164142e+02
      vertex 3.500000e+02 1.748869e+01 6.152967e+02
    endloop
  endfacet
  facet normal -1.000000e+00 0.000000e+00 0.000000e+00
    outer loop
      vertex 3.500000e+02 2.358229e+01 6.167018e+02
      vertex 3.500000e+02 2.309738e+01 6.154341e+02
      vertex 3.500000e+02 1.806311e+01 6.164142e+02
    endloop
  endfacet
  facet normal -1.425914e-04 -8.898852e-01 4.561845e-01
    outer loop
      vertex 3.550000e+02 1.807318e+01 6.164354e+02
      vertex 3.500000e+02 1.806311e+01 6.164142e+02
      vertex 3.550000e+02 1.749900e+01 6.153154e+02
    endloop
  endfacet
  facet normal -1.000000e+00 0.000000e+00 0.000000e+00
    outer loop
      vertex 3.500000e+02 2.254481e+01 6.141959e+02
      vertex 3.500000e+02 1.684473e+01 6.142173e+02
      vertex 3.500000e+02 1.748869e+01 6.152967e+02
    endloop
  endfacet
  facet normal 1.040787e-04 -8.587851e-01 5.123359e-01
    outer loop
      vertex 3.550000e+02 1.685471e+01 6.142330e+02
      vertex 3.500000e+02 1.748869e+01 6.152967e+02
      vertex 3.500000e+02 1.684473e+01 6.142173e+02
    endloop
  endfacet
  facet normal -1.000000e+00 0.000000e+00 0.000000e+00
    outer loop
      vertex 3.500000e+02 2.309738e+01 6.154341e+02
      vertex 3.500000e+02 2.254481e+01 6.141959e+02
      vertex 3.500000e+02 1.748869e+01 6.152967e+02
    endloop
  endfacet
  facet normal -1.424274e-04 -8.592946e-01 5.114809e-01
    outer loop
      vertex 3.550000e+02 1.749900e+01 6.153154e+02
      vertex 3.500000e+02 1.748869e+01 6.152967e+02
      vertex 3.550000e+02 1.685471e+01 6.142330e+02
    endloop
  endfacet
  facet normal -1.000000e+00 0.000000e+00 0.000000e+00
    outer loop
      vertex 3.500000e+02 2.254481e+01 6.141959e+02
      vertex 3.500000e+02 1.613375e+01 6.131806e+02
      vertex 3.500000e+02 1.684473e+01 6.142173e+02
    endloop
  endfacet
  facet normal 9.993795e-05 -8.246725e-01 5.656106e-01
    outer loop
      vertex 3.550000e+02 1.614327e+01 6.131936e+02
      vertex 3.500000e+02 1.684473e+01 6.142173e+02
      vertex 3.500000e+02 1.613375e+01 6.131806e+02
    endloop
  endfacet
  facet normal -1.278826e-04 -8.251913e-01 5.648533e-01
    outer loop
      vertex 3.550000e+02 1.685471e+01 6.142330e+02
      vertex 3.500000e+02 1.684473e+01 6.142173e+02
      vertex 3.550000e+02 1.614327e+01 6.131936e+02
    endloop
  endfacet
  facet normal -1.000000e+00 0.000000e+00 0.000000e+00
    outer loop
      vertex 3.500000e+02 2.192387e+01 6.129861e+02
      vertex 3.500000e+02 1.535350e+01 6.121842e+02
      vertex 3.500000e+02 1.613375e+01 6.131806e+02
    endloop
  endfacet
  facet normal 8.389162e-05 -7.873511e-01 6.165048e-01
    outer loop
      vertex 3.550000e+02 1.536245e+01 6.121949e+02
      vertex 3.500000e+02 1.613375e+01 6.131806e+02
      vertex 3.500000e+02 1.535350e+01 6.121842e+02
    endloop
  endfacet
  facet normal -1.000000e+00 0.000000e+00 0.000000e+00
    outer loop
      vertex 3.500000e+02 2.254481e+01 6.141959e+02
      vertex 3.500000e+02 2.192387e+01 6.129861e+02
      vertex 3.500000e+02 1.613375e+01 6.131806e+02
    endloop
  endfacet
  facet normal -1.008679e-04 -7.878059e-01 6.159235e-01
    outer loop
      vertex 3.550000e+02 1.614327e+01 6.131936e+02
      vertex 3.500000e+02 1.613375e+01 6.131806e+02
      vertex 3.550000e+02 1.536245e+01 6.121949e+02
    endloop
  endfacet
  facet normal -1.000000e+00 0.000000e+00 0.000000e+00
    outer loop
      vertex 3.500000e+02 2.123954e+01 6.118136e+02
      vertex 3.500000e+02 1.451018e+01 6.112359e+02
      vertex 3.500000e+02 1.535350e+01 6.121842e+02
    endloop
  endfacet
  facet normal 7.380966e-05 -7.472510e-01 6.645419e-01
    outer loop
      vertex 3.550000e+02 1.451856e+01 6.112447e+02
      vertex 3.500000e+02 1.535350e+01 6.121842e+02
      vertex 3.500000e+02 1.451018e+01 6.112359e+02
    endloop
  endfacet
  facet normal -1.000000e+00 0.000000e+00 0.000000e+00
    outer loop
      vertex 3.500000e+02 2.192387e+01 6.129861e+02
      vertex 3.500000e+02 2.123954e+01 6.118136e+02
      vertex 3.500000e+02 1.535350e+01 6.121842e+02
    endloop
  endfacet
  facet normal -8.932960e-05 -7.476822e-01 6.640568e-01
    outer loop
      vertex 3.550000e+02 1.536245e+01 6.121949e+02
      vertex 3.500000e+02 1.535350e+01 6.121842e+02
      vertex 3.550000e+02 1.451856e+01 6.112447e+02
    endloop
  endfacet
  facet normal -1.000000e+00 0.000000e+00 0.000000e+00
    outer loop
      vertex 3.500000e+02 2.049244e+01 6.106804e+02
      vertex 3.500000e+02 1.361099e+01 6.103463e+02
      vertex 3.500000e+02 1.451018e+01 6.112359e+02
    endloop
  endfacet
  facet normal 7.148306e-05 -7.033180e-01 7.108753e-01
    outer loop
      vertex 3.550000e+02 1.361898e+01 6.103537e+02
      vertex 3.500000e+02 1.451018e+01 6.112359e+02
      vertex 3.500000e+02 1.361099e+01 6.103463e+02
    endloop
  endfacet
  facet normal -1.000000e+00 0.000000e+00 0.000000e+00
    outer loop
      vertex 3.500000e+02 2.123954e+01 6.118136e+02
      vertex 3.500000e+02 2.049244e+01 6.106804e+02
      vertex 3.500000e+02 1.451018e+01 6.112359e+02
    endloop
  endfacet
  facet normal -8.037319e-05 -7.037483e-01 7.104494e-01
    outer loop
      vertex 3.550000e+02 1.451856e+01 6.112447e+02
      vertex 3.500000e+02 1.451018e+01 6.112359e+02
      vertex 3.550000e+02 1.361898e+01 6.103537e+02
    endloop
  endfacet
  facet normal -1.000000e+00 0.000000e+00 0.000000e+00
    outer loop
      vertex 3.500000e+02 1.968408e+01 6.095879e+02
      vertex 3.500000e+02 1.265385e+01 6.095122e+02
      vertex 3.500000e+02 1.361099e+01 6.103463e+02
    endloop
  endfacet
  facet normal 5.945067e-05 -6.569502e-01 7.539340e-01
    outer loop
      vertex 3.550000e+02 1.266158e+01 6.095186e+02
      vertex 3.500000e+02 1.361099e+01 6.103463e+02
      vertex 3.500000e+02 1.265385e+01 6.095122e+02
    endloop
  endfacet
  facet normal -1.000000e+00 0.000000e+00 0.000000e+00
    outer loop
      vertex 3.500000e+02 2.049244e+01 6.106804e+02
      vertex 3.500000e+02 1.968408e+01 6.095879e+02
      vertex 3.500000e+02 1.361099e+01 6.103463e+02
    endloop
  endfacet
  facet normal -6.519421e-05 -6.573232e-01 7.536088e-01
    outer loop
      vertex 3.550000e+02 1.361898e+01 6.103537e+02
      vertex 3.500000e+02 1.361099e+01 6.103463e+02
      vertex 3.550000e+02 1.266158e+01 6.095186e+02
    endloop
  endfacet
  facet normal -1.000000e+00 0.000000e+00 0.000000e+00
    outer loop
      vertex 3.500000e+02 1.881986e+01 6.085437e+02
      vertex 3.500000e+02 1.164896e+01 6.087427e+02
      vertex 3.500000e+02 1.265385e+01 6.095122e+02
    endloop
  endfacet
  facet normal 6.309193e-05 -6.079904e-01 7.939444e-01
    outer loop
      vertex 3.550000e+02 1.165673e+01 6.087483e+02
      vertex 3.500000e+02 1.265385e+01 6.095122e+02
      vertex 3.500000e+02 1.164896e+01 6.087427e+02
    endloop
  endfacet
  facet normal -1.000000e+00 0.000000e+00 0.000000e+00
    outer loop
      vertex 3.500000e+02 1.968408e+01 6.095879e+02
      vertex 3.500000e+02 1.881986e+01 6.085437e+02
      vertex 3.500000e+02 1.265385e+01 6.095122e+02
    endloop
  endfacet
  facet normal -6.592890e-05 -6.083980e-01 7.936320e-01
    outer loop
      vertex 3.550000e+02 1.266158e+01 6.095186e+02
      vertex 3.500000e+02 1.265385e+01 6.095122e+02
      vertex 3.550000e+02 1.165673e+01 6.087483e+02
    endloop
  endfacet
  facet normal -1.000000e+00 0.000000e+00 0.000000e+00
    outer loop
      vertex 3.500000e+02 1.881986e+01 6.085437e+02
      vertex 3.500000e+02 1.059423e+01 6.080370e+02
      vertex 3.500000e+02 1.164896e+01 6.087427e+02
    endloop
  endfacet
  facet normal 6.100982e-05 -5.560902e-01 8.311220e-01
    outer loop
      vertex 3.550000e+02 1.060235e+01 6.080421e+02
      vertex 3.500000e+02 1.164896e+01 6.087427e+02
      vertex 3.500000e+02 1.059423e+01 6.080370e+02
    endloop
  endfacet
  facet normal -5.790321e-05 -5.564825e-01 8.308594e-01
    outer loop
      vertex 3.550000e+02 1.165673e+01 6.087483e+02
      vertex 3.500000e+02 1.164896e+01 6.087427e+02
      vertex 3.550000e+02 1.060235e+01 6.080421e+02
    endloop
  endfacet
  facet normal -1.000000e+00 0.000000e+00 0.000000e+00
    outer loop
      vertex 3.500000e+02 1.789790e+01 6.075456e+02
      vertex 3.500000e+02 9.497872e+00 6.073993e+02
      vertex 3.500000e+02 1.059423e+01 6.080370e+02
    endloop
  endfacet
  facet normal 6.099987e-05 -5.027950e-01 8.644057e-01
    outer loop
      vertex 3.550000e+02 9.506657e+00 6.074040e+02
      vertex 3.500000e+02 1.059423e+01 6.080370e+02
      vertex 3.500000e+02 9.497872e+00 6.073993e+02
    endloop
  endfacet
  facet normal -1.000000e+00 0.000000e+00 0.000000e+00
    outer loop
      vertex 3.500000e+02 1.881986e+01 6.085437e+02
      vertex 3.500000e+02 1.789790e+01 6.075456e+02
      vertex 3.500000e+02 1.059423e+01 6.080370e+02
    endloop
  endfacet
  facet normal -5.835638e-05 -5.032049e-01 8.641671e-01
    outer loop
      vertex 3.550000e+02 1.060235e+01 6.080421e+02
      vertex 3.500000e+02 1.059423e+01 6.080370e+02
      vertex 3.550000e+02 9.506657e+00 6.074040e+02
    endloop
  endfacet
  facet normal -1.000000e+00 0.000000e+00 0.000000e+00
    outer loop
      vertex 3.500000e+02 1.692476e+01 6.066002e+02
      vertex 3.500000e+02 8.368325e+00 6.068350e+02
      vertex 3.500000e+02 9.497872e+00 6.073993e+02
    endloop
  endfacet
  facet normal 7.797272e-05 -4.468820e-01 8.945929e-01
    outer loop
      vertex 3.550000e+02 8.378240e+00 6.068396e+02
      vertex 3.500000e+02 9.497872e+00 6.073993e+02
      vertex 3.500000e+02 8.368325e+00 6.068350e+02
    endloop
  endfacet
  facet normal -1.000000e+00 0.000000e+00 0.000000e+00
    outer loop
      vertex 3.500000e+02 1.789790e+01 6.075456e+02
      vertex 3.500000e+02 1.692476e+01 6.066002e+02
      vertex 3.500000e+02 9.497872e+00 6.073993e+02
    endloop
  endfacet
  facet normal -6.482236e-05 -4.473922e-01 8.943379e-01
    outer loop
      vertex 3.550000e+02 9.506657e+00 6.074040e+02
      vertex 3.500000e+02 9.497872e+00 6.073993e+02
      vertex 3.550000e+02 8.378240e+00 6.068396e+02
    endloop
  endfacet
  facet normal -1.000000e+00 0.000000e+00 0.000000e+00
    outer loop
      vertex 3.500000e+02 1.692476e+01 6.066002e+02
      vertex 3.500000e+02 7.203486e+00 6.063426e+02
      vertex 3.500000e+02 8.368325e+00 6.068350e+02
    endloop
  endfacet
  facet normal 8.484625e-05 -3.893786e-01 9.210778e-01
    outer loop
      vertex 3.550000e+02 7.214895e+00 6.063470e+02
      vertex 3.500000e+02 8.368325e+00 6.068350e+02
      vertex 3.500000e+02 7.203486e+00 6.063426e+02
    endloop
  endfacet
  facet normal -5.872700e-05 -3.899065e-01 9.208545e-01
    outer loop
      vertex 3.550000e+02 8.378240e+00 6.068396e+02
      vertex 3.500000e+02 8.368325e+00 6.068350e+02
      vertex 3.550000e+02 7.214895e+00 6.063470e+02
    endloop
  endfacet
  facet normal -1.000000e+00 0.000000e+00 0.000000e+00
    outer loop
      vertex 3.500000e+02 1.590153e+01 6.057093e+02
      vertex 3.500000e+02 6.016242e+00 6.059263e+02
      vertex 3.500000e+02 7.203486e+00 6.063426e+02
    endloop
  endfacet
  facet normal 8.335806e-05 -3.309307e-01 9.436550e-01
    outer loop
      vertex 3.550000e+02 6.028859e+00 6.059302e+02
      vertex 3.500000e+02 7.203486e+00 6.063426e+02
      vertex 3.500000e+02 6.016242e+00 6.059263e+02
    endloop
  endfacet
  facet normal -1.000000e+00 0.000000e+00 0.000000e+00
    outer loop
      vertex 3.500000e+02 1.692476e+01 6.066002e+02
      vertex 3.500000e+02 1.590153e+01 6.057093e+02
      vertex 3.500000e+02 7.203486e+00 6.063426e+02
    endloop
  endfacet
  facet normal -6.675143e-05 -3.314996e-01 9.434554e-01
    outer loop
      vertex 3.550000e+02 7.214895e+00 6.063470e+02
      vertex 3.500000e+02 7.203486e+00 6.063426e+02
      vertex 3.550000e+02 6.028859e+00 6.059302e+02
    endloop
  endfacet
  facet normal -1.000000e+00 0.000000e+00 0.000000e+00
    outer loop
      vertex 3.500000e+02 1.590153e+01 6.057093e+02
      vertex 3.500000e+02 4.805572e+00 6.055858e+02
      vertex 3.500000e+02 6.016242e+00 6.059263e+02
    endloop
  endfacet
  facet normal 1.077791e-04 -2.707132e-01 9.626600e-01
    outer loop
      vertex 3.550000e+02 4.819369e+00 6.055891e+02
      vertex 3.500000e+02 6.016242e+00 6.059263e+02
      vertex 3.500000e+02 4.805572e+00 6.055858e+02
    endloop
  endfacet
  facet normal -8.172664e-05 -2.714467e-01 9.624535e-01
    outer loop
      vertex 3.550000e+02 6.028859e+00 6.059302e+02
      vertex 3.500000e+02 6.016242e+00 6.059263e+02
      vertex 3.550000e+02 4.819369e+00 6.055891e+02
    endloop
  endfacet
  facet normal -1.000000e+00 0.000000e+00 0.000000e+00
    outer loop
      vertex 3.500000e+02 1.483002e+01 6.048737e+02
      vertex 3.500000e+02 3.576021e+00 6.053222e+02
      vertex 3.500000e+02 4.805572e+00 6.055858e+02
    endloop
  endfacet
  facet normal 9.697079e-05 -2.095917e-01 9.777890e-01
    outer loop
      vertex 3.550000e+02 3.590099e+00 6.053248e+02
      vertex 3.500000e+02 4.805572e+00 6.055858e+02
      vertex 3.500000e+02 3.576021e+00 6.053222e+02
    endloop
  endfacet
  facet normal -1.000000e+00 0.000000e+00 0.000000e+00
    outer loop
      vertex 3.500000e+02 1.590153e+01 6.057093e+02
      vertex 3.500000e+02 1.483002e+01 6.048737e+02
      vertex 3.500000e+02 4.805572e+00 6.055858e+02
    endloop
  endfacet
  facet normal -6.903270e-05 -2.102445e-01 9.776488e-01
    outer loop
      vertex 3.550000e+02 4.819369e+00 6.055891e+02
      vertex 3.500000e+02 4.805572e+00 6.055858e+02
      vertex 3.550000e+02 3.590099e+00 6.053248e+02
    endloop
  endfacet
  facet normal -1.000000e+00 0.000000e+00 0.000000e+00
    outer loop
      vertex 3.500000e+02 1.483002e+01 6.048737e+02
      vertex 3.500000e+02 2.330023e+00 6.051367e+02
      vertex 3.500000e+02 3.576021e+00 6.053222e+02
    endloop
  endfacet
  facet normal 6.483129e-05 -1.473177e-01 9.890892e-01
    outer loop
      vertex 3.550000e+02 2.342569e+00 6.051382e+02
      vertex 3.500000e+02 3.576021e+00 6.053222e+02
      vertex 3.500000e+02 2.330023e+00 6.051367e+02
    endloop
  endfacet
  facet normal -8.238594e-05 -1.479014e-01 9.890021e-01
    outer loop
      vertex 3.550000e+02 3.590099e+00 6.053248e+02
      vertex 3.500000e+02 3.576021e+00 6.053222e+02
      vertex 3.550000e+02 2.342569e+00 6.051382e+02
    endloop
  endfacet
  facet normal -1.000000e+00 0.000000e+00 0.000000e+00
    outer loop
      vertex 3.500000e+02 1.483002e+01 6.048737e+02
      vertex 3.500000e+02 1.068786e+00 6.050289e+02
      vertex 3.500000e+02 2.330023e+00 6.051367e+02
    endloop
  endfacet
  facet normal 6.731455e-05 -8.514595e-02 9.963685e-01
    outer loop
      vertex 3.550000e+02 1.078411e+00 6.050294e+02
      vertex 3.500000e+02 2.330023e+00 6.051367e+02
      vertex 3.500000e+02 1.068786e+00 6.050289e+02
    endloop
  endfacet
  facet normal -9.181373e-05 -8.577700e-02 9.963144e-01
    outer loop
      vertex 3.550000e+02 2.342569e+00 6.051382e+02
      vertex 3.500000e+02 2.330023e+00 6.051367e+02
      vertex 3.550000e+02 1.078411e+00 6.050294e+02
    endloop
  endfacet
  facet normal -1.000000e+00 0.000000e+00 0.000000e+00
    outer loop
      vertex 3.500000e+02 1.483002e+01 6.048737e+02
      vertex 3.500000e+02 -1.916911e-01 6.050010e+02
      vertex 3.500000e+02 1.068786e+00 6.050289e+02
    endloop
  endfacet
  facet normal 2.375366e-05 -2.212022e-02 9.997553e-01
    outer loop
      vertex 3.550000e+02 -1.860697e-01 6.050010e+02
      vertex 3.500000e+02 1.068786e+00 6.050289e+02
      vertex 3.500000e+02 -1.916911e-01 6.050010e+02
    endloop
  endfacet
  facet normal -5.374341e-05 -2.242885e-02 9.997484e-01
    outer loop
      vertex 3.550000e+02 1.078411e+00 6.050294e+02
      vertex 3.500000e+02 1.068786e+00 6.050289e+02
      vertex 3.550000e+02 -1.860697e-01 6.050010e+02
    endloop
  endfacet
  facet normal -1.356464e-05 4.136266e-02 9.991442e-01
    outer loop
      vertex 3.550000e+02 -1.454155e+00 6.050533e+02
      vertex 3.500000e+02 -1.916911e-01 6.050010e+02
      vertex 3.500000e+02 -1.454429e+00 6.050533e+02
    endloop
  endfacet
  facet normal -4.746708e-05 4.122862e-02 9.991497e-01
    outer loop
      vertex 3.550000e+02 -1.860697e-01 6.050010e+02
      vertex 3.500000e+02 -1.916911e-01 6.050010e+02
      vertex 3.550000e+02 -1.454155e+00 6.050533e+02
    endloop
  endfacet
  facet normal -1.694094e-05 1.039369e-01 9.945839e-01
    outer loop
      vertex 3.550000e+02 -1.454155e+00 6.050533e+02
      vertex 3.500000e+02 -1.454429e+00 6.050533e+02
      vertex 3.500000e+02 -2.709677e+00 6.051844e+02
    endloop
  endfacet
  facet normal 3.484136e-05 1.667601e-01 9.859975e-01
    outer loop
      vertex 3.550000e+02 -2.715132e+00 6.051852e+02
      vertex 3.500000e+02 -2.709677e+00 6.051844e+02
      vertex 3.500000e+02 -3.951917e+00 6.053945e+02
    endloop
  endfacet
  facet normal -3.490414e-05 1.040076e-01 9.945765e-01
    outer loop
      vertex 3.550000e+02 -1.454155e+00 6.050533e+02
      vertex 3.500000e+02 -2.709677e+00 6.051844e+02
      vertex 3.550000e+02 -2.715132e+00 6.051852e+02
    endloop
  endfacet
  facet normal 5.812689e-05 2.283993e-01 9.735675e-01
    outer loop
      vertex 3.550000e+02 -3.963012e+00 6.053968e+02
      vertex 3.500000e+02 -3.951917e+00 6.053945e+02
      vertex 3.500000e+02 -5.181145e+00 6.056829e+02
    endloop
  endfacet
  facet normal -8.330769e-05 1.672244e-01 9.859189e-01
    outer loop
      vertex 3.550000e+02 -2.715132e+00 6.051852e+02
      vertex 3.500000e+02 -3.951917e+00 6.053945e+02
      vertex 3.550000e+02 -3.963012e+00 6.053968e+02
    endloop
  endfacet
  facet normal 9.412782e-05 2.892601e-01 9.572505e-01
    outer loop
      vertex 3.550000e+02 -5.197800e+00 6.056875e+02
      vertex 3.500000e+02 -5.181145e+00 6.056829e+02
      vertex 3.500000e+02 -6.385426e+00 6.060468e+02
    endloop
  endfacet
  facet normal -1.209535e-04 2.290959e-01 9.734038e-01
    outer loop
      vertex 3.550000e+02 -3.963012e+00 6.053968e+02
      vertex 3.500000e+02 -5.181145e+00 6.056829e+02
      vertex 3.550000e+02 -5.197800e+00 6.056875e+02
    endloop
  endfacet
  facet normal 1.431584e-04 3.491231e-01 9.370769e-01
    outer loop
      vertex 3.550000e+02 -6.406548e+00 6.060539e+02
      vertex 3.500000e+02 -6.385426e+00 6.060468e+02
      vertex 3.500000e+02 -7.567821e+00 6.064873e+02
    endloop
  endfacet
  facet normal -1.343028e-04 2.901411e-01 9.569839e-01
    outer loop
      vertex 3.550000e+02 -5.197800e+00 6.056875e+02
      vertex 3.500000e+02 -6.385426e+00 6.060468e+02
      vertex 3.550000e+02 -6.406548e+00 6.060539e+02
    endloop
  endfacet
  facet normal 1.530963e-04 4.071987e-01 9.133396e-01
    outer loop
      vertex 3.550000e+02 -7.592441e+00 6.064975e+02
      vertex 3.500000e+02 -7.567821e+00 6.064873e+02
      vertex 3.500000e+02 -8.718518e+00 6.070004e+02
    endloop
  endfacet
  facet normal -1.741874e-04 3.503224e-01 9.366292e-01
    outer loop
      vertex 3.550000e+02 -6.406548e+00 6.060539e+02
      vertex 3.500000e+02 -7.567821e+00 6.064873e+02
      vertex 3.550000e+02 -7.592441e+00 6.064975e+02
    endloop
  endfacet
  facet normal 1.840113e-04 4.642069e-01 8.857268e-01
    outer loop
      vertex 3.550000e+02 -8.745499e+00 6.070135e+02
      vertex 3.500000e+02 -8.718518e+00 6.070004e+02
      vertex 3.500000e+02 -9.834126e+00 6.075851e+02
    endloop
  endfacet
  facet normal -1.876889e-04 4.084602e-01 9.127761e-01
    outer loop
      vertex 3.550000e+02 -7.592441e+00 6.064975e+02
      vertex 3.500000e+02 -8.718518e+00 6.070004e+02
      vertex 3.550000e+02 -8.745499e+00 6.070135e+02
    endloop
  endfacet
  facet normal 2.018742e-04 5.188509e-01 8.548648e-01
    outer loop
      vertex 3.550000e+02 -9.862108e+00 6.076009e+02
      vertex 3.500000e+02 -9.834126e+00 6.075851e+02
      vertex 3.500000e+02 -1.091333e+01 6.082401e+02
    endloop
  endfacet
  facet normal -1.916633e-04 4.655595e-01 8.850166e-01
    outer loop
      vertex 3.550000e+02 -8.745499e+00 6.070135e+02
      vertex 3.500000e+02 -9.834126e+00 6.075851e+02
      vertex 3.550000e+02 -9.862108e+00 6.076009e+02
    endloop
  endfacet
  facet normal 1.939826e-04 5.718025e-01 8.203913e-01
    outer loop
      vertex 3.550000e+02 -1.094114e+01 6.082583e+02
      vertex 3.500000e+02 -1.091333e+01 6.082401e+02
      vertex 3.500000e+02 -1.194601e+01 6.089598e+02
    endloop
  endfacet
  facet normal -2.148042e-04 5.202977e-01 8.539849e-01
    outer loop
      vertex 3.550000e+02 -9.862108e+00 6.076009e+02
      vertex 3.500000e+02 -1.091333e+01 6.082401e+02
      vertex 3.550000e+02 -1.094114e+01 6.082583e+02
    endloop
  endfacet
  facet normal 2.148042e-04 6.223848e-01 7.827114e-01
    outer loop
      vertex 3.550000e+02 -1.197268e+01 6.089797e+02
      vertex 3.500000e+02 -1.194601e+01 6.089598e+02
      vertex 3.500000e+02 -1.293499e+01 6.097462e+02
    endloop
  endfacet
  facet normal -1.939826e-04 5.731003e-01 8.194852e-01
    outer loop
      vertex 3.550000e+02 -1.094114e+01 6.082583e+02
      vertex 3.500000e+02 -1.194601e+01 6.089598e+02
      vertex 3.550000e+02 -1.197268e+01 6.089797e+02
    endloop
  endfacet
  facet normal 1.916633e-04 6.703785e-01 7.420193e-01
    outer loop
      vertex 3.550000e+02 -1.295946e+01 6.097671e+02
      vertex 3.500000e+02 -1.293499e+01 6.097462e+02
      vertex 3.500000e+02 -1.387118e+01 6.105920e+02
    endloop
  endfacet
  facet normal -2.018742e-04 6.237094e-01 7.816563e-01
    outer loop
      vertex 3.550000e+02 -1.197268e+01 6.089797e+02
      vertex 3.500000e+02 -1.293499e+01 6.097462e+02
      vertex 3.550000e+02 -1.295946e+01 6.097671e+02
    endloop
  endfacet
  facet normal 1.876889e-04 7.161141e-01 6.979832e-01
    outer loop
      vertex 3.550000e+02 -1.389277e+01 6.106128e+02
      vertex 3.500000e+02 -1.387118e+01 6.105920e+02
      vertex 3.500000e+02 -1.475290e+01 6.114967e+02
    endloop
  endfacet
  facet normal -1.840113e-04 6.715113e-01 7.409943e-01
    outer loop
      vertex 3.550000e+02 -1.295946e+01 6.097671e+02
      vertex 3.500000e+02 -1.387118e+01 6.105920e+02
      vertex 3.550000e+02 -1.389277e+01 6.106128e+02
    endloop
  endfacet
  facet normal 1.741874e-04 7.585404e-01 6.516260e-01
    outer loop
      vertex 3.550000e+02 -1.477090e+01 6.115163e+02
      vertex 3.500000e+02 -1.475290e+01 6.114967e+02
      vertex 3.500000e+02 -1.557794e+01 6.124571e+02
    endloop
  endfacet
  facet normal -1.530963e-04 7.170778e-01 6.969931e-01
    outer loop
      vertex 3.550000e+02 -1.389277e+01 6.106128e+02
      vertex 3.500000e+02 -1.475290e+01 6.114967e+02
      vertex 3.550000e+02 -1.477090e+01 6.115163e+02
    endloop
  endfacet
  facet normal 1.343028e-04 7.983867e-01 6.021450e-01
    outer loop
      vertex 3.550000e+02 -1.559189e+01 6.124744e+02
      vertex 3.500000e+02 -1.557794e+01 6.124571e+02
      vertex 3.500000e+02 -1.633850e+01 6.134655e+02
    endloop
  endfacet
  facet normal -1.431584e-04 7.593739e-01 6.506545e-01
    outer loop
      vertex 3.550000e+02 -1.477090e+01 6.115163e+02
      vertex 3.500000e+02 -1.557794e+01 6.124571e+02
      vertex 3.550000e+02 -1.559189e+01 6.124744e+02
    endloop
  endfacet
  facet normal 1.209535e-04 8.348370e-01 5.504972e-01
    outer loop
      vertex 3.550000e+02 -1.634850e+01 6.134796e+02
      vertex 3.500000e+02 -1.633850e+01 6.134655e+02
      vertex 3.500000e+02 -1.703682e+01 6.145245e+02
    endloop
  endfacet
  facet normal -9.412782e-05 7.989407e-01 6.014099e-01
    outer loop
      vertex 3.550000e+02 -1.559189e+01 6.124744e+02
      vertex 3.500000e+02 -1.633850e+01 6.134655e+02
      vertex 3.550000e+02 -1.634850e+01 6.134796e+02
    endloop
  endfacet
  facet normal 8.330769e-05 8.679063e-01 4.967279e-01
    outer loop
      vertex 3.550000e+02 -1.704281e+01 6.145341e+02
      vertex 3.500000e+02 -1.703682e+01 6.145245e+02
      vertex 3.500000e+02 -1.766553e+01 6.156230e+02
    endloop
  endfacet
  facet normal -5.812689e-05 8.352308e-01 5.498996e-01
    outer loop
      vertex 3.550000e+02 -1.634850e+01 6.134796e+02
      vertex 3.500000e+02 -1.703682e+01 6.145245e+02
      vertex 3.550000e+02 -1.704281e+01 6.145341e+02
    endloop
  endfacet
  facet normal 3.490414e-05 8.978181e-01 4.403665e-01
    outer loop
      vertex 3.550000e+02 -1.766811e+01 6.156279e+02
      vertex 3.500000e+02 -1.766553e+01 6.156230e+02
      vertex 3.500000e+02 -1.822385e+01 6.167613e+02
    endloop
  endfacet
  facet normal -3.484136e-05 8.681401e-01 4.963191e-01
    outer loop
      vertex 3.550000e+02 -1.704281e+01 6.145341e+02
      vertex 3.500000e+02 -1.766553e+01 6.156230e+02
      vertex 3.550000e+02 -1.766811e+01 6.156279e+02
    endloop
  endfacet
  facet normal 4.746708e-05 9.237447e-01 3.830087e-01
    outer loop
      vertex 3.550000e+02 -1.870802e+01 6.179284e+02
      vertex 3.500000e+02 -1.822385e+01 6.167613e+02
      vertex 3.500000e+02 -1.870995e+01 6.179337e+02
    endloop
  endfacet
  facet normal 1.356464e-05 9.236934e-01 3.831326e-01
    outer loop
      vertex 3.550000e+02 -1.822381e+01 6.167610e+02
      vertex 3.500000e+02 -1.822385e+01 6.167613e+02
      vertex 3.550000e+02 -1.870802e+01 6.179284e+02
    endloop
  endfacet
  facet normal 1.694094e-05 8.978494e-01 4.403027e-01
    outer loop
      vertex 3.550000e+02 -1.766811e+01 6.156279e+02
      vertex 3.500000e+02 -1.822385e+01 6.167613e+02
      vertex 3.550000e+02 -1.822381e+01 6.167610e+02
    endloop
  endfacet
  facet normal 5.374341e-05 9.462430e-01 3.234565e-01
    outer loop
      vertex 3.550000e+02 -1.911620e+01 6.191213e+02
      vertex 3.500000e+02 -1.870995e+01 6.179337e+02
      vertex 3.500000e+02 -1.911906e+01 6.191305e+02
    endloop
  endfacet
  facet normal -2.375366e-05 9.461431e-01 3.237486e-01
    outer loop
      vertex 3.550000e+02 -1.870802e+01 6.179284e+02
      vertex 3.500000e+02 -1.870995e+01 6.179337e+02
      vertex 3.550000e+02 -1.911620e+01 6.191213e+02
    endloop
  endfacet
  facet normal -1.000000e+00 0.000000e+00 0.000000e+00
    outer loop
      vertex 3.500000e+02 -3.000000e+01 6.320000e+02
      vertex 3.500000e+02 -1.945251e+01 6.203547e+02
      vertex 3.500000e+02 -1.911906e+01 6.191305e+02
    endloop
  endfacet
  facet normal 9.181373e-05 9.648490e-01 2.628050e-01
    outer loop
      vertex 3.550000e+02 -1.944964e+01 6.203424e+02
      vertex 3.500000e+02 -1.911906e+01 6.191305e+02
      vertex 3.500000e+02 -1.945251e+01 6.203547e+02
    endloop
  endfacet
  facet normal -6.731455e-05 9.646823e-01 2.634161e-01
    outer loop
      vertex 3.550000e+02 -1.911620e+01 6.191213e+02
      vertex 3.500000e+02 -1.911906e+01 6.191305e+02
      vertex 3.550000e+02 -1.944964e+01 6.203424e+02
    endloop
  endfacet
  facet normal -1.000000e+00 0.000000e+00 0.000000e+00
    outer loop
      vertex 3.500000e+02 -3.000000e+01 6.320000e+02
      vertex 3.500000e+02 -1.970727e+01 6.215902e+02
      vertex 3.500000e+02 -1.945251e+01 6.203547e+02
    endloop
  endfacet
  facet normal 8.238594e-05 9.793925e-01 2.019659e-01
    outer loop
      vertex 3.550000e+02 -1.970479e+01 6.215761e+02
      vertex 3.500000e+02 -1.945251e+01 6.203547e+02
      vertex 3.500000e+02 -1.970727e+01 6.215902e+02
    endloop
  endfacet
  facet normal -6.483129e-05 9.792732e-01 2.025440e-01
    outer loop
      vertex 3.550000e+02 -1.944964e+01 6.203424e+02
      vertex 3.500000e+02 -1.945251e+01 6.203547e+02
      vertex 3.550000e+02 -1.970479e+01 6.215761e+02
    endloop
  endfacet
  facet normal -1.000000e+00 0.000000e+00 0.000000e+00
    outer loop
      vertex 3.500000e+02 -3.000000e+01 6.320000e+02
      vertex 3.500000e+02 -1.988271e+01 6.228352e+02
      vertex 3.500000e+02 -1.970727e+01 6.215902e+02
    endloop
  endfacet
  facet normal 6.903270e-05 9.902180e-01 1.395290e-01
    outer loop
      vertex 3.550000e+02 -1.988108e+01 6.228211e+02
      vertex 3.500000e+02 -1.970727e+01 6.215902e+02
      vertex 3.500000e+02 -1.988271e+01 6.228352e+02
    endloop
  endfacet
  facet normal -9.697079e-05 9.901246e-01 1.401901e-01
    outer loop
      vertex 3.550000e+02 -1.970479e+01 6.215761e+02
      vertex 3.500000e+02 -1.970727e+01 6.215902e+02
      vertex 3.550000e+02 -1.988108e+01 6.228211e+02
    endloop
  endfacet
  facet normal -1.000000e+00 0.000000e+00 0.000000e+00
    outer loop
      vertex 3.500000e+02 -3.000000e+01 6.320000e+02
      vertex 3.500000e+02 -1.997928e+01 6.240882e+02
      vertex 3.500000e+02 -1.988271e+01 6.228352e+02
    endloop
  endfacet
  facet normal 8.172664e-05 9.970435e-01 7.683917e-02
    outer loop
      vertex 3.550000e+02 -1.997867e+01 6.240750e+02
      vertex 3.500000e+02 -1.988271e+01 6.228352e+02
      vertex 3.500000e+02 -1.997928e+01 6.240882e+02
    endloop
  endfacet
  facet normal -1.077791e-04 9.969847e-01 7.759891e-02
    outer loop
      vertex 3.550000e+02 -1.988108e+01 6.228211e+02
      vertex 3.500000e+02 -1.988271e+01 6.228352e+02
      vertex 3.550000e+02 -1.997867e+01 6.240750e+02
    endloop
  endfacet
  facet normal -1.000000e+00 0.000000e+00 0.000000e+00
    outer loop
      vertex 3.500000e+02 -3.000000e+01 6.320000e+02
      vertex 3.500000e+02 -1.999677e+01 6.253452e+02
      vertex 3.500000e+02 -1.997928e+01 6.240882e+02
    endloop
  endfacet
  facet normal 6.675143e-05 9.999031e-01 1.391777e-02
    outer loop
      vertex 3.550000e+02 -1.999694e+01 6.253330e+02
      vertex 3.500000e+02 -1.997928e+01 6.240882e+02
      vertex 3.500000e+02 -1.999677e+01 6.253452e+02
    endloop
  endfacet
  facet normal -8.335806e-05 9.998946e-01 1.452060e-02
    outer loop
      vertex 3.550000e+02 -1.997867e+01 6.240750e+02
      vertex 3.500000e+02 -1.997928e+01 6.240882e+02
      vertex 3.550000e+02 -1.999694e+01 6.253330e+02
    endloop
  endfacet
  facet normal -1.000000e+00 0.000000e+00 0.000000e+00
    outer loop
      vertex 3.500000e+02 -3.000000e+01 6.320000e+02
      vertex 3.500000e+02 -1.993525e+01 6.266070e+02
      vertex 3.500000e+02 -1.999677e+01 6.253452e+02
    endloop
  endfacet
  facet normal 5.872700e-05 9.988135e-01 -4.869991e-02
    outer loop
      vertex 3.550000e+02 -1.993607e+01 6.265962e+02
      vertex 3.500000e+02 -1.999677e+01 6.253452e+02
      vertex 3.500000e+02 -1.993525e+01 6.266070e+02
    endloop
  endfacet
  facet normal -8.484625e-05 9.988412e-01 -4.812741e-02
    outer loop
      vertex 3.550000e+02 -1.999694e+01 6.253330e+02
      vertex 3.500000e+02 -1.999677e+01 6.253452e+02
      vertex 3.550000e+02 -1.993607e+01 6.265962e+02
    endloop
  endfacet
  facet normal -1.000000e+00 0.000000e+00 0.000000e+00
    outer loop
      vertex 3.500000e+02 -3.000000e+01 6.320000e+02
      vertex 3.500000e+02 -1.979418e+01 6.278608e+02
      vertex 3.500000e+02 -1.993525e+01 6.266070e+02
    endloop
  endfacet
  facet normal 6.482236e-05 9.937305e-01 -1.118022e-01
    outer loop
      vertex 3.550000e+02 -1.979562e+01 6.278510e+02
      vertex 3.500000e+02 -1.993525e+01 6.266070e+02
      vertex 3.500000e+02 -1.979418e+01 6.278608e+02
    endloop
  endfacet
  facet normal -7.797272e-05 9.937941e-01 -1.112354e-01
    outer loop
      vertex 3.550000e+02 -1.993607e+01 6.265962e+02
      vertex 3.500000e+02 -1.993525e+01 6.266070e+02
      vertex 3.550000e+02 -1.979562e+01 6.278510e+02
    endloop
  endfacet
  facet normal -1.000000e+00 0.000000e+00 0.000000e+00
    outer loop
      vertex 3.500000e+02 -3.000000e+01 6.320000e+02
      vertex 3.500000e+02 -1.957281e+01 6.291093e+02
      vertex 3.500000e+02 -1.979418e+01 6.278608e+02
    endloop
  endfacet
  facet normal 5.835638e-05 9.846406e-01 -1.745932e-01
    outer loop
      vertex 3.550000e+02 -1.957477e+01 6.290999e+02
      vertex 3.500000e+02 -1.979418e+01 6.278608e+02
      vertex 3.500000e+02 -1.957281e+01 6.291093e+02
    endloop
  endfacet
  facet normal -6.099987e-05 9.847233e-01 -1.741262e-01
    outer loop
      vertex 3.550000e+02 -1.979562e+01 6.278510e+02
      vertex 3.500000e+02 -1.979418e+01 6.278608e+02
      vertex 3.550000e+02 -1.957477e+01 6.290999e+02
    endloop
  endfacet
  facet normal -1.000000e+00 0.000000e+00 0.000000e+00
    outer loop
      vertex 3.500000e+02 -3.000000e+01 6.320000e+02
      vertex 3.500000e+02 -1.927322e+01 6.303424e+02
      vertex 3.500000e+02 -1.957281e+01 6.291093e+02
    endloop
  endfacet
  facet normal 5.790321e-05 9.717323e-01 -2.360853e-01
    outer loop
      vertex 3.550000e+02 -1.927575e+01 6.303332e+02
      vertex 3.500000e+02 -1.957281e+01 6.291093e+02
      vertex 3.500000e+02 -1.927322e+01 6.303424e+02
    endloop
  endfacet
  facet normal -6.100982e-05 9.718437e-01 -2.356266e-01
    outer loop
      vertex 3.550000e+02 -1.957477e+01 6.290999e+02
      vertex 3.500000e+02 -1.957281e+01 6.291093e+02
      vertex 3.550000e+02 -1.927575e+01 6.303332e+02
    endloop
  endfacet
  facet normal -1.000000e+00 0.000000e+00 0.000000e+00
    outer loop
      vertex 3.500000e+02 -3.000000e+01 6.320000e+02
      vertex 3.500000e+02 -1.889635e+01 6.315512e+02
      vertex 3.500000e+02 -1.927322e+01 6.303424e+02
    endloop
  endfacet
  facet normal 6.592890e-05 9.546752e-01 -2.976496e-01
    outer loop
      vertex 3.550000e+02 -1.889964e+01 6.315418e+02
      vertex 3.500000e+02 -1.927322e+01 6.303424e+02
      vertex 3.500000e+02 -1.889635e+01 6.315512e+02
    endloop
  endfacet
  facet normal -6.309193e-05 9.548279e-01 -2.971592e-01
    outer loop
      vertex 3.550000e+02 -1.927575e+01 6.303332e+02
      vertex 3.500000e+02 -1.927322e+01 6.303424e+02
      vertex 3.550000e+02 -1.889964e+01 6.315418e+02
    endloop
  endfacet
  facet normal -1.000000e+00 0.000000e+00 0.000000e+00
    outer loop
      vertex 3.500000e+02 -2.393863e+01 6.326971e+02
      vertex 3.500000e+02 -1.844234e+01 6.327377e+02
      vertex 3.500000e+02 -1.889635e+01 6.315512e+02
    endloop
  endfacet
  facet normal 6.519421e-05 9.339629e-01 -3.573700e-01
    outer loop
      vertex 3.550000e+02 -1.844653e+01 6.327277e+02
      vertex 3.500000e+02 -1.889635e+01 6.315512e+02
      vertex 3.500000e+02 -1.844234e+01 6.327377e+02
    endloop
  endfacet
  facet normal -1.000000e+00 0.000000e+00 0.000000e+00
    outer loop
      vertex 3.500000e+02 -2.410971e+01 6.325208e+02
      vertex 3.500000e+02 -2.393863e+01 6.326971e+02
      vertex 3.500000e+02 -1.889635e+01 6.315512e+02
    endloop
  endfacet
  facet normal -1.000000e+00 0.000000e+00 0.000000e+00
    outer loop
      vertex 3.500000e+02 -2.430121e+01 6.323672e+02
      vertex 3.500000e+02 -2.410971e+01 6.325208e+02
      vertex 3.500000e+02 -1.889635e+01 6.315512e+02
    endloop
  endfacet
  facet normal -1.000000e+00 0.000000e+00 0.000000e+00
    outer loop
      vertex 3.500000e+02 -2.450994e+01 6.322378e+02
      vertex 3.500000e+02 -2.430121e+01 6.323672e+02
      vertex 3.500000e+02 -1.889635e+01 6.315512e+02
    endloop
  endfacet
  facet normal -1.000000e+00 0.000000e+00 0.000000e+00
    outer loop
      vertex 3.500000e+02 -2.473318e+01 6.321353e+02
      vertex 3.500000e+02 -2.450994e+01 6.322378e+02
      vertex 3.500000e+02 -1.889635e+01 6.315512e+02
    endloop
  endfacet
  facet normal -1.000000e+00 0.000000e+00 0.000000e+00
    outer loop
      vertex 3.500000e+02 -2.496745e+01 6.320606e+02
      vertex 3.500000e+02 -2.473318e+01 6.321353e+02
      vertex 3.500000e+02 -1.889635e+01 6.315512e+02
    endloop
  endfacet
  facet normal -1.000000e+00 0.000000e+00 0.000000e+00
    outer loop
      vertex 3.500000e+02 -2.520778e+01 6.320157e+02
      vertex 3.500000e+02 -2.496745e+01 6.320606e+02
      vertex 3.500000e+02 -1.889635e+01 6.315512e+02
    endloop
  endfacet
  facet normal -1.000000e+00 0.000000e+00 0.000000e+00
    outer loop
      vertex 3.500000e+02 -2.545584e+01 6.320000e+02
      vertex 3.500000e+02 -2.520778e+01 6.320157e+02
      vertex 3.500000e+02 -1.889635e+01 6.315512e+02
    endloop
  endfacet
  facet normal -1.000000e+00 0.000000e+00 0.000000e+00
    outer loop
      vertex 3.500000e+02 -3.000000e+01 6.320000e+02
      vertex 3.500000e+02 -2.545584e+01 6.320000e+02
      vertex 3.500000e+02 -1.889635e+01 6.315512e+02
    endloop
  endfacet
  facet normal -5.945067e-05 9.341396e-01 -3.569078e-01
    outer loop
      vertex 3.550000e+02 -1.889964e+01 6.315418e+02
      vertex 3.500000e+02 -1.889635e+01 6.315512e+02
      vertex 3.550000e+02 -1.844653e+01 6.327277e+02
    endloop
  endfacet
  facet normal -1.000000e+00 0.000000e+00 0.000000e+00
    outer loop
      vertex 3.500000e+02 -2.357023e+01 6.333333e+02
      vertex 3.500000e+02 -1.791582e+01 6.338893e+02
      vertex 3.500000e+02 -1.844234e+01 6.327377e+02
    endloop
  endfacet
  facet normal 8.037319e-05 9.094450e-01 -4.158243e-01
    outer loop
      vertex 3.550000e+02 -1.792125e+01 6.338783e+02
      vertex 3.500000e+02 -1.844234e+01 6.327377e+02
      vertex 3.500000e+02 -1.791582e+01 6.338893e+02
    endloop
  endfacet
  facet normal -1.000000e+00 0.000000e+00 0.000000e+00
    outer loop
      vertex 3.500000e+02 -2.366769e+01 6.331047e+02
      vertex 3.500000e+02 -2.357023e+01 6.333333e+02
      vertex 3.500000e+02 -1.844234e+01 6.327377e+02
    endloop
  endfacet
  facet normal -1.000000e+00 0.000000e+00 0.000000e+00
    outer loop
      vertex 3.500000e+02 -2.379009e+01 6.328931e+02
      vertex 3.500000e+02 -2.366769e+01 6.331047e+02
      vertex 3.500000e+02 -1.844234e+01 6.327377e+02
    endloop
  endfacet
  facet normal -1.000000e+00 0.000000e+00 0.000000e+00
    outer loop
      vertex 3.500000e+02 -2.393863e+01 6.326971e+02
      vertex 3.500000e+02 -2.379009e+01 6.328931e+02
      vertex 3.500000e+02 -1.844234e+01 6.327377e+02
    endloop
  endfacet
  facet normal -7.148306e-05 9.096966e-01 -4.152736e-01
    outer loop
      vertex 3.550000e+02 -1.844653e+01 6.327277e+02
      vertex 3.500000e+02 -1.844234e+01 6.327377e+02
      vertex 3.550000e+02 -1.792125e+01 6.338783e+02
    endloop
  endfacet
  facet normal -1.000000e+00 0.000000e+00 0.000000e+00
    outer loop
      vertex 3.500000e+02 -2.306250e+01 6.346494e+02
      vertex 3.500000e+02 -1.731466e+01 6.350089e+02
      vertex 3.500000e+02 -1.791582e+01 6.338893e+02
    endloop
  endfacet
  facet normal 8.932960e-05 8.810334e-01 -4.730540e-01
    outer loop
      vertex 3.550000e+02 -1.732166e+01 6.349968e+02
      vertex 3.500000e+02 -1.791582e+01 6.338893e+02
      vertex 3.500000e+02 -1.731466e+01 6.350089e+02
    endloop
  endfacet
  facet normal -1.000000e+00 0.000000e+00 0.000000e+00
    outer loop
      vertex 3.500000e+02 -2.357023e+01 6.333333e+02
      vertex 3.500000e+02 -2.306250e+01 6.346494e+02
      vertex 3.500000e+02 -1.791582e+01 6.338893e+02
    endloop
  endfacet
  facet normal -7.380966e-05 8.813403e-01 -4.724821e-01
    outer loop
      vertex 3.550000e+02 -1.792125e+01 6.338783e+02
      vertex 3.500000e+02 -1.791582e+01 6.338893e+02
      vertex 3.550000e+02 -1.732166e+01 6.349968e+02
    endloop
  endfacet
  facet normal -1.000000e+00 0.000000e+00 0.000000e+00
    outer loop
      vertex 3.500000e+02 -2.248429e+01 6.359296e+02
      vertex 3.500000e+02 -1.664618e+01 6.360860e+02
      vertex 3.500000e+02 -1.731466e+01 6.350089e+02
    endloop
  endfacet
  facet normal 1.008679e-04 8.496750e-01 -5.273068e-01
    outer loop
      vertex 3.550000e+02 -1.665509e+01 6.360726e+02
      vertex 3.500000e+02 -1.731466e+01 6.350089e+02
      vertex 3.500000e+02 -1.664618e+01 6.360860e+02
    endloop
  endfacet
  facet normal -1.000000e+00 0.000000e+00 0.000000e+00
    outer loop
      vertex 3.500000e+02 -2.306250e+01 6.346494e+02
      vertex 3.500000e+02 -2.248429e+01 6.359296e+02
      vertex 3.500000e+02 -1.731466e+01 6.350089e+02
    endloop
  endfacet
  facet normal -8.389162e-05 8.500639e-01 -5.266795e-01
    outer loop
      vertex 3.550000e+02 -1.732166e+01 6.349968e+02
      vertex 3.500000e+02 -1.731466e+01 6.350089e+02
      vertex 3.550000e+02 -1.665509e+01 6.360726e+02
    endloop
  endfacet
  facet normal -1.000000e+00 0.000000e+00 0.000000e+00
    outer loop
      vertex 3.500000e+02 -2.183475e+01 6.371753e+02
      vertex 3.500000e+02 -1.591566e+01 6.371121e+02
      vertex 3.500000e+02 -1.664618e+01 6.360860e+02
    endloop
  endfacet
  facet normal 1.278826e-04 8.146157e-01 -5.800011e-01
    outer loop
      vertex 3.550000e+02 -1.592696e+01 6.370973e+02
      vertex 3.500000e+02 -1.664618e+01 6.360860e+02
      vertex 3.500000e+02 -1.591566e+01 6.371121e+02
    endloop
  endfacet
  facet normal -1.000000e+00 0.000000e+00 0.000000e+00
    outer loop
      vertex 3.500000e+02 -2.248429e+01 6.359296e+02
      vertex 3.500000e+02 -2.183475e+01 6.371753e+02
      vertex 3.500000e+02 -1.664618e+01 6.360860e+02
    endloop
  endfacet
  facet normal -9.993795e-05 8.151478e-01 -5.792530e-01
    outer loop
      vertex 3.550000e+02 -1.665509e+01 6.360726e+02
      vertex 3.500000e+02 -1.664618e+01 6.360860e+02
      vertex 3.550000e+02 -1.592696e+01 6.370973e+02
    endloop
  endfacet
  facet normal -1.000000e+00 0.000000e+00 0.000000e+00
    outer loop
      vertex 3.500000e+02 -2.183475e+01 6.371753e+02
      vertex 3.500000e+02 -1.512156e+01 6.380899e+02
      vertex 3.500000e+02 -1.591566e+01 6.371121e+02
    endloop
  endfacet
  facet normal 1.424274e-04 7.762643e-01 -6.304076e-01
    outer loop
      vertex 3.550000e+02 -1.513557e+01 6.380738e+02
      vertex 3.500000e+02 -1.591566e+01 6.371121e+02
      vertex 3.500000e+02 -1.512156e+01 6.380899e+02
    endloop
  endfacet
  facet normal -1.040787e-04 7.768914e-01 -6.296347e-01
    outer loop
      vertex 3.550000e+02 -1.592696e+01 6.370973e+02
      vertex 3.500000e+02 -1.591566e+01 6.371121e+02
      vertex 3.550000e+02 -1.513557e+01 6.380738e+02
    endloop
  endfacet
  facet normal -1.000000e+00 0.000000e+00 0.000000e+00
    outer loop
      vertex 3.500000e+02 -2.111430e+01 6.383858e+02
      vertex 3.500000e+02 -1.426797e+01 6.390149e+02
      vertex 3.500000e+02 -1.512156e+01 6.380899e+02
    endloop
  endfacet
  facet normal 1.425914e-04 7.348963e-01 -6.781795e-01
    outer loop
      vertex 3.550000e+02 -1.428441e+01 6.389981e+02
      vertex 3.500000e+02 -1.512156e+01 6.380899e+02
      vertex 3.500000e+02 -1.426797e+01 6.390149e+02
    endloop
  endfacet
  facet normal -1.000000e+00 0.000000e+00 0.000000e+00
    outer loop
      vertex 3.500000e+02 -2.183475e+01 6.371753e+02
      vertex 3.500000e+02 -2.111430e+01 6.383858e+02
      vertex 3.500000e+02 -1.512156e+01 6.380899e+02
    endloop
  endfacet
  facet normal -1.228636e-04 7.356246e-01 -6.773894e-01
    outer loop
      vertex 3.550000e+02 -1.513557e+01 6.380738e+02
      vertex 3.500000e+02 -1.512156e+01 6.380899e+02
      vertex 3.550000e+02 -1.428441e+01 6.389981e+02
    endloop
  endfacet
  facet normal -1.000000e+00 0.000000e+00 0.000000e+00
    outer loop
      vertex 3.500000e+02 -2.032879e+01 6.395512e+02
      vertex 3.500000e+02 -1.335240e+01 6.398895e+02
      vertex 3.500000e+02 -1.426797e+01 6.390149e+02
    endloop
  endfacet
  facet normal 1.754190e-04 6.907458e-01 -7.230977e-01
    outer loop
      vertex 3.550000e+02 -1.337126e+01 6.398727e+02
      vertex 3.500000e+02 -1.426797e+01 6.390149e+02
      vertex 3.500000e+02 -1.335240e+01 6.398895e+02
    endloop
  endfacet
  facet normal -1.000000e+00 0.000000e+00 0.000000e+00
    outer loop
      vertex 3.500000e+02 -2.111430e+01 6.383858e+02
      vertex 3.500000e+02 -2.032879e+01 6.395512e+02
      vertex 3.500000e+02 -1.426797e+01 6.390149e+02
    endloop
  endfacet
  facet normal -1.471004e-04 6.916849e-01 -7.221994e-01
    outer loop
      vertex 3.550000e+02 -1.428441e+01 6.389981e+02
      vertex 3.500000e+02 -1.426797e+01 6.390149e+02
      vertex 3.550000e+02 -1.337126e+01 6.398727e+02
    endloop
  endfacet
  facet normal -1.000000e+00 0.000000e+00 0.000000e+00
    outer loop
      vertex 3.500000e+02 -1.947711e+01 6.406727e+02
      vertex 3.500000e+02 -1.238440e+01 6.407043e+02
      vertex 3.500000e+02 -1.335240e+01 6.398895e+02
    endloop
  endfacet
  facet normal 1.658925e-04 6.440044e-01 -7.650217e-01
    outer loop
      vertex 3.550000e+02 -1.240473e+01 6.406883e+02
      vertex 3.500000e+02 -1.335240e+01 6.398895e+02
      vertex 3.500000e+02 -1.238440e+01 6.407043e+02
    endloop
  endfacet
  facet normal -1.000000e+00 0.000000e+00 0.000000e+00
    outer loop
      vertex 3.500000e+02 -2.032879e+01 6.395512e+02
      vertex 3.500000e+02 -1.947711e+01 6.406727e+02
      vertex 3.500000e+02 -1.335240e+01 6.398895e+02
    endloop
  endfacet
  facet normal -1.356813e-04 6.449347e-01 -7.642377e-01
    outer loop
      vertex 3.550000e+02 -1.337126e+01 6.398727e+02
      vertex 3.500000e+02 -1.335240e+01 6.398895e+02
      vertex 3.550000e+02 -1.240473e+01 6.406883e+02
    endloop
  endfacet
  facet normal -1.000000e+00 0.000000e+00 0.000000e+00
    outer loop
      vertex 3.500000e+02 -1.856484e+01 6.417435e+02
      vertex 3.500000e+02 -1.136724e+01 6.414552e+02
      vertex 3.500000e+02 -1.238440e+01 6.407043e+02
    endloop
  endfacet
  facet normal 1.564779e-04 5.938763e-01 -8.045564e-01
    outer loop
      vertex 3.550000e+02 -1.138775e+01 6.414410e+02
      vertex 3.500000e+02 -1.238440e+01 6.407043e+02
      vertex 3.500000e+02 -1.136724e+01 6.414552e+02
    endloop
  endfacet
  facet normal -1.000000e+00 0.000000e+00 0.000000e+00
    outer loop
      vertex 3.500000e+02 -1.947711e+01 6.406727e+02
      vertex 3.500000e+02 -1.856484e+01 6.417435e+02
      vertex 3.500000e+02 -1.238440e+01 6.407043e+02
    endloop
  endfacet
  facet normal -1.581167e-04 5.948969e-01 -8.038020e-01
    outer loop
      vertex 3.550000e+02 -1.240473e+01 6.406883e+02
      vertex 3.500000e+02 -1.238440e+01 6.407043e+02
      vertex 3.550000e+02 -1.138775e+01 6.414410e+02
    endloop
  endfacet
  facet normal -1.000000e+00 0.000000e+00 0.000000e+00
    outer loop
      vertex 3.500000e+02 -1.856484e+01 6.417435e+02
      vertex 3.500000e+02 -1.030234e+01 6.421421e+02
      vertex 3.500000e+02 -1.136724e+01 6.414552e+02
    endloop
  endfacet
  facet normal 1.664303e-04 5.420968e-01 -8.403160e-01
    outer loop
      vertex 3.550000e+02 -1.032161e+01 6.421307e+02
      vertex 3.500000e+02 -1.136724e+01 6.414552e+02
      vertex 3.500000e+02 -1.030234e+01 6.421421e+02
    endloop
  endfacet
  facet normal -1.509179e-04 5.431675e-01 -8.396244e-01
    outer loop
      vertex 3.550000e+02 -1.138775e+01 6.414410e+02
      vertex 3.500000e+02 -1.136724e+01 6.414552e+02
      vertex 3.550000e+02 -1.032161e+01 6.421307e+02
    endloop
  endfacet
  facet normal -1.000000e+00 0.000000e+00 0.000000e+00
    outer loop
      vertex 3.500000e+02 -1.759355e+01 6.427611e+02
      vertex 3.500000e+02 -9.202342e+00 6.427572e+02
      vertex 3.500000e+02 -1.030234e+01 6.421421e+02
    endloop
  endfacet
  facet normal 6.843409e-05 4.880567e-01 -8.728119e-01
    outer loop
      vertex 3.550000e+02 -9.217696e+00 6.427490e+02
      vertex 3.500000e+02 -1.030234e+01 6.421421e+02
      vertex 3.500000e+02 -9.202342e+00 6.427572e+02
    endloop
  endfacet
  facet normal -1.000000e+00 0.000000e+00 0.000000e+00
    outer loop
      vertex 3.500000e+02 -1.856484e+01 6.417435e+02
      vertex 3.500000e+02 -1.759355e+01 6.427611e+02
      vertex 3.500000e+02 -1.030234e+01 6.421421e+02
    endloop
  endfacet
  facet normal -1.129261e-04 4.886933e-01 -8.724556e-01
    outer loop
      vertex 3.550000e+02 -1.032161e+01 6.421307e+02
      vertex 3.500000e+02 -1.030234e+01 6.421421e+02
      vertex 3.550000e+02 -9.217696e+00 6.427490e+02
    endloop
  endfacet
  facet normal -1.000000e+00 0.000000e+00 0.000000e+00
    outer loop
      vertex 3.500000e+02 -1.759355e+01 6.427611e+02
      vertex 3.500000e+02 -8.065986e+00 6.433012e+02
      vertex 3.500000e+02 -9.202342e+00 6.427572e+02
    endloop
  endfacet
  facet normal -2.471377e-05 4.318033e-01 -9.019678e-01
    outer loop
      vertex 3.550000e+02 -8.074873e+00 6.432968e+02
      vertex 3.500000e+02 -9.202342e+00 6.427572e+02
      vertex 3.500000e+02 -8.065986e+00 6.433012e+02
    endloop
  endfacet
  facet normal -1.503343e-04 4.322565e-01 -9.017507e-01
    outer loop
      vertex 3.550000e+02 -9.217696e+00 6.427490e+02
      vertex 3.500000e+02 -9.202342e+00 6.427572e+02
      vertex 3.550000e+02 -8.074873e+00 6.432968e+02
    endloop
  endfacet
  facet normal -1.000000e+00 0.000000e+00 0.000000e+00
    outer loop
      vertex 3.500000e+02 -1.656565e+01 6.437237e+02
      vertex 3.500000e+02 -6.891966e+00 6.437750e+02
      vertex 3.500000e+02 -8.065986e+00 6.433012e+02
    endloop
  endfacet
  facet normal -1.493496e-04 3.742199e-01 -9.273400e-01
    outer loop
      vertex 3.550000e+02 -8.074873e+00 6.432968e+02
      vertex 3.500000e+02 -8.065986e+00 6.433012e+02
      vertex 3.500000e+02 -6.891966e+00 6.437750e+02
    endloop
  endfacet
  facet normal -1.000000e+00 0.000000e+00 0.000000e+00
    outer loop
      vertex 3.500000e+02 -1.759355e+01 6.427611e+02
      vertex 3.500000e+02 -1.656565e+01 6.437237e+02
      vertex 3.500000e+02 -8.065986e+00 6.433012e+02
    endloop
  endfacet
  facet normal -1.000000e+00 0.000000e+00 0.000000e+00
    outer loop
      vertex 3.500000e+02 -4.673228e+00 6.436970e+02
      vertex 3.500000e+02 -6.587084e+00 6.436497e+02
      vertex 3.500000e+02 -6.891966e+00 6.437750e+02
    endloop
  endfacet
  facet normal 0.000000e+00 -3.800925e-01 -9.249485e-01
    outer loop
      vertex 3.550000e+02 -6.891966e+00 6.437750e+02
      vertex 3.500000e+02 -6.891966e+00 6.437750e+02
      vertex 3.500000e+02 -6.587084e+00 6.436497e+02
    endloop
  endfacet
  facet normal -1.000000e+00 0.000000e+00 0.000000e+00
    outer loop
      vertex 3.500000e+02 -4.378313e+00 6.438355e+02
      vertex 3.500000e+02 -4.673228e+00 6.436970e+02
      vertex 3.500000e+02 -6.891966e+00 6.437750e+02
    endloop
  endfacet
  facet normal -1.000000e+00 0.000000e+00 0.000000e+00
    outer loop
      vertex 3.500000e+02 -1.548727e+01 6.446249e+02
      vertex 3.500000e+02 -4.378313e+00 6.438355e+02
      vertex 3.500000e+02 -6.891966e+00 6.437750e+02
    endloop
  endfacet
  facet normal -1.000000e+00 0.000000e+00 0.000000e+00
    outer loop
      vertex 3.500000e+02 -1.656565e+01 6.437237e+02
      vertex 3.500000e+02 -1.548727e+01 6.446249e+02
      vertex 3.500000e+02 -6.891966e+00 6.437750e+02
    endloop
  endfacet
  facet normal 0.000000e+00 3.747626e-01 -9.271208e-01
    outer loop
      vertex 3.550000e+02 -8.074873e+00 6.432968e+02
      vertex 3.500000e+02 -6.891966e+00 6.437750e+02
      vertex 3.550000e+02 -6.891966e+00 6.437750e+02
    endloop
  endfacet
  facet normal -1.000000e+00 0.000000e+00 0.000000e+00
    outer loop
      vertex 3.500000e+02 -4.982234e+00 6.435941e+02
      vertex 3.500000e+02 -6.274459e+00 6.435623e+02
      vertex 3.500000e+02 -6.587084e+00 6.436497e+02
    endloop
  endfacet
  facet normal -4.876090e-07 -2.692247e-01 -9.630774e-01
    outer loop
      vertex 3.550000e+02 -6.274499e+00 6.435623e+02
      vertex 3.500000e+02 -6.587084e+00 6.436497e+02
      vertex 3.500000e+02 -6.274459e+00 6.435623e+02
    endloop
  endfacet
  facet normal -1.000000e+00 0.000000e+00 0.000000e+00
    outer loop
      vertex 3.500000e+02 -4.673228e+00 6.436970e+02
      vertex 3.500000e+02 -4.982234e+00 6.435941e+02
      vertex 3.500000e+02 -6.587084e+00 6.436497e+02
    endloop
  endfacet
  facet normal -4.198768e-07 -3.800983e-01 -9.249461e-01
    outer loop
      vertex 3.550000e+02 -6.587106e+00 6.436497e+02
      vertex 3.550000e+02 -6.891966e+00 6.437750e+02
      vertex 3.500000e+02 -6.587084e+00 6.436497e+02
    endloop
  endfacet
  facet normal 1.112032e-07 -2.692336e-01 -9.630749e-01
    outer loop
      vertex 3.550000e+02 -6.274499e+00 6.435623e+02
      vertex 3.550000e+02 -6.587106e+00 6.436497e+02
      vertex 3.500000e+02 -6.587084e+00 6.436497e+02
    endloop
  endfacet
  facet normal -1.000000e+00 0.000000e+00 0.000000e+00
    outer loop
      vertex 3.500000e+02 -5.301320e+00 6.435287e+02
      vertex 3.500000e+02 -5.951858e+00 6.435127e+02
      vertex 3.500000e+02 -6.274459e+00 6.435623e+02
    endloop
  endfacet
  facet normal -6.508520e-07 -1.521174e-01 -9.883624e-01
    outer loop
      vertex 3.550000e+02 -5.951912e+00 6.435127e+02
      vertex 3.500000e+02 -6.274459e+00 6.435623e+02
      vertex 3.500000e+02 -5.951858e+00 6.435127e+02
    endloop
  endfacet
  facet normal -1.000000e+00 0.000000e+00 0.000000e+00
    outer loop
      vertex 3.500000e+02 -4.982234e+00 6.435941e+02
      vertex 3.500000e+02 -5.301320e+00 6.435287e+02
      vertex 3.500000e+02 -6.274459e+00 6.435623e+02
    endloop
  endfacet
  facet normal 4.864126e-07 -1.521346e-01 -9.883598e-01
    outer loop
      vertex 3.550000e+02 -5.951912e+00 6.435127e+02
      vertex 3.550000e+02 -6.274499e+00 6.435623e+02
      vertex 3.500000e+02 -6.274459e+00 6.435623e+02
    endloop
  endfacet
  facet normal -1.000000e+00 0.000000e+00 0.000000e+00
    outer loop
      vertex 3.500000e+02 -5.301320e+00 6.435287e+02
      vertex 3.500000e+02 -5.625977e+00 6.435012e+02
      vertex 3.500000e+02 -5.951858e+00 6.435127e+02
    endloop
  endfacet
  facet normal -7.801297e-07 -3.513548e-02 -9.993826e-01
    outer loop
      vertex 3.550000e+02 -5.626042e+00 6.435012e+02
      vertex 3.500000e+02 -5.951858e+00 6.435127e+02
      vertex 3.500000e+02 -5.625977e+00 6.435012e+02
    endloop
  endfacet
  facet normal 6.362421e-07 -3.515718e-02 -9.993818e-01
    outer loop
      vertex 3.550000e+02 -5.626042e+00 6.435012e+02
      vertex 3.550000e+02 -5.951912e+00 6.435127e+02
      vertex 3.500000e+02 -5.951858e+00 6.435127e+02
    endloop
  endfacet
  facet normal -8.367692e-07 8.448322e-02 -9.964249e-01
    outer loop
      vertex 3.550000e+02 -5.301391e+00 6.435287e+02
      vertex 3.500000e+02 -5.625977e+00 6.435012e+02
      vertex 3.500000e+02 -5.301320e+00 6.435287e+02
    endloop
  endfacet
  facet normal 7.776153e-07 8.445853e-02 -9.964270e-01
    outer loop
      vertex 3.550000e+02 -5.301391e+00 6.435287e+02
      vertex 3.550000e+02 -5.626042e+00 6.435012e+02
      vertex 3.500000e+02 -5.625977e+00 6.435012e+02
    endloop
  endfacet
  facet normal -8.757581e-07 2.006288e-01 -9.796673e-01
    outer loop
      vertex 3.550000e+02 -4.982304e+00 6.435941e+02
      vertex 3.500000e+02 -5.301320e+00 6.435287e+02
      vertex 3.500000e+02 -4.982234e+00 6.435941e+02
    endloop
  endfacet
  facet normal 8.313957e-07 2.006032e-01 -9.796726e-01
    outer loop
      vertex 3.550000e+02 -4.982304e+00 6.435941e+02
      vertex 3.550000e+02 -5.301391e+00 6.435287e+02
      vertex 3.500000e+02 -5.301320e+00 6.435287e+02
    endloop
  endfacet
  facet normal -8.313957e-07 3.161089e-01 -9.487229e-01
    outer loop
      vertex 3.550000e+02 -4.673294e+00 6.436970e+02
      vertex 3.500000e+02 -4.982234e+00 6.435941e+02
      vertex 3.500000e+02 -4.673228e+00 6.436970e+02
    endloop
  endfacet
  facet normal 8.757581e-07 3.160840e-01 -9.487312e-01
    outer loop
      vertex 3.550000e+02 -4.673294e+00 6.436970e+02
      vertex 3.550000e+02 -4.982304e+00 6.435941e+02
      vertex 3.500000e+02 -4.982234e+00 6.435941e+02
    endloop
  endfacet
  facet normal -7.776153e-07 4.250703e-01 -9.051604e-01
    outer loop
      vertex 3.550000e+02 -4.378370e+00 6.438355e+02
      vertex 3.500000e+02 -4.673228e+00 6.436970e+02
      vertex 3.500000e+02 -4.378313e+00 6.438355e+02
    endloop
  endfacet
  facet normal 8.367692e-07 4.250478e-01 -9.051709e-01
    outer loop
      vertex 3.550000e+02 -4.378370e+00 6.438355e+02
      vertex 3.550000e+02 -4.673294e+00 6.436970e+02
      vertex 3.500000e+02 -4.673228e+00 6.436970e+02
    endloop
  endfacet
  facet normal -1.000000e+00 0.000000e+00 0.000000e+00
    outer loop
      vertex 3.500000e+02 -1.548727e+01 6.446249e+02
      vertex 3.500000e+02 -4.101832e+00 6.440084e+02
      vertex 3.500000e+02 -4.378313e+00 6.438355e+02
    endloop
  endfacet
  facet normal -6.362421e-07 5.301379e-01 -8.479114e-01
    outer loop
      vertex 3.550000e+02 -4.101877e+00 6.440084e+02
      vertex 3.500000e+02 -4.378313e+00 6.438355e+02
      vertex 3.500000e+02 -4.101832e+00 6.440084e+02
    endloop
  endfacet
  facet normal 7.801297e-07 5.301195e-01 -8.479229e-01
    outer loop
      vertex 3.550000e+02 -4.101877e+00 6.440084e+02
      vertex 3.550000e+02 -4.378370e+00 6.438355e+02
      vertex 3.500000e+02 -4.378313e+00 6.438355e+02
    endloop
  endfacet
  facet normal -1.000000e+00 0.000000e+00 0.000000e+00
    outer loop
      vertex 3.500000e+02 -1.548727e+01 6.446249e+02
      vertex 3.500000e+02 -3.847292e+00 6.442127e+02
      vertex 3.500000e+02 -4.101832e+00 6.440084e+02
    endloop
  endfacet
  facet normal -4.864126e-07 6.259323e-01 -7.798774e-01
    outer loop
      vertex 3.550000e+02 -3.847322e+00 6.442127e+02
      vertex 3.500000e+02 -4.101832e+00 6.440084e+02
      vertex 3.500000e+02 -3.847292e+00 6.442127e+02
    endloop
  endfacet
  facet normal 6.508520e-07 6.259187e-01 -7.798883e-01
    outer loop
      vertex 3.550000e+02 -3.847322e+00 6.442127e+02
      vertex 3.550000e+02 -4.101877e+00 6.440084e+02
      vertex 3.500000e+02 -4.101832e+00 6.440084e+02
    endloop
  endfacet
  facet normal -1.000000e+00 0.000000e+00 0.000000e+00
    outer loop
      vertex 3.500000e+02 -1.548727e+01 6.446249e+02
      vertex 3.500000e+02 -3.620262e+00 6.444447e+02
      vertex 3.500000e+02 -3.847292e+00 6.442127e+02
    endloop
  endfacet
  facet normal -1.112031e-07 7.147006e-01 -6.994305e-01
    outer loop
      vertex 3.550000e+02 -3.620277e+00 6.444447e+02
      vertex 3.500000e+02 -3.847292e+00 6.442127e+02
      vertex 3.500000e+02 -3.620262e+00 6.444447e+02
    endloop
  endfacet
  facet normal 4.876090e-07 7.146941e-01 -6.994371e-01
    outer loop
      vertex 3.550000e+02 -3.620277e+00 6.444447e+02
      vertex 3.550000e+02 -3.847322e+00 6.442127e+02
      vertex 3.500000e+02 -3.847292e+00 6.442127e+02
    endloop
  endfacet
  facet normal -1.000000e+00 0.000000e+00 0.000000e+00
    outer loop
      vertex 3.500000e+02 2.545584e+01 6.320000e+02
      vertex 3.500000e+02 3.000000e+01 6.320000e+02
      vertex 3.500000e+02 3.000000e+01 6.180000e+02
    endloop
  endfacet
  facet normal 0.000000e+00 1.000000e+00 0.000000e+00
    outer loop
      vertex 3.550000e+02 3.000000e+01 6.180000e+02
      vertex 3.500000e+02 3.000000e+01 6.180000e+02
      vertex 3.500000e+02 3.000000e+01 6.320000e+02
    endloop
  endfacet
  facet normal 0.000000e+00 0.000000e+00 -1.000000e+00
    outer loop
      vertex 3.550000e+02 2.400000e+01 6.180000e+02
      vertex 3.500000e+02 2.400000e+01 6.180000e+02
      vertex 3.500000e+02 3.000000e+01 6.180000e+02
    endloop
  endfacet
  facet normal 0.000000e+00 0.000000e+00 -1.000000e+00
    outer loop
      vertex 3.550000e+02 2.400000e+01 6.180000e+02
      vertex 3.500000e+02 3.000000e+01 6.180000e+02
      vertex 3.550000e+02 3.000000e+01 6.180000e+02
    endloop
  endfacet
  facet normal 0.000000e+00 0.000000e+00 1.000000e+00
    outer loop
      vertex 3.550000e+02 2.545584e+01 6.320000e+02
      vertex 3.500000e+02 3.000000e+01 6.320000e+02
      vertex 3.500000e+02 2.545584e+01 6.320000e+02
    endloop
  endfacet
  facet normal 0.000000e+00 1.000000e+00 0.000000e+00
    outer loop
      vertex 3.550000e+02 3.000000e+01 6.320000e+02
      vertex 3.550000e+02 3.000000e+01 6.180000e+02
      vertex 3.500000e+02 3.000000e+01 6.320000e+02
    endloop
  endfacet
  facet normal 0.000000e+00 0.000000e+00 1.000000e+00
    outer loop
      vertex 3.550000e+02 3.000000e+01 6.320000e+02
      vertex 3.500000e+02 3.000000e+01 6.320000e+02
      vertex 3.550000e+02 2.545584e+01 6.320000e+02
    endloop
  endfacet
  facet normal -8.966907e-17 6.309900e-02 9.980073e-01
    outer loop
      vertex 3.550000e+02 2.545584e+01 6.320000e+02
      vertex 3.500000e+02 2.545584e+01 6.320000e+02
      vertex 3.500000e+02 2.520780e+01 6.320157e+02
    endloop
  endfacet
  facet normal 7.677263e-08 1.835024e-01 9.830193e-01
    outer loop
      vertex 3.550000e+02 2.520778e+01 6.320157e+02
      vertex 3.500000e+02 2.520780e+01 6.320157e+02
      vertex 3.500000e+02 2.496748e+01 6.320605e+02
    endloop
  endfacet
  facet normal -4.390858e-07 6.310782e-02 9.980067e-01
    outer loop
      vertex 3.550000e+02 2.545584e+01 6.320000e+02
      vertex 3.500000e+02 2.520780e+01 6.320157e+02
      vertex 3.550000e+02 2.520778e+01 6.320157e+02
    endloop
  endfacet
  facet normal 4.628618e-07 3.039101e-01 9.527007e-01
    outer loop
      vertex 3.550000e+02 2.496745e+01 6.320606e+02
      vertex 3.500000e+02 2.496748e+01 6.320605e+02
      vertex 3.500000e+02 2.473323e+01 6.321353e+02
    endloop
  endfacet
  facet normal -4.644830e-07 1.835132e-01 9.830172e-01
    outer loop
      vertex 3.550000e+02 2.520778e+01 6.320157e+02
      vertex 3.500000e+02 2.496748e+01 6.320605e+02
      vertex 3.550000e+02 2.496745e+01 6.320606e+02
    endloop
  endfacet
  facet normal 5.885028e-07 4.173823e-01 9.087310e-01
    outer loop
      vertex 3.550000e+02 2.473318e+01 6.321353e+02
      vertex 3.500000e+02 2.473323e+01 6.321353e+02
      vertex 3.500000e+02 2.450999e+01 6.322378e+02
    endloop
  endfacet
  facet normal -6.011154e-07 3.039307e-01 9.526941e-01
    outer loop
      vertex 3.550000e+02 2.496745e+01 6.320606e+02
      vertex 3.500000e+02 2.473323e+01 6.321353e+02
      vertex 3.550000e+02 2.473318e+01 6.321353e+02
    endloop
  endfacet
  facet normal 6.946400e-07 5.266425e-01 8.500869e-01
    outer loop
      vertex 3.550000e+02 2.450994e+01 6.322378e+02
      vertex 3.500000e+02 2.450999e+01 6.322378e+02
      vertex 3.500000e+02 2.430126e+01 6.323671e+02
    endloop
  endfacet
  facet normal -6.959161e-07 4.174060e-01 9.087201e-01
    outer loop
      vertex 3.550000e+02 2.473318e+01 6.321353e+02
      vertex 3.500000e+02 2.450999e+01 6.322378e+02
      vertex 3.550000e+02 2.450994e+01 6.322378e+02
    endloop
  endfacet
  facet normal 7.080798e-07 6.258998e-01 7.799035e-01
    outer loop
      vertex 3.550000e+02 2.430121e+01 6.323672e+02
      vertex 3.500000e+02 2.430126e+01 6.323671e+02
      vertex 3.500000e+02 2.410976e+01 6.325208e+02
    endloop
  endfacet
  facet normal -7.080798e-07 5.266668e-01 8.500718e-01
    outer loop
      vertex 3.550000e+02 2.450994e+01 6.322378e+02
      vertex 3.500000e+02 2.430126e+01 6.323671e+02
      vertex 3.550000e+02 2.430121e+01 6.323672e+02
    endloop
  endfacet
  facet normal 6.959161e-07 7.176142e-01 6.964409e-01
    outer loop
      vertex 3.550000e+02 2.410971e+01 6.325208e+02
      vertex 3.500000e+02 2.410976e+01 6.325208e+02
      vertex 3.500000e+02 2.393866e+01 6.326971e+02
    endloop
  endfacet
  facet normal -6.946400e-07 6.259221e-01 7.798856e-01
    outer loop
      vertex 3.550000e+02 2.430121e+01 6.323672e+02
      vertex 3.500000e+02 2.410976e+01 6.325208e+02
      vertex 3.550000e+02 2.410971e+01 6.325208e+02
    endloop
  endfacet
  facet normal 6.011154e-07 7.968984e-01 6.041133e-01
    outer loop
      vertex 3.550000e+02 2.393863e+01 6.326971e+02
      vertex 3.500000e+02 2.393866e+01 6.326971e+02
      vertex 3.500000e+02 2.379012e+01 6.328931e+02
    endloop
  endfacet
  facet normal -5.885028e-07 7.176324e-01 6.964221e-01
    outer loop
      vertex 3.550000e+02 2.410971e+01 6.325208e+02
      vertex 3.500000e+02 2.393866e+01 6.326971e+02
      vertex 3.550000e+02 2.393863e+01 6.326971e+02
    endloop
  endfacet
  facet normal 4.644830e-07 8.656265e-01 5.006904e-01
    outer loop
      vertex 3.550000e+02 2.379009e+01 6.328931e+02
      vertex 3.500000e+02 2.379012e+01 6.328931e+02
      vertex 3.500000e+02 2.366770e+01 6.331047e+02
    endloop
  endfacet
  facet normal -4.628618e-07 7.969115e-01 6.040961e-01
    outer loop
      vertex 3.550000e+02 2.393863e+01 6.326971e+02
      vertex 3.500000e+02 2.379012e+01 6.328931e+02
      vertex 3.550000e+02 2.379009e+01 6.328931e+02
    endloop
  endfacet
  facet normal 4.390858e-07 9.198938e-01 3.921675e-01
    outer loop
      vertex 3.550000e+02 2.366769e+01 6.331047e+02
      vertex 3.500000e+02 2.366770e+01 6.331047e+02
      vertex 3.500000e+02 2.357023e+01 6.333333e+02
    endloop
  endfacet
  facet normal -7.677262e-08 8.656320e-01 5.006808e-01
    outer loop
      vertex 3.550000e+02 2.379009e+01 6.328931e+02
      vertex 3.500000e+02 2.366770e+01 6.331047e+02
      vertex 3.550000e+02 2.366769e+01 6.331047e+02
    endloop
  endfacet
  facet normal 3.977525e-15 9.329781e-01 3.599332e-01
    outer loop
      vertex 3.550000e+02 2.357023e+01 6.333333e+02
      vertex 3.500000e+02 2.357023e+01 6.333333e+02
      vertex 3.500000e+02 2.306250e+01 6.346494e+02
    endloop
  endfacet
  facet normal 3.919857e-15 9.198973e-01 3.921594e-01
    outer loop
      vertex 3.550000e+02 2.366769e+01 6.331047e+02
      vertex 3.500000e+02 2.357023e+01 6.333333e+02
      vertex 3.550000e+02 2.357023e+01 6.333333e+02
    endloop
  endfacet
  facet normal 1.942666e-15 9.113531e-01 4.116255e-01
    outer loop
      vertex 3.550000e+02 2.306250e+01 6.346494e+02
      vertex 3.500000e+02 2.306250e+01 6.346494e+02
      vertex 3.500000e+02 2.248429e+01 6.359296e+02
    endloop
  endfacet
  facet normal 1.999110e-15 9.329781e-01 3.599332e-01
    outer loop
      vertex 3.550000e+02 2.357023e+01 6.333333e+02
      vertex 3.500000e+02 2.306250e+01 6.346494e+02
      vertex 3.550000e+02 2.306250e+01 6.346494e+02
    endloop
  endfacet
  facet normal 6.300383e-16 8.867001e-01 4.623450e-01
    outer loop
      vertex 3.550000e+02 2.248429e+01 6.359296e+02
      vertex 3.500000e+02 2.248429e+01 6.359296e+02
      vertex 3.500000e+02 2.183475e+01 6.371753e+02
    endloop
  endfacet
  facet normal 6.480961e-16 9.113531e-01 4.116255e-01
    outer loop
      vertex 3.550000e+02 2.306250e+01 6.346494e+02
      vertex 3.500000e+02 2.248429e+01 6.359296e+02
      vertex 3.550000e+02 2.248429e+01 6.359296e+02
    endloop
  endfacet
  facet normal -6.105878e-16 8.593259e-01 5.114284e-01
    outer loop
      vertex 3.550000e+02 2.183475e+01 6.371753e+02
      vertex 3.500000e+02 2.183475e+01 6.371753e+02
      vertex 3.500000e+02 2.111430e+01 6.383858e+02
    endloop
  endfacet
  facet normal -6.322077e-16 8.867001e-01 4.623450e-01
    outer loop
      vertex 3.550000e+02 2.248429e+01 6.359296e+02
      vertex 3.500000e+02 2.183475e+01 6.371753e+02
      vertex 3.550000e+02 2.183475e+01 6.371753e+02
    endloop
  endfacet
  facet normal 0.000000e+00 8.292211e-01 5.589208e-01
    outer loop
      vertex 3.550000e+02 2.111430e+01 6.383858e+02
      vertex 3.500000e+02 2.111430e+01 6.383858e+02
      vertex 3.500000e+02 2.032879e+01 6.395512e+02
    endloop
  endfacet
  facet normal 0.000000e+00 8.593259e-01 5.114284e-01
    outer loop
      vertex 3.550000e+02 2.183475e+01 6.371753e+02
      vertex 3.500000e+02 2.111430e+01 6.383858e+02
      vertex 3.550000e+02 2.111430e+01 6.383858e+02
    endloop
  endfacet
  facet normal 5.658642e-16 7.963831e-01 6.047925e-01
    outer loop
      vertex 3.550000e+02 2.032879e+01 6.395512e+02
      vertex 3.500000e+02 2.032879e+01 6.395512e+02
      vertex 3.500000e+02 1.947711e+01 6.406727e+02
    endloop
  endfacet
  facet normal 6.003745e-16 8.292211e-01 5.589208e-01
    outer loop
      vertex 3.550000e+02 2.111430e+01 6.383858e+02
      vertex 3.500000e+02 2.032879e+01 6.395512e+02
      vertex 3.550000e+02 2.032879e+01 6.395512e+02
    endloop
  endfacet
  facet normal -5.408795e-16 7.612202e-01 6.484934e-01
    outer loop
      vertex 3.550000e+02 1.947711e+01 6.406727e+02
      vertex 3.500000e+02 1.947711e+01 6.406727e+02
      vertex 3.500000e+02 1.856484e+01 6.417435e+02
    endloop
  endfacet
  facet normal -5.676377e-16 7.963831e-01 6.047925e-01
    outer loop
      vertex 3.550000e+02 2.032879e+01 6.395512e+02
      vertex 3.500000e+02 1.947711e+01 6.406727e+02
      vertex 3.550000e+02 1.947711e+01 6.406727e+02
    endloop
  endfacet
  facet normal 0.000000e+00 7.233749e-01 6.904555e-01
    outer loop
      vertex 3.550000e+02 1.856484e+01 6.417435e+02
      vertex 3.500000e+02 1.856484e+01 6.417435e+02
      vertex 3.500000e+02 1.759355e+01 6.427611e+02
    endloop
  endfacet
  facet normal 0.000000e+00 7.612202e-01 6.484934e-01
    outer loop
      vertex 3.550000e+02 1.947711e+01 6.406727e+02
      vertex 3.500000e+02 1.856484e+01 6.417435e+02
      vertex 3.550000e+02 1.856484e+01 6.417435e+02
    endloop
  endfacet
  facet normal 0.000000e+00 6.835238e-01 7.299282e-01
    outer loop
      vertex 3.550000e+02 1.759355e+01 6.427611e+02
      vertex 3.500000e+02 1.759355e+01 6.427611e+02
      vertex 3.500000e+02 1.656565e+01 6.437237e+02
    endloop
  endfacet
  facet normal 0.000000e+00 7.233749e-01 6.904555e-01
    outer loop
      vertex 3.550000e+02 1.856484e+01 6.417435e+02
      vertex 3.500000e+02 1.759355e+01 6.427611e+02
      vertex 3.550000e+02 1.759355e+01 6.427611e+02
    endloop
  endfacet
  facet normal 0.000000e+00 6.412743e-01 7.673117e-01
    outer loop
      vertex 3.550000e+02 1.656565e+01 6.437237e+02
      vertex 3.500000e+02 1.656565e+01 6.437237e+02
      vertex 3.500000e+02 1.548727e+01 6.446249e+02
    endloop
  endfacet
  facet normal 0.000000e+00 6.835238e-01 7.299282e-01
    outer loop
      vertex 3.550000e+02 1.759355e+01 6.427611e+02
      vertex 3.500000e+02 1.656565e+01 6.437237e+02
      vertex 3.550000e+02 1.656565e+01 6.437237e+02
    endloop
  endfacet
  facet normal -1.000000e+00 0.000000e+00 0.000000e+00
    outer loop
      vertex 3.500000e+02 -1.435729e+01 6.454661e+02
      vertex 3.500000e+02 1.435729e+01 6.454661e+02
      vertex 3.500000e+02 1.548727e+01 6.446249e+02
    endloop
  endfacet
  facet normal 1.654148e-14 5.971316e-01 8.021433e-01
    outer loop
      vertex 3.550000e+02 1.548727e+01 6.446249e+02
      vertex 3.500000e+02 1.548727e+01 6.446249e+02
      vertex 3.500000e+02 1.435729e+01 6.454661e+02
    endloop
  endfacet
  facet normal 1.562554e-14 6.412743e-01 7.673117e-01
    outer loop
      vertex 3.550000e+02 1.656565e+01 6.437237e+02
      vertex 3.500000e+02 1.548727e+01 6.446249e+02
      vertex 3.550000e+02 1.548727e+01 6.446249e+02
    endloop
  endfacet
  facet normal -1.000000e+00 0.000000e+00 0.000000e+00
    outer loop
      vertex 3.500000e+02 -1.318502e+01 6.462404e+02
      vertex 3.500000e+02 1.318502e+01 6.462404e+02
      vertex 3.500000e+02 1.435729e+01 6.454661e+02
    endloop
  endfacet
  facet normal -3.524382e-15 5.511252e-01 8.344225e-01
    outer loop
      vertex 3.550000e+02 1.435729e+01 6.454661e+02
      vertex 3.500000e+02 1.435729e+01 6.454661e+02
      vertex 3.500000e+02 1.318502e+01 6.462404e+02
    endloop
  endfacet
  facet normal -1.000000e+00 0.000000e+00 0.000000e+00
    outer loop
      vertex 3.500000e+02 -1.435729e+01 6.454661e+02
      vertex 3.500000e+02 -1.318502e+01 6.462404e+02
      vertex 3.500000e+02 1.435729e+01 6.454661e+02
    endloop
  endfacet
  facet normal -3.814498e-15 5.971316e-01 8.021433e-01
    outer loop
      vertex 3.550000e+02 1.548727e+01 6.446249e+02
      vertex 3.500000e+02 1.435729e+01 6.454661e+02
      vertex 3.550000e+02 1.435729e+01 6.454661e+02
    endloop
  endfacet
  facet normal -1.000000e+00 0.000000e+00 0.000000e+00
    outer loop
      vertex 3.500000e+02 -1.197113e+01 6.469473e+02
      vertex 3.500000e+02 1.197113e+01 6.469473e+02
      vertex 3.500000e+02 1.318502e+01 6.462404e+02
    endloop
  endfacet
  facet normal 3.575533e-15 5.032116e-01 8.641633e-01
    outer loop
      vertex 3.550000e+02 1.318502e+01 6.462404e+02
      vertex 3.500000e+02 1.318502e+01 6.462404e+02
      vertex 3.500000e+02 1.197113e+01 6.469473e+02
    endloop
  endfacet
  facet normal -1.000000e+00 0.000000e+00 0.000000e+00
    outer loop
      vertex 3.500000e+02 -1.318502e+01 6.462404e+02
      vertex 3.500000e+02 -1.197113e+01 6.469473e+02
      vertex 3.500000e+02 1.318502e+01 6.462404e+02
    endloop
  endfacet
  facet normal 3.903883e-15 5.511252e-01 8.344225e-01
    outer loop
      vertex 3.550000e+02 1.435729e+01 6.454661e+02
      vertex 3.500000e+02 1.318502e+01 6.462404e+02
      vertex 3.550000e+02 1.318502e+01 6.462404e+02
    endloop
  endfacet
  facet normal -1.000000e+00 0.000000e+00 0.000000e+00
    outer loop
      vertex 3.500000e+02 -1.071429e+01 6.475877e+02
      vertex 3.500000e+02 1.071429e+01 6.475877e+02
      vertex 3.500000e+02 1.197113e+01 6.469473e+02
    endloop
  endfacet
  facet normal -2.031940e-15 4.540186e-01 8.909922e-01
    outer loop
      vertex 3.550000e+02 1.197113e+01 6.469473e+02
      vertex 3.500000e+02 1.197113e+01 6.469473e+02
      vertex 3.500000e+02 1.071429e+01 6.475877e+02
    endloop
  endfacet
  facet normal -1.000000e+00 0.000000e+00 0.000000e+00
    outer loop
      vertex 3.500000e+02 -1.197113e+01 6.469473e+02
      vertex 3.500000e+02 -1.071429e+01 6.475877e+02
      vertex 3.500000e+02 1.197113e+01 6.469473e+02
    endloop
  endfacet
  facet normal 5.374455e-16 5.032116e-01 8.641633e-01
    outer loop
      vertex 3.550000e+02 1.318502e+01 6.462404e+02
      vertex 3.500000e+02 1.197113e+01 6.469473e+02
      vertex 3.550000e+02 1.197113e+01 6.469473e+02
    endloop
  endfacet
  facet normal -1.000000e+00 0.000000e+00 0.000000e+00
    outer loop
      vertex 3.500000e+02 -9.942693e+00 6.479964e+02
      vertex 3.500000e+02 9.942660e+00 6.479964e+02
      vertex 3.500000e+02 1.071429e+01 6.475877e+02
    endloop
  endfacet
  facet normal -1.854164e-14 4.680504e-01 8.837018e-01
    outer loop
      vertex 3.550000e+02 1.071429e+01 6.475877e+02
      vertex 3.500000e+02 1.071429e+01 6.475877e+02
      vertex 3.500000e+02 9.942660e+00 6.479964e+02
    endloop
  endfacet
  facet normal -1.000000e+00 0.000000e+00 0.000000e+00
    outer loop
      vertex 3.500000e+02 -1.071429e+01 6.475877e+02
      vertex 3.500000e+02 -9.942693e+00 6.479964e+02
      vertex 3.500000e+02 1.071429e+01 6.475877e+02
    endloop
  endfacet
  facet normal -2.029018e-14 4.540186e-01 8.909922e-01
    outer loop
      vertex 3.550000e+02 1.197113e+01 6.469473e+02
      vertex 3.500000e+02 1.071429e+01 6.475877e+02
      vertex 3.550000e+02 1.071429e+01 6.475877e+02
    endloop
  endfacet
  facet normal -1.000000e+00 0.000000e+00 0.000000e+00
    outer loop
      vertex 3.500000e+02 -9.215971e+00 6.484653e+02
      vertex 3.500000e+02 9.215914e+00 6.484653e+02
      vertex 3.500000e+02 9.942660e+00 6.479964e+02
    endloop
  endfacet
  facet normal 6.514951e-07 5.422027e-01 8.402477e-01
    outer loop
      vertex 3.550000e+02 9.215971e+00 6.484653e+02
      vertex 3.500000e+02 9.942660e+00 6.479964e+02
      vertex 3.500000e+02 9.215914e+00 6.484653e+02
    endloop
  endfacet
  facet normal -1.000000e+00 0.000000e+00 0.000000e+00
    outer loop
      vertex 3.500000e+02 -9.942693e+00 6.479964e+02
      vertex 3.500000e+02 -9.215971e+00 6.484653e+02
      vertex 3.500000e+02 9.942660e+00 6.479964e+02
    endloop
  endfacet
  facet normal -1.066227e-07 5.421990e-01 8.402501e-01
    outer loop
      vertex 3.550000e+02 9.942693e+00 6.479964e+02
      vertex 3.500000e+02 9.942660e+00 6.479964e+02
      vertex 3.550000e+02 9.215971e+00 6.484653e+02
    endloop
  endfacet
  facet normal 5.507909e-07 4.680476e-01 8.837032e-01
    outer loop
      vertex 3.550000e+02 1.071429e+01 6.475877e+02
      vertex 3.500000e+02 9.942660e+00 6.479964e+02
      vertex 3.550000e+02 9.942693e+00 6.479964e+02
    endloop
  endfacet
  facet normal -1.000000e+00 0.000000e+00 0.000000e+00
    outer loop
      vertex 3.500000e+02 -8.531958e+00 6.489965e+02
      vertex 3.500000e+02 8.531885e+00 6.489966e+02
      vertex 3.500000e+02 9.215914e+00 6.484653e+02
    endloop
  endfacet
  facet normal 7.905009e-07 6.133722e-01 7.897940e-01
    outer loop
      vertex 3.550000e+02 8.531958e+00 6.489965e+02
      vertex 3.500000e+02 9.215914e+00 6.484653e+02
      vertex 3.500000e+02 8.531885e+00 6.489966e+02
    endloop
  endfacet
  facet normal -1.000000e+00 0.000000e+00 0.000000e+00
    outer loop
      vertex 3.500000e+02 -9.215971e+00 6.484653e+02
      vertex 3.500000e+02 -8.531958e+00 6.489965e+02
      vertex 3.500000e+02 9.215914e+00 6.484653e+02
    endloop
  endfacet
  facet normal -5.624172e-07 6.133660e-01 7.897988e-01
    outer loop
      vertex 3.550000e+02 9.215971e+00 6.484653e+02
      vertex 3.500000e+02 9.215914e+00 6.484653e+02
      vertex 3.550000e+02 8.531958e+00 6.489965e+02
    endloop
  endfacet
  facet normal -1.000000e+00 0.000000e+00 0.000000e+00
    outer loop
      vertex 3.500000e+02 -7.894524e+00 6.495864e+02
      vertex 3.500000e+02 7.894444e+00 6.495865e+02
      vertex 3.500000e+02 8.531885e+00 6.489966e+02
    endloop
  endfacet
  facet normal 1.044272e-06 6.792228e-01 7.339321e-01
    outer loop
      vertex 3.550000e+02 7.894524e+00 6.495864e+02
      vertex 3.500000e+02 8.531885e+00 6.489966e+02
      vertex 3.500000e+02 7.894444e+00 6.495865e+02
    endloop
  endfacet
  facet normal -1.000000e+00 0.000000e+00 0.000000e+00
    outer loop
      vertex 3.500000e+02 -8.531958e+00 6.489965e+02
      vertex 3.500000e+02 -7.894524e+00 6.495864e+02
      vertex 3.500000e+02 8.531885e+00 6.489966e+02
    endloop
  endfacet
  facet normal -8.434351e-07 6.792148e-01 7.339395e-01
    outer loop
      vertex 3.550000e+02 8.531958e+00 6.489965e+02
      vertex 3.500000e+02 8.531885e+00 6.489966e+02
      vertex 3.550000e+02 7.894524e+00 6.495864e+02
    endloop
  endfacet
  facet normal -1.000000e+00 0.000000e+00 0.000000e+00
    outer loop
      vertex 3.500000e+02 -7.313313e+00 6.502266e+02
      vertex 3.500000e+02 7.313232e+00 6.502267e+02
      vertex 3.500000e+02 7.894444e+00 6.495865e+02
    endloop
  endfacet
  facet normal 1.045740e-06 7.403920e-01 6.721753e-01
    outer loop
      vertex 3.550000e+02 7.313313e+00 6.502266e+02
      vertex 3.500000e+02 7.894444e+00 6.495865e+02
      vertex 3.500000e+02 7.313232e+00 6.502267e+02
    endloop
  endfacet
  facet normal -1.000000e+00 0.000000e+00 0.000000e+00
    outer loop
      vertex 3.500000e+02 -7.894524e+00 6.495864e+02
      vertex 3.500000e+02 -7.313313e+00 6.502266e+02
      vertex 3.500000e+02 7.894444e+00 6.495865e+02
    endloop
  endfacet
  facet normal -9.339083e-07 7.403843e-01 6.721838e-01
    outer loop
      vertex 3.550000e+02 7.894524e+00 6.495864e+02
      vertex 3.500000e+02 7.894444e+00 6.495865e+02
      vertex 3.550000e+02 7.313313e+00 6.502266e+02
    endloop
  endfacet
  facet normal -1.000000e+00 0.000000e+00 0.000000e+00
    outer loop
      vertex 3.500000e+02 -6.787461e+00 6.509174e+02
      vertex 3.500000e+02 6.787386e+00 6.509175e+02
      vertex 3.500000e+02 7.313232e+00 6.502267e+02
    endloop
  endfacet
  facet normal 1.207781e-06 7.957022e-01 6.056881e-01
    outer loop
      vertex 3.550000e+02 6.787461e+00 6.509174e+02
      vertex 3.500000e+02 7.313232e+00 6.502267e+02
      vertex 3.500000e+02 6.787386e+00 6.509175e+02
    endloop
  endfacet
  facet normal -1.000000e+00 0.000000e+00 0.000000e+00
    outer loop
      vertex 3.500000e+02 -7.313313e+00 6.502266e+02
      vertex 3.500000e+02 -6.787461e+00 6.509174e+02
      vertex 3.500000e+02 7.313232e+00 6.502267e+02
    endloop
  endfacet
  facet normal -1.138786e-06 7.956940e-01 6.056988e-01
    outer loop
      vertex 3.550000e+02 7.313313e+00 6.502266e+02
      vertex 3.500000e+02 7.313232e+00 6.502267e+02
      vertex 3.550000e+02 6.787461e+00 6.509174e+02
    endloop
  endfacet
  facet normal -1.000000e+00 0.000000e+00 0.000000e+00
    outer loop
      vertex 3.500000e+02 -6.325560e+00 6.516477e+02
      vertex 3.500000e+02 6.325494e+00 6.516478e+02
      vertex 3.500000e+02 6.787386e+00 6.509175e+02
    endloop
  endfacet
  facet normal 1.092438e-06 8.451576e-01 5.345171e-01
    outer loop
      vertex 3.550000e+02 6.325560e+00 6.516477e+02
      vertex 3.500000e+02 6.787386e+00 6.509175e+02
      vertex 3.500000e+02 6.325494e+00 6.516478e+02
    endloop
  endfacet
  facet normal -1.000000e+00 0.000000e+00 0.000000e+00
    outer loop
      vertex 3.500000e+02 -6.787461e+00 6.509174e+02
      vertex 3.500000e+02 -6.325560e+00 6.516477e+02
      vertex 3.500000e+02 6.787386e+00 6.509175e+02
    endloop
  endfacet
  facet normal -1.092438e-06 8.451509e-01 5.345278e-01
    outer loop
      vertex 3.550000e+02 6.787461e+00 6.509174e+02
      vertex 3.500000e+02 6.787386e+00 6.509175e+02
      vertex 3.550000e+02 6.325560e+00 6.516477e+02
    endloop
  endfacet
  facet normal -1.000000e+00 0.000000e+00 0.000000e+00
    outer loop
      vertex 3.500000e+02 -5.926768e+00 6.524189e+02
      vertex 3.500000e+02 5.926715e+00 6.524190e+02
      vertex 3.500000e+02 6.325494e+00 6.516478e+02
    endloop
  endfacet
  facet normal 1.138786e-06 8.882654e-01 4.593306e-01
    outer loop
      vertex 3.550000e+02 5.926768e+00 6.524189e+02
      vertex 3.500000e+02 6.325494e+00 6.516478e+02
      vertex 3.500000e+02 5.926715e+00 6.524190e+02
    endloop
  endfacet
  facet normal -1.000000e+00 0.000000e+00 0.000000e+00
    outer loop
      vertex 3.500000e+02 -6.325560e+00 6.516477e+02
      vertex 3.500000e+02 -5.926768e+00 6.524189e+02
      vertex 3.500000e+02 6.325494e+00 6.516478e+02
    endloop
  endfacet
  facet normal -1.207781e-06 8.882592e-01 4.593426e-01
    outer loop
      vertex 3.550000e+02 6.325560e+00 6.516477e+02
      vertex 3.500000e+02 6.325494e+00 6.516478e+02
      vertex 3.550000e+02 5.926768e+00 6.524189e+02
    endloop
  endfacet
  facet normal -1.000000e+00 0.000000e+00 0.000000e+00
    outer loop
      vertex 3.500000e+02 -5.597435e+00 6.532184e+02
      vertex 3.500000e+02 5.597396e+00 6.532185e+02
      vertex 3.500000e+02 5.926715e+00 6.524190e+02
    endloop
  endfacet
  facet normal 9.339083e-07 9.246309e-01 3.808643e-01
    outer loop
      vertex 3.550000e+02 5.597435e+00 6.532184e+02
      vertex 3.500000e+02 5.926715e+00 6.524190e+02
      vertex 3.500000e+02 5.597396e+00 6.532185e+02
    endloop
  endfacet
  facet normal -1.000000e+00 0.000000e+00 0.000000e+00
    outer loop
      vertex 3.500000e+02 -5.926768e+00 6.524189e+02
      vertex 3.500000e+02 -5.597435e+00 6.532184e+02
      vertex 3.500000e+02 5.926715e+00 6.524190e+02
    endloop
  endfacet
  facet normal -1.045740e-06 9.246266e-01 3.808749e-01
    outer loop
      vertex 3.550000e+02 5.926768e+00 6.524189e+02
      vertex 3.500000e+02 5.926715e+00 6.524190e+02
      vertex 3.550000e+02 5.597435e+00 6.532184e+02
    endloop
  endfacet
  facet normal -1.000000e+00 0.000000e+00 0.000000e+00
    outer loop
      vertex 3.500000e+02 -5.337623e+00 6.540472e+02
      vertex 3.500000e+02 5.337598e+00 6.540472e+02
      vertex 3.500000e+02 5.597396e+00 6.532185e+02
    endloop
  endfacet
  facet normal 8.434351e-07 9.542122e-01 2.991305e-01
    outer loop
      vertex 3.550000e+02 5.337623e+00 6.540472e+02
      vertex 3.500000e+02 5.597396e+00 6.532185e+02
      vertex 3.500000e+02 5.337598e+00 6.540472e+02
    endloop
  endfacet
  facet normal -1.000000e+00 0.000000e+00 0.000000e+00
    outer loop
      vertex 3.500000e+02 -5.597435e+00 6.532184e+02
      vertex 3.500000e+02 -5.337623e+00 6.540472e+02
      vertex 3.500000e+02 5.597396e+00 6.532185e+02
    endloop
  endfacet
  facet normal -1.044272e-06 9.542090e-01 2.991408e-01
    outer loop
      vertex 3.550000e+02 5.597435e+00 6.532184e+02
      vertex 3.500000e+02 5.597396e+00 6.532185e+02
      vertex 3.550000e+02 5.337623e+00 6.540472e+02
    endloop
  endfacet
  facet normal -1.000000e+00 0.000000e+00 0.000000e+00
    outer loop
      vertex 3.500000e+02 -5.150805e+00 6.548929e+02
      vertex 3.500000e+02 5.150793e+00 6.548929e+02
      vertex 3.500000e+02 5.337598e+00 6.540472e+02
    endloop
  endfacet
  facet normal 5.624172e-07 9.764606e-01 2.156959e-01
    outer loop
      vertex 3.550000e+02 5.150805e+00 6.548929e+02
      vertex 3.500000e+02 5.337598e+00 6.540472e+02
      vertex 3.500000e+02 5.150793e+00 6.548929e+02
    endloop
  endfacet
  facet normal -1.000000e+00 0.000000e+00 0.000000e+00
    outer loop
      vertex 3.500000e+02 -5.337623e+00 6.540472e+02
      vertex 3.500000e+02 -5.150805e+00 6.548929e+02
      vertex 3.500000e+02 5.337598e+00 6.540472e+02
    endloop
  endfacet
  facet normal -7.905009e-07 9.764589e-01 2.157035e-01
    outer loop
      vertex 3.550000e+02 5.337623e+00 6.540472e+02
      vertex 3.500000e+02 5.337598e+00 6.540472e+02
      vertex 3.550000e+02 5.150805e+00 6.548929e+02
    endloop
  endfacet
  facet normal -1.000000e+00 0.000000e+00 0.000000e+00
    outer loop
      vertex 3.500000e+02 -5.038558e+00 6.557505e+02
      vertex 3.500000e+02 5.038553e+00 6.557505e+02
      vertex 3.500000e+02 5.150793e+00 6.548929e+02
    endloop
  endfacet
  facet normal 1.066227e-07 9.915436e-01 1.297739e-01
    outer loop
      vertex 3.550000e+02 5.038558e+00 6.557505e+02
      vertex 3.500000e+02 5.150793e+00 6.548929e+02
      vertex 3.500000e+02 5.038553e+00 6.557505e+02
    endloop
  endfacet
  facet normal -1.000000e+00 0.000000e+00 0.000000e+00
    outer loop
      vertex 3.500000e+02 -5.150805e+00 6.548929e+02
      vertex 3.500000e+02 -5.038558e+00 6.557505e+02
      vertex 3.500000e+02 5.150793e+00 6.548929e+02
    endloop
  endfacet
  facet normal -6.514951e-07 9.915430e-01 1.297782e-01
    outer loop
      vertex 3.550000e+02 5.150805e+00 6.548929e+02
      vertex 3.500000e+02 5.150793e+00 6.548929e+02
      vertex 3.550000e+02 5.038558e+00 6.557505e+02
    endloop
  endfacet
  facet normal -1.000000e+00 0.000000e+00 0.000000e+00
    outer loop
      vertex 3.500000e+02 -5.000000e+00 6.566228e+02
      vertex 3.500000e+02 5.000000e+00 6.566228e+02
      vertex 3.500000e+02 5.038553e+00 6.557505e+02
    endloop
  endfacet
  facet normal -5.507909e-07 9.990247e-01 4.415476e-02
    outer loop
      vertex 3.550000e+02 5.038558e+00 6.557505e+02
      vertex 3.500000e+02 5.038553e+00 6.557505e+02
      vertex 3.500000e+02 5.000000e+00 6.566228e+02
    endloop
  endfacet
  facet normal -1.000000e+00 0.000000e+00 0.000000e+00
    outer loop
      vertex 3.500000e+02 -5.038558e+00 6.557505e+02
      vertex 3.500000e+02 -5.000000e+00 6.566228e+02
      vertex 3.500000e+02 5.038553e+00 6.557505e+02
    endloop
  endfacet
  facet normal -1.000000e+00 0.000000e+00 0.000000e+00
    outer loop
      vertex 3.500000e+02 -5.000000e+00 6.650000e+02
      vertex 3.500000e+02 5.000000e+00 6.650000e+02
      vertex 3.500000e+02 5.000000e+00 6.566228e+02
    endloop
  endfacet
  facet normal 0.000000e+00 1.000000e+00 0.000000e+00
    outer loop
      vertex 3.550000e+02 5.000000e+00 6.566228e+02
      vertex 3.500000e+02 5.000000e+00 6.566228e+02
      vertex 3.500000e+02 5.000000e+00 6.650000e+02
    endloop
  endfacet
  facet normal -1.000000e+00 0.000000e+00 0.000000e+00
    outer loop
      vertex 3.500000e+02 -5.000000e+00 6.566228e+02
      vertex 3.500000e+02 -5.000000e+00 6.650000e+02
      vertex 3.500000e+02 5.000000e+00 6.566228e+02
    endloop
  endfacet
  facet normal 0.000000e+00 9.990246e-01 4.415791e-02
    outer loop
      vertex 3.550000e+02 5.038558e+00 6.557505e+02
      vertex 3.500000e+02 5.000000e+00 6.566228e+02
      vertex 3.550000e+02 5.000000e+00 6.566228e+02
    endloop
  endfacet
  facet normal -9.977686e-01 0.000000e+00 -6.676691e-02
    outer loop
      vertex 3.499824e+02 -5.000000e+00 6.652632e+02
      vertex 3.500000e+02 5.000000e+00 6.650000e+02
      vertex 3.500000e+02 -5.000000e+00 6.650000e+02
    endloop
  endfacet
  facet normal 0.000000e+00 1.000000e+00 0.000000e+00
    outer loop
      vertex 3.550000e+02 5.000000e+00 6.566228e+02
      vertex 3.500000e+02 5.000000e+00 6.650000e+02
      vertex 3.550000e+02 5.000000e+00 6.650000e+02
    endloop
  endfacet
  facet normal 0.000000e+00 1.000000e+00 0.000000e+00
    outer loop
      vertex 3.499824e+02 5.000000e+00 6.652632e+02
      vertex 3.550000e+02 5.000000e+00 6.650000e+02
      vertex 3.500000e+02 5.000000e+00 6.650000e+02
    endloop
  endfacet
  facet normal -9.977686e-01 -7.590519e-16 -6.676691e-02
    outer loop
      vertex 3.499824e+02 -5.000000e+00 6.652632e+02
      vertex 3.499824e+02 5.000000e+00 6.652632e+02
      vertex 3.500000e+02 5.000000e+00 6.650000e+02
    endloop
  endfacet
  facet normal 0.000000e+00 -1.000000e+00 0.000000e+00
    outer loop
      vertex 3.550000e+02 -5.000000e+00 6.650000e+02
      vertex 3.500000e+02 -5.000000e+00 6.650000e+02
      vertex 3.500000e+02 -5.000000e+00 6.566228e+02
    endloop
  endfacet
  facet normal 0.000000e+00 -1.000000e+00 0.000000e+00
    outer loop
      vertex 3.549911e+02 -5.000000e+00 6.653463e+02
      vertex 3.500000e+02 -5.000000e+00 6.650000e+02
      vertex 3.550000e+02 -5.000000e+00 6.650000e+02
    endloop
  endfacet
  facet normal 0.000000e+00 -1.000000e+00 0.000000e+00
    outer loop
      vertex 3.499824e+02 -5.000000e+00 6.652632e+02
      vertex 3.500000e+02 -5.000000e+00 6.650000e+02
      vertex 3.549911e+02 -5.000000e+00 6.653463e+02
    endloop
  endfacet
  facet normal 0.000000e+00 -9.990246e-01 4.415791e-02
    outer loop
      vertex 3.550000e+02 -5.000000e+00 6.566228e+02
      vertex 3.500000e+02 -5.000000e+00 6.566228e+02
      vertex 3.500000e+02 -5.038558e+00 6.557505e+02
    endloop
  endfacet
  facet normal 0.000000e+00 -1.000000e+00 0.000000e+00
    outer loop
      vertex 3.550000e+02 -5.000000e+00 6.650000e+02
      vertex 3.500000e+02 -5.000000e+00 6.566228e+02
      vertex 3.550000e+02 -5.000000e+00 6.566228e+02
    endloop
  endfacet
  facet normal 6.514951e-07 -9.915430e-01 1.297782e-01
    outer loop
      vertex 3.550000e+02 -5.150793e+00 6.548929e+02
      vertex 3.500000e+02 -5.038558e+00 6.557505e+02
      vertex 3.500000e+02 -5.150805e+00 6.548929e+02
    endloop
  endfacet
  facet normal -1.066227e-07 -9.915436e-01 1.297739e-01
    outer loop
      vertex 3.550000e+02 -5.038553e+00 6.557505e+02
      vertex 3.500000e+02 -5.038558e+00 6.557505e+02
      vertex 3.550000e+02 -5.150793e+00 6.548929e+02
    endloop
  endfacet
  facet normal 5.507909e-07 -9.990247e-01 4.415476e-02
    outer loop
      vertex 3.550000e+02 -5.000000e+00 6.566228e+02
      vertex 3.500000e+02 -5.038558e+00 6.557505e+02
      vertex 3.550000e+02 -5.038553e+00 6.557505e+02
    endloop
  endfacet
  facet normal 7.905009e-07 -9.764589e-01 2.157035e-01
    outer loop
      vertex 3.550000e+02 -5.337598e+00 6.540472e+02
      vertex 3.500000e+02 -5.150805e+00 6.548929e+02
      vertex 3.500000e+02 -5.337623e+00 6.540472e+02
    endloop
  endfacet
  facet normal -5.624172e-07 -9.764606e-01 2.156959e-01
    outer loop
      vertex 3.550000e+02 -5.150793e+00 6.548929e+02
      vertex 3.500000e+02 -5.150805e+00 6.548929e+02
      vertex 3.550000e+02 -5.337598e+00 6.540472e+02
    endloop
  endfacet
  facet normal 1.044272e-06 -9.542090e-01 2.991408e-01
    outer loop
      vertex 3.550000e+02 -5.597396e+00 6.532185e+02
      vertex 3.500000e+02 -5.337623e+00 6.540472e+02
      vertex 3.500000e+02 -5.597435e+00 6.532184e+02
    endloop
  endfacet
  facet normal -8.434351e-07 -9.542122e-01 2.991305e-01
    outer loop
      vertex 3.550000e+02 -5.337598e+00 6.540472e+02
      vertex 3.500000e+02 -5.337623e+00 6.540472e+02
      vertex 3.550000e+02 -5.597396e+00 6.532185e+02
    endloop
  endfacet
  facet normal 1.045740e-06 -9.246266e-01 3.808749e-01
    outer loop
      vertex 3.550000e+02 -5.926715e+00 6.524190e+02
      vertex 3.500000e+02 -5.597435e+00 6.532184e+02
      vertex 3.500000e+02 -5.926768e+00 6.524189e+02
    endloop
  endfacet
  facet normal -9.339083e-07 -9.246309e-01 3.808643e-01
    outer loop
      vertex 3.550000e+02 -5.597396e+00 6.532185e+02
      vertex 3.500000e+02 -5.597435e+00 6.532184e+02
      vertex 3.550000e+02 -5.926715e+00 6.524190e+02
    endloop
  endfacet
  facet normal 1.207781e-06 -8.882592e-01 4.593426e-01
    outer loop
      vertex 3.550000e+02 -6.325494e+00 6.516478e+02
      vertex 3.500000e+02 -5.926768e+00 6.524189e+02
      vertex 3.500000e+02 -6.325560e+00 6.516477e+02
    endloop
  endfacet
  facet normal -1.138786e-06 -8.882654e-01 4.593306e-01
    outer loop
      vertex 3.550000e+02 -5.926715e+00 6.524190e+02
      vertex 3.500000e+02 -5.926768e+00 6.524189e+02
      vertex 3.550000e+02 -6.325494e+00 6.516478e+02
    endloop
  endfacet
  facet normal 1.092438e-06 -8.451509e-01 5.345278e-01
    outer loop
      vertex 3.550000e+02 -6.787386e+00 6.509175e+02
      vertex 3.500000e+02 -6.325560e+00 6.516477e+02
      vertex 3.500000e+02 -6.787461e+00 6.509174e+02
    endloop
  endfacet
  facet normal -1.092438e-06 -8.451576e-01 5.345171e-01
    outer loop
      vertex 3.550000e+02 -6.325494e+00 6.516478e+02
      vertex 3.500000e+02 -6.325560e+00 6.516477e+02
      vertex 3.550000e+02 -6.787386e+00 6.509175e+02
    endloop
  endfacet
  facet normal 1.138786e-06 -7.956940e-01 6.056988e-01
    outer loop
      vertex 3.550000e+02 -7.313232e+00 6.502267e+02
      vertex 3.500000e+02 -6.787461e+00 6.509174e+02
      vertex 3.500000e+02 -7.313313e+00 6.502266e+02
    endloop
  endfacet
  facet normal -1.207781e-06 -7.957022e-01 6.056881e-01
    outer loop
      vertex 3.550000e+02 -6.787386e+00 6.509175e+02
      vertex 3.500000e+02 -6.787461e+00 6.509174e+02
      vertex 3.550000e+02 -7.313232e+00 6.502267e+02
    endloop
  endfacet
  facet normal 9.339083e-07 -7.403843e-01 6.721838e-01
    outer loop
      vertex 3.550000e+02 -7.894444e+00 6.495865e+02
      vertex 3.500000e+02 -7.313313e+00 6.502266e+02
      vertex 3.500000e+02 -7.894524e+00 6.495864e+02
    endloop
  endfacet
  facet normal -1.045740e-06 -7.403920e-01 6.721753e-01
    outer loop
      vertex 3.550000e+02 -7.313232e+00 6.502267e+02
      vertex 3.500000e+02 -7.313313e+00 6.502266e+02
      vertex 3.550000e+02 -7.894444e+00 6.495865e+02
    endloop
  endfacet
  facet normal 8.434351e-07 -6.792148e-01 7.339395e-01
    outer loop
      vertex 3.550000e+02 -8.531885e+00 6.489966e+02
      vertex 3.500000e+02 -7.894524e+00 6.495864e+02
      vertex 3.500000e+02 -8.531958e+00 6.489965e+02
    endloop
  endfacet
  facet normal -1.044272e-06 -6.792228e-01 7.339321e-01
    outer loop
      vertex 3.550000e+02 -7.894444e+00 6.495865e+02
      vertex 3.500000e+02 -7.894524e+00 6.495864e+02
      vertex 3.550000e+02 -8.531885e+00 6.489966e+02
    endloop
  endfacet
  facet normal 5.624172e-07 -6.133660e-01 7.897988e-01
    outer loop
      vertex 3.550000e+02 -9.215914e+00 6.484653e+02
      vertex 3.500000e+02 -8.531958e+00 6.489965e+02
      vertex 3.500000e+02 -9.215971e+00 6.484653e+02
    endloop
  endfacet
  facet normal -7.905009e-07 -6.133722e-01 7.897940e-01
    outer loop
      vertex 3.550000e+02 -8.531885e+00 6.489966e+02
      vertex 3.500000e+02 -8.531958e+00 6.489965e+02
      vertex 3.550000e+02 -9.215914e+00 6.484653e+02
    endloop
  endfacet
  facet normal 1.066227e-07 -5.421990e-01 8.402501e-01
    outer loop
      vertex 3.550000e+02 -9.942660e+00 6.479964e+02
      vertex 3.500000e+02 -9.215971e+00 6.484653e+02
      vertex 3.500000e+02 -9.942693e+00 6.479964e+02
    endloop
  endfacet
  facet normal -6.514951e-07 -5.422027e-01 8.402477e-01
    outer loop
      vertex 3.550000e+02 -9.215914e+00 6.484653e+02
      vertex 3.500000e+02 -9.215971e+00 6.484653e+02
      vertex 3.550000e+02 -9.942660e+00 6.479964e+02
    endloop
  endfacet
  facet normal -5.507909e-07 -4.680476e-01 8.837032e-01
    outer loop
      vertex 3.550000e+02 -9.942660e+00 6.479964e+02
      vertex 3.500000e+02 -9.942693e+00 6.479964e+02
      vertex 3.500000e+02 -1.071429e+01 6.475877e+02
    endloop
  endfacet
  facet normal 2.612183e-15 -4.540186e-01 8.909922e-01
    outer loop
      vertex 3.550000e+02 -1.071429e+01 6.475877e+02
      vertex 3.500000e+02 -1.071429e+01 6.475877e+02
      vertex 3.500000e+02 -1.197113e+01 6.469473e+02
    endloop
  endfacet
  facet normal 1.106187e-15 -4.680504e-01 8.837018e-01
    outer loop
      vertex 3.550000e+02 -9.942660e+00 6.479964e+02
      vertex 3.500000e+02 -1.071429e+01 6.475877e+02
      vertex 3.550000e+02 -1.071429e+01 6.475877e+02
    endloop
  endfacet
  facet normal 1.056025e-15 -5.032116e-01 8.641633e-01
    outer loop
      vertex 3.550000e+02 -1.197113e+01 6.469473e+02
      vertex 3.500000e+02 -1.197113e+01 6.469473e+02
      vertex 3.500000e+02 -1.318502e+01 6.462404e+02
    endloop
  endfacet
  facet normal 3.478767e-15 -4.540186e-01 8.909922e-01
    outer loop
      vertex 3.550000e+02 -1.071429e+01 6.475877e+02
      vertex 3.500000e+02 -1.197113e+01 6.469473e+02
      vertex 3.550000e+02 -1.197113e+01 6.469473e+02
    endloop
  endfacet
  facet normal -3.328583e-15 -5.511252e-01 8.344225e-01
    outer loop
      vertex 3.550000e+02 -1.318502e+01 6.462404e+02
      vertex 3.500000e+02 -1.318502e+01 6.462404e+02
      vertex 3.500000e+02 -1.435729e+01 6.454661e+02
    endloop
  endfacet
  facet normal -3.034986e-15 -5.032116e-01 8.641633e-01
    outer loop
      vertex 3.550000e+02 -1.197113e+01 6.469473e+02
      vertex 3.500000e+02 -1.318502e+01 6.462404e+02
      vertex 3.550000e+02 -1.318502e+01 6.462404e+02
    endloop
  endfacet
  facet normal 3.606444e-15 -5.971316e-01 8.021433e-01
    outer loop
      vertex 3.550000e+02 -1.435729e+01 6.454661e+02
      vertex 3.500000e+02 -1.435729e+01 6.454661e+02
      vertex 3.500000e+02 -1.548727e+01 6.446249e+02
    endloop
  endfacet
  facet normal 3.319091e-15 -5.511252e-01 8.344225e-01
    outer loop
      vertex 3.550000e+02 -1.318502e+01 6.462404e+02
      vertex 3.500000e+02 -1.435729e+01 6.454661e+02
      vertex 3.550000e+02 -1.435729e+01 6.454661e+02
    endloop
  endfacet
  facet normal 1.594785e-15 -6.412743e-01 7.673117e-01
    outer loop
      vertex 3.550000e+02 -1.548727e+01 6.446249e+02
      vertex 3.500000e+02 -1.548727e+01 6.446249e+02
      vertex 3.500000e+02 -1.656565e+01 6.437237e+02
    endloop
  endfacet
  facet normal 1.481664e-15 -5.971316e-01 8.021433e-01
    outer loop
      vertex 3.550000e+02 -1.435729e+01 6.454661e+02
      vertex 3.500000e+02 -1.548727e+01 6.446249e+02
      vertex 3.550000e+02 -1.548727e+01 6.446249e+02
    endloop
  endfacet
  facet normal -9.713458e-16 -6.835238e-01 7.299282e-01
    outer loop
      vertex 3.550000e+02 -1.656565e+01 6.437237e+02
      vertex 3.500000e+02 -1.656565e+01 6.437237e+02
      vertex 3.500000e+02 -1.759355e+01 6.427611e+02
    endloop
  endfacet
  facet normal -9.163611e-16 -6.412743e-01 7.673117e-01
    outer loop
      vertex 3.550000e+02 -1.548727e+01 6.446249e+02
      vertex 3.500000e+02 -1.656565e+01 6.437237e+02
      vertex 3.550000e+02 -1.656565e+01 6.437237e+02
    endloop
  endfacet
  facet normal -5.139888e-16 -7.233749e-01 6.904555e-01
    outer loop
      vertex 3.550000e+02 -1.759355e+01 6.427611e+02
      vertex 3.500000e+02 -1.759355e+01 6.427611e+02
      vertex 3.500000e+02 -1.856484e+01 6.417435e+02
    endloop
  endfacet
  facet normal -4.887992e-16 -6.835238e-01 7.299282e-01
    outer loop
      vertex 3.550000e+02 -1.656565e+01 6.437237e+02
      vertex 3.500000e+02 -1.759355e+01 6.427611e+02
      vertex 3.550000e+02 -1.759355e+01 6.427611e+02
    endloop
  endfacet
  facet normal 0.000000e+00 -7.612202e-01 6.484934e-01
    outer loop
      vertex 3.550000e+02 -1.856484e+01 6.417435e+02
      vertex 3.500000e+02 -1.856484e+01 6.417435e+02
      vertex 3.500000e+02 -1.947711e+01 6.406727e+02
    endloop
  endfacet
  facet normal 0.000000e+00 -7.233749e-01 6.904555e-01
    outer loop
      vertex 3.550000e+02 -1.759355e+01 6.427611e+02
      vertex 3.500000e+02 -1.856484e+01 6.417435e+02
      vertex 3.550000e+02 -1.856484e+01 6.417435e+02
    endloop
  endfacet
  facet normal 0.000000e+00 -7.963831e-01 6.047925e-01
    outer loop
      vertex 3.550000e+02 -1.947711e+01 6.406727e+02
      vertex 3.500000e+02 -1.947711e+01 6.406727e+02
      vertex 3.500000e+02 -2.032879e+01 6.395512e+02
    endloop
  endfacet
  facet normal 0.000000e+00 -7.612202e-01 6.484934e-01
    outer loop
      vertex 3.550000e+02 -1.856484e+01 6.417435e+02
      vertex 3.500000e+02 -1.947711e+01 6.406727e+02
      vertex 3.550000e+02 -1.947711e+01 6.406727e+02
    endloop
  endfacet
  facet normal -5.891970e-16 -8.292211e-01 5.589208e-01
    outer loop
      vertex 3.550000e+02 -2.032879e+01 6.395512e+02
      vertex 3.500000e+02 -2.032879e+01 6.395512e+02
      vertex 3.500000e+02 -2.111430e+01 6.383858e+02
    endloop
  endfacet
  facet normal -5.676377e-16 -7.963831e-01 6.047925e-01
    outer loop
      vertex 3.550000e+02 -1.947711e+01 6.406727e+02
      vertex 3.500000e+02 -2.032879e+01 6.395512e+02
      vertex 3.550000e+02 -2.032879e+01 6.395512e+02
    endloop
  endfacet
  facet normal 0.000000e+00 -8.593259e-01 5.114284e-01
    outer loop
      vertex 3.550000e+02 -2.111430e+01 6.383858e+02
      vertex 3.500000e+02 -2.111430e+01 6.383858e+02
      vertex 3.500000e+02 -2.183475e+01 6.371753e+02
    endloop
  endfacet
  facet normal 0.000000e+00 -8.292211e-01 5.589208e-01
    outer loop
      vertex 3.550000e+02 -2.032879e+01 6.395512e+02
      vertex 3.500000e+02 -2.111430e+01 6.383858e+02
      vertex 3.550000e+02 -2.111430e+01 6.383858e+02
    endloop
  endfacet
  facet normal 0.000000e+00 -8.867001e-01 4.623450e-01
    outer loop
      vertex 3.550000e+02 -2.183475e+01 6.371753e+02
      vertex 3.500000e+02 -2.183475e+01 6.371753e+02
      vertex 3.500000e+02 -2.248429e+01 6.359296e+02
    endloop
  endfacet
  facet normal 0.000000e+00 -8.593259e-01 5.114284e-01
    outer loop
      vertex 3.550000e+02 -2.111430e+01 6.383858e+02
      vertex 3.500000e+02 -2.183475e+01 6.371753e+02
      vertex 3.550000e+02 -2.183475e+01 6.371753e+02
    endloop
  endfacet
  facet normal 0.000000e+00 -9.113531e-01 4.116255e-01
    outer loop
      vertex 3.550000e+02 -2.248429e+01 6.359296e+02
      vertex 3.500000e+02 -2.248429e+01 6.359296e+02
      vertex 3.500000e+02 -2.306250e+01 6.346494e+02
    endloop
  endfacet
  facet normal 0.000000e+00 -8.867001e-01 4.623450e-01
    outer loop
      vertex 3.550000e+02 -2.183475e+01 6.371753e+02
      vertex 3.500000e+02 -2.248429e+01 6.359296e+02
      vertex 3.550000e+02 -2.248429e+01 6.359296e+02
    endloop
  endfacet
  facet normal 0.000000e+00 -9.329781e-01 3.599332e-01
    outer loop
      vertex 3.550000e+02 -2.306250e+01 6.346494e+02
      vertex 3.500000e+02 -2.306250e+01 6.346494e+02
      vertex 3.500000e+02 -2.357023e+01 6.333333e+02
    endloop
  endfacet
  facet normal 0.000000e+00 -9.113531e-01 4.116255e-01
    outer loop
      vertex 3.550000e+02 -2.248429e+01 6.359296e+02
      vertex 3.500000e+02 -2.306250e+01 6.346494e+02
      vertex 3.550000e+02 -2.306250e+01 6.346494e+02
    endloop
  endfacet
  facet normal 0.000000e+00 -9.198973e-01 3.921594e-01
    outer loop
      vertex 3.550000e+02 -2.357023e+01 6.333333e+02
      vertex 3.500000e+02 -2.357023e+01 6.333333e+02
      vertex 3.500000e+02 -2.366769e+01 6.331047e+02
    endloop
  endfacet
  facet normal 0.000000e+00 -9.329781e-01 3.599332e-01
    outer loop
      vertex 3.550000e+02 -2.306250e+01 6.346494e+02
      vertex 3.500000e+02 -2.357023e+01 6.333333e+02
      vertex 3.550000e+02 -2.357023e+01 6.333333e+02
    endloop
  endfacet
  facet normal 7.677261e-08 -8.656320e-01 5.006808e-01
    outer loop
      vertex 3.550000e+02 -2.366770e+01 6.331047e+02
      vertex 3.500000e+02 -2.366769e+01 6.331047e+02
      vertex 3.500000e+02 -2.379009e+01 6.328931e+02
    endloop
  endfacet
  facet normal -4.390858e-07 -9.198938e-01 3.921675e-01
    outer loop
      vertex 3.550000e+02 -2.357023e+01 6.333333e+02
      vertex 3.500000e+02 -2.366769e+01 6.331047e+02
      vertex 3.550000e+02 -2.366770e+01 6.331047e+02
    endloop
  endfacet
  facet normal 4.628618e-07 -7.969115e-01 6.040961e-01
    outer loop
      vertex 3.550000e+02 -2.379012e+01 6.328931e+02
      vertex 3.500000e+02 -2.379009e+01 6.328931e+02
      vertex 3.500000e+02 -2.393863e+01 6.326971e+02
    endloop
  endfacet
  facet normal -4.644830e-07 -8.656265e-01 5.006904e-01
    outer loop
      vertex 3.550000e+02 -2.366770e+01 6.331047e+02
      vertex 3.500000e+02 -2.379009e+01 6.328931e+02
      vertex 3.550000e+02 -2.379012e+01 6.328931e+02
    endloop
  endfacet
  facet normal 5.885028e-07 -7.176324e-01 6.964221e-01
    outer loop
      vertex 3.550000e+02 -2.393866e+01 6.326971e+02
      vertex 3.500000e+02 -2.393863e+01 6.326971e+02
      vertex 3.500000e+02 -2.410971e+01 6.325208e+02
    endloop
  endfacet
  facet normal -6.011154e-07 -7.968984e-01 6.041133e-01
    outer loop
      vertex 3.550000e+02 -2.379012e+01 6.328931e+02
      vertex 3.500000e+02 -2.393863e+01 6.326971e+02
      vertex 3.550000e+02 -2.393866e+01 6.326971e+02
    endloop
  endfacet
  facet normal 6.946400e-07 -6.259221e-01 7.798856e-01
    outer loop
      vertex 3.550000e+02 -2.410976e+01 6.325208e+02
      vertex 3.500000e+02 -2.410971e+01 6.325208e+02
      vertex 3.500000e+02 -2.430121e+01 6.323672e+02
    endloop
  endfacet
  facet normal -6.959161e-07 -7.176142e-01 6.964409e-01
    outer loop
      vertex 3.550000e+02 -2.393866e+01 6.326971e+02
      vertex 3.500000e+02 -2.410971e+01 6.325208e+02
      vertex 3.550000e+02 -2.410976e+01 6.325208e+02
    endloop
  endfacet
  facet normal 7.080798e-07 -5.266668e-01 8.500718e-01
    outer loop
      vertex 3.550000e+02 -2.430126e+01 6.323671e+02
      vertex 3.500000e+02 -2.430121e+01 6.323672e+02
      vertex 3.500000e+02 -2.450994e+01 6.322378e+02
    endloop
  endfacet
  facet normal -7.080799e-07 -6.258998e-01 7.799035e-01
    outer loop
      vertex 3.550000e+02 -2.410976e+01 6.325208e+02
      vertex 3.500000e+02 -2.430121e+01 6.323672e+02
      vertex 3.550000e+02 -2.430126e+01 6.323671e+02
    endloop
  endfacet
  facet normal 6.959161e-07 -4.174060e-01 9.087201e-01
    outer loop
      vertex 3.550000e+02 -2.450999e+01 6.322378e+02
      vertex 3.500000e+02 -2.450994e+01 6.322378e+02
      vertex 3.500000e+02 -2.473318e+01 6.321353e+02
    endloop
  endfacet
  facet normal -6.946400e-07 -5.266425e-01 8.500869e-01
    outer loop
      vertex 3.550000e+02 -2.430126e+01 6.323671e+02
      vertex 3.500000e+02 -2.450994e+01 6.322378e+02
      vertex 3.550000e+02 -2.450999e+01 6.322378e+02
    endloop
  endfacet
  facet normal 6.011154e-07 -3.039307e-01 9.526941e-01
    outer loop
      vertex 3.550000e+02 -2.473323e+01 6.321353e+02
      vertex 3.500000e+02 -2.473318e+01 6.321353e+02
      vertex 3.500000e+02 -2.496745e+01 6.320606e+02
    endloop
  endfacet
  facet normal -5.885028e-07 -4.173823e-01 9.087310e-01
    outer loop
      vertex 3.550000e+02 -2.450999e+01 6.322378e+02
      vertex 3.500000e+02 -2.473318e+01 6.321353e+02
      vertex 3.550000e+02 -2.473323e+01 6.321353e+02
    endloop
  endfacet
  facet normal 4.644830e-07 -1.835132e-01 9.830172e-01
    outer loop
      vertex 3.550000e+02 -2.496748e+01 6.320605e+02
      vertex 3.500000e+02 -2.496745e+01 6.320606e+02
      vertex 3.500000e+02 -2.520778e+01 6.320157e+02
    endloop
  endfacet
  facet normal -4.628618e-07 -3.039101e-01 9.527007e-01
    outer loop
      vertex 3.550000e+02 -2.473323e+01 6.321353e+02
      vertex 3.500000e+02 -2.496745e+01 6.320606e+02
      vertex 3.550000e+02 -2.496748e+01 6.320605e+02
    endloop
  endfacet
  facet normal 4.390858e-07 -6.310782e-02 9.980067e-01
    outer loop
      vertex 3.550000e+02 -2.520780e+01 6.320157e+02
      vertex 3.500000e+02 -2.520778e+01 6.320157e+02
      vertex 3.500000e+02 -2.545584e+01 6.320000e+02
    endloop
  endfacet
  facet normal -7.677263e-08 -1.835024e-01 9.830193e-01
    outer loop
      vertex 3.550000e+02 -2.496748e+01 6.320605e+02
      vertex 3.500000e+02 -2.520778e+01 6.320157e+02
      vertex 3.550000e+02 -2.520780e+01 6.320157e+02
    endloop
  endfacet
  facet normal 0.000000e+00 0.000000e+00 1.000000e+00
    outer loop
      vertex 3.550000e+02 -3.000000e+01 6.320000e+02
      vertex 3.500000e+02 -2.545584e+01 6.320000e+02
      vertex 3.500000e+02 -3.000000e+01 6.320000e+02
    endloop
  endfacet
  facet normal 0.000000e+00 0.000000e+00 1.000000e+00
    outer loop
      vertex 3.550000e+02 -2.545584e+01 6.320000e+02
      vertex 3.500000e+02 -2.545584e+01 6.320000e+02
      vertex 3.550000e+02 -3.000000e+01 6.320000e+02
    endloop
  endfacet
  facet normal -4.501973e-17 -6.309900e-02 9.980073e-01
    outer loop
      vertex 3.550000e+02 -2.520780e+01 6.320157e+02
      vertex 3.500000e+02 -2.545584e+01 6.320000e+02
      vertex 3.550000e+02 -2.545584e+01 6.320000e+02
    endloop
  endfacet
  facet normal 0.000000e+00 -1.000000e+00 0.000000e+00
    outer loop
      vertex 3.550000e+02 -3.000000e+01 6.320000e+02
      vertex 3.500000e+02 -3.000000e+01 6.320000e+02
      vertex 3.500000e+02 -3.000000e+01 6.180000e+02
    endloop
  endfacet
  facet normal 0.000000e+00 -1.000000e+00 0.000000e+00
    outer loop
      vertex 3.550000e+02 -3.000000e+01 6.320000e+02
      vertex 3.500000e+02 -3.000000e+01 6.180000e+02
      vertex 3.550000e+02 -3.000000e+01 6.180000e+02
    endloop
  endfacet
  facet normal 0.000000e+00 2.258777e-01 -9.741557e-01
    outer loop
      vertex 3.550000e+02 4.974937e+00 6.005000e+02
      vertex 3.500000e+02 4.974937e+00 6.005000e+02
      vertex 3.500000e+02 6.303409e+00 6.008080e+02
    endloop
  endfacet
  facet normal -4.852219e-08 2.781470e-01 -9.605385e-01
    outer loop
      vertex 3.550000e+02 6.303434e+00 6.008080e+02
      vertex 3.500000e+02 6.303409e+00 6.008080e+02
      vertex 3.500000e+02 7.607137e+00 6.011856e+02
    endloop
  endfacet
  facet normal 2.310577e-07 2.258785e-01 -9.741555e-01
    outer loop
      vertex 3.550000e+02 4.974937e+00 6.005000e+02
      vertex 3.500000e+02 6.303409e+00 6.008080e+02
      vertex 3.550000e+02 6.303434e+00 6.008080e+02
    endloop
  endfacet
  facet normal -2.200034e-07 3.299956e-01 -9.439825e-01
    outer loop
      vertex 3.550000e+02 7.607184e+00 6.011856e+02
      vertex 3.500000e+02 7.607137e+00 6.011856e+02
      vertex 3.500000e+02 8.887021e+00 6.016330e+02
    endloop
  endfacet
  facet normal 3.114552e-07 2.781483e-01 -9.605381e-01
    outer loop
      vertex 3.550000e+02 6.303434e+00 6.008080e+02
      vertex 3.500000e+02 7.607137e+00 6.011856e+02
      vertex 3.550000e+02 7.607184e+00 6.011856e+02
    endloop
  endfacet
  facet normal -3.974887e-07 3.808536e-01 -9.246353e-01
    outer loop
      vertex 3.550000e+02 8.887086e+00 6.016330e+02
      vertex 3.500000e+02 8.887021e+00 6.016330e+02
      vertex 3.500000e+02 1.014441e+01 6.021509e+02
    endloop
  endfacet
  facet normal 3.533017e-07 3.299976e-01 -9.439818e-01
    outer loop
      vertex 3.550000e+02 7.607184e+00 6.011856e+02
      vertex 3.500000e+02 8.887021e+00 6.016330e+02
      vertex 3.550000e+02 8.887086e+00 6.016330e+02
    endloop
  endfacet
  facet normal -4.550100e-07 4.303271e-01 -9.026730e-01
    outer loop
      vertex 3.550000e+02 1.014449e+01 6.021509e+02
      vertex 3.500000e+02 1.014441e+01 6.021509e+02
      vertex 3.500000e+02 1.136985e+01 6.027351e+02
    endloop
  endfacet
  facet normal 4.829130e-07 3.808566e-01 -9.246341e-01
    outer loop
      vertex 3.550000e+02 8.887086e+00 6.016330e+02
      vertex 3.500000e+02 1.014441e+01 6.021509e+02
      vertex 3.550000e+02 1.014449e+01 6.021509e+02
    endloop
  endfacet
  facet normal -5.535715e-07 4.789120e-01 -8.778629e-01
    outer loop
      vertex 3.550000e+02 1.136995e+01 6.027351e+02
      vertex 3.500000e+02 1.136985e+01 6.027351e+02
      vertex 3.500000e+02 1.256136e+01 6.033851e+02
    endloop
  endfacet
  facet normal 5.545738e-07 4.303305e-01 -9.026714e-01
    outer loop
      vertex 3.550000e+02 1.014449e+01 6.021509e+02
      vertex 3.500000e+02 1.136985e+01 6.027351e+02
      vertex 3.550000e+02 1.136995e+01 6.027351e+02
    endloop
  endfacet
  facet normal -6.262977e-07 5.257207e-01 -8.506573e-01
    outer loop
      vertex 3.550000e+02 1.256146e+01 6.033852e+02
      vertex 3.500000e+02 1.256136e+01 6.033851e+02
      vertex 3.500000e+02 1.371743e+01 6.040996e+02
    endloop
  endfacet
  facet normal 6.049744e-07 4.789157e-01 -8.778609e-01
    outer loop
      vertex 3.550000e+02 1.136995e+01 6.027351e+02
      vertex 3.500000e+02 1.256136e+01 6.033851e+02
      vertex 3.550000e+02 1.256146e+01 6.033852e+02
    endloop
  endfacet
  facet normal -6.452001e-07 5.711551e-01 -8.208422e-01
    outer loop
      vertex 3.550000e+02 1.371754e+01 6.040997e+02
      vertex 3.500000e+02 1.371743e+01 6.040996e+02
      vertex 3.500000e+02 1.483002e+01 6.048737e+02
    endloop
  endfacet
  facet normal 6.944036e-07 5.257248e-01 -8.506547e-01
    outer loop
      vertex 3.550000e+02 1.256146e+01 6.033852e+02
      vertex 3.500000e+02 1.371743e+01 6.040996e+02
      vertex 3.550000e+02 1.371754e+01 6.040997e+02
    endloop
  endfacet
  facet normal -7.301697e-07 6.149207e-01 -7.885889e-01
    outer loop
      vertex 3.550000e+02 1.483012e+01 6.048738e+02
      vertex 3.500000e+02 1.483002e+01 6.048737e+02
      vertex 3.500000e+02 1.590153e+01 6.057093e+02
    endloop
  endfacet
  facet normal 6.833793e-07 5.711591e-01 -8.208394e-01
    outer loop
      vertex 3.550000e+02 1.371754e+01 6.040997e+02
      vertex 3.500000e+02 1.483002e+01 6.048737e+02
      vertex 3.550000e+02 1.483012e+01 6.048738e+02
    endloop
  endfacet
  facet normal -7.125898e-07 6.566733e-01 -7.541752e-01
    outer loop
      vertex 3.550000e+02 1.590163e+01 6.057094e+02
      vertex 3.500000e+02 1.590153e+01 6.057093e+02
      vertex 3.500000e+02 1.692476e+01 6.066002e+02
    endloop
  endfacet
  facet normal 7.381337e-07 6.149250e-01 -7.885856e-01
    outer loop
      vertex 3.550000e+02 1.483012e+01 6.048738e+02
      vertex 3.500000e+02 1.590153e+01 6.057093e+02
      vertex 3.550000e+02 1.590163e+01 6.057094e+02
    endloop
  endfacet
  facet normal -7.385887e-07 6.968044e-01 -7.172612e-01
    outer loop
      vertex 3.550000e+02 1.692485e+01 6.066003e+02
      vertex 3.500000e+02 1.692476e+01 6.066002e+02
      vertex 3.500000e+02 1.789790e+01 6.075456e+02
    endloop
  endfacet
  facet normal 7.385887e-07 6.566773e-01 -7.541717e-01
    outer loop
      vertex 3.550000e+02 1.590163e+01 6.057094e+02
      vertex 3.500000e+02 1.692476e+01 6.066002e+02
      vertex 3.550000e+02 1.692485e+01 6.066003e+02
    endloop
  endfacet
  facet normal -7.381337e-07 7.345791e-01 -6.785230e-01
    outer loop
      vertex 3.550000e+02 1.789799e+01 6.075457e+02
      vertex 3.500000e+02 1.789790e+01 6.075456e+02
      vertex 3.500000e+02 1.881986e+01 6.085437e+02
    endloop
  endfacet
  facet normal 7.125898e-07 6.968082e-01 -7.172575e-01
    outer loop
      vertex 3.550000e+02 1.692485e+01 6.066003e+02
      vertex 3.500000e+02 1.789790e+01 6.075456e+02
      vertex 3.550000e+02 1.789799e+01 6.075457e+02
    endloop
  endfacet
  facet normal -6.833792e-07 7.703691e-01 -6.375982e-01
    outer loop
      vertex 3.550000e+02 1.881994e+01 6.085438e+02
      vertex 3.500000e+02 1.881986e+01 6.085437e+02
      vertex 3.500000e+02 1.968408e+01 6.095879e+02
    endloop
  endfacet
  facet normal 7.301697e-07 7.345828e-01 -6.785191e-01
    outer loop
      vertex 3.550000e+02 1.789799e+01 6.075457e+02
      vertex 3.500000e+02 1.881986e+01 6.085437e+02
      vertex 3.550000e+02 1.881994e+01 6.085438e+02
    endloop
  endfacet
  facet normal -6.944036e-07 8.038681e-01 -5.948075e-01
    outer loop
      vertex 3.550000e+02 1.968415e+01 6.095880e+02
      vertex 3.500000e+02 1.968408e+01 6.095879e+02
      vertex 3.500000e+02 2.049244e+01 6.106804e+02
    endloop
  endfacet
  facet normal 6.452001e-07 7.703722e-01 -6.375944e-01
    outer loop
      vertex 3.550000e+02 1.881994e+01 6.085438e+02
      vertex 3.500000e+02 1.968408e+01 6.095879e+02
      vertex 3.550000e+02 1.968415e+01 6.095880e+02
    endloop
  endfacet
  facet normal -6.049744e-07 8.348817e-01 -5.504294e-01
    outer loop
      vertex 3.550000e+02 2.049251e+01 6.106805e+02
      vertex 3.500000e+02 2.049244e+01 6.106804e+02
      vertex 3.500000e+02 2.123954e+01 6.118136e+02
    endloop
  endfacet
  facet normal 6.262977e-07 8.038710e-01 -5.948036e-01
    outer loop
      vertex 3.550000e+02 1.968415e+01 6.095880e+02
      vertex 3.500000e+02 2.049244e+01 6.106804e+02
      vertex 3.550000e+02 2.049251e+01 6.106805e+02
    endloop
  endfacet
  facet normal -5.545737e-07 8.636561e-01 -5.040815e-01
    outer loop
      vertex 3.550000e+02 2.123959e+01 6.118137e+02
      vertex 3.500000e+02 2.123954e+01 6.118136e+02
      vertex 3.500000e+02 2.192387e+01 6.129861e+02
    endloop
  endfacet
  facet normal 5.535715e-07 8.348841e-01 -5.504258e-01
    outer loop
      vertex 3.550000e+02 2.049251e+01 6.106805e+02
      vertex 3.500000e+02 2.123954e+01 6.118136e+02
      vertex 3.550000e+02 2.123959e+01 6.118137e+02
    endloop
  endfacet
  facet normal -4.829130e-07 8.896666e-01 -4.566107e-01
    outer loop
      vertex 3.550000e+02 2.192391e+01 6.129861e+02
      vertex 3.500000e+02 2.192387e+01 6.129861e+02
      vertex 3.500000e+02 2.254481e+01 6.141959e+02
    endloop
  endfacet
  facet normal 4.550100e-07 8.636580e-01 -5.040783e-01
    outer loop
      vertex 3.550000e+02 2.123959e+01 6.118137e+02
      vertex 3.500000e+02 2.192387e+01 6.129861e+02
      vertex 3.550000e+02 2.192391e+01 6.129861e+02
    endloop
  endfacet
  facet normal -3.533017e-07 9.131867e-01 -4.075415e-01
    outer loop
      vertex 3.550000e+02 2.254484e+01 6.141960e+02
      vertex 3.500000e+02 2.254481e+01 6.141959e+02
      vertex 3.500000e+02 2.309738e+01 6.154341e+02
    endloop
  endfacet
  facet normal 3.974887e-07 8.896681e-01 -4.566078e-01
    outer loop
      vertex 3.550000e+02 2.192391e+01 6.129861e+02
      vertex 3.500000e+02 2.254481e+01 6.141959e+02
      vertex 3.550000e+02 2.254484e+01 6.141960e+02
    endloop
  endfacet
  facet normal -3.114552e-07 9.340077e-01 -3.572529e-01
    outer loop
      vertex 3.550000e+02 2.309740e+01 6.154341e+02
      vertex 3.500000e+02 2.309738e+01 6.154341e+02
      vertex 3.500000e+02 2.358229e+01 6.167018e+02
    endloop
  endfacet
  facet normal 2.200034e-07 9.131875e-01 -4.075396e-01
    outer loop
      vertex 3.550000e+02 2.254484e+01 6.141960e+02
      vertex 3.500000e+02 2.309738e+01 6.154341e+02
      vertex 3.550000e+02 2.309740e+01 6.154341e+02
    endloop
  endfacet
  facet normal -2.310577e-07 9.519350e-01 -3.063002e-01
    outer loop
      vertex 3.550000e+02 2.358229e+01 6.167018e+02
      vertex 3.500000e+02 2.358229e+01 6.167018e+02
      vertex 3.500000e+02 2.400000e+01 6.180000e+02
    endloop
  endfacet
  facet normal 4.852219e-08 9.340081e-01 -3.572517e-01
    outer loop
      vertex 3.550000e+02 2.309740e+01 6.154341e+02
      vertex 3.500000e+02 2.358229e+01 6.167018e+02
      vertex 3.550000e+02 2.358229e+01 6.167018e+02
    endloop
  endfacet
  facet normal 0.000000e+00 9.519352e-01 -3.062994e-01
    outer loop
      vertex 3.550000e+02 2.358229e+01 6.167018e+02
      vertex 3.500000e+02 2.400000e+01 6.180000e+02
      vertex 3.550000e+02 2.400000e+01 6.180000e+02
    endloop
  endfacet
  facet normal 1.000000e+00 0.000000e+00 0.000000e+00
    outer loop
      vertex 3.550000e+02 -4.673294e+00 6.436970e+02
      vertex 3.550000e+02 -6.891966e+00 6.437750e+02
      vertex 3.550000e+02 -6.587106e+00 6.436497e+02
    endloop
  endfacet
  facet normal 1.000000e+00 0.000000e+00 0.000000e+00
    outer loop
      vertex 3.550000e+02 -4.378370e+00 6.438355e+02
      vertex 3.550000e+02 -6.891966e+00 6.437750e+02
      vertex 3.550000e+02 -4.673294e+00 6.436970e+02
    endloop
  endfacet
  facet normal 1.000000e+00 0.000000e+00 0.000000e+00
    outer loop
      vertex 3.550000e+02 -1.656565e+01 6.437237e+02
      vertex 3.550000e+02 -6.891966e+00 6.437750e+02
      vertex 3.550000e+02 -4.378370e+00 6.438355e+02
    endloop
  endfacet
  facet normal 1.000000e+00 0.000000e+00 0.000000e+00
    outer loop
      vertex 3.550000e+02 -8.074873e+00 6.432968e+02
      vertex 3.550000e+02 -6.891966e+00 6.437750e+02
      vertex 3.550000e+02 -1.656565e+01 6.437237e+02
    endloop
  endfacet
  facet normal 1.000000e+00 0.000000e+00 0.000000e+00
    outer loop
      vertex 3.550000e+02 -4.982304e+00 6.435941e+02
      vertex 3.550000e+02 -6.587106e+00 6.436497e+02
      vertex 3.550000e+02 -6.274499e+00 6.435623e+02
    endloop
  endfacet
  facet normal 1.000000e+00 0.000000e+00 0.000000e+00
    outer loop
      vertex 3.550000e+02 -4.673294e+00 6.436970e+02
      vertex 3.550000e+02 -6.587106e+00 6.436497e+02
      vertex 3.550000e+02 -4.982304e+00 6.435941e+02
    endloop
  endfacet
  facet normal 1.000000e+00 0.000000e+00 0.000000e+00
    outer loop
      vertex 3.550000e+02 -5.301391e+00 6.435287e+02
      vertex 3.550000e+02 -6.274499e+00 6.435623e+02
      vertex 3.550000e+02 -5.951912e+00 6.435127e+02
    endloop
  endfacet
  facet normal 1.000000e+00 0.000000e+00 0.000000e+00
    outer loop
      vertex 3.550000e+02 -4.982304e+00 6.435941e+02
      vertex 3.550000e+02 -6.274499e+00 6.435623e+02
      vertex 3.550000e+02 -5.301391e+00 6.435287e+02
    endloop
  endfacet
  facet normal 1.000000e+00 0.000000e+00 0.000000e+00
    outer loop
      vertex 3.550000e+02 -5.301391e+00 6.435287e+02
      vertex 3.550000e+02 -5.951912e+00 6.435127e+02
      vertex 3.550000e+02 -5.626042e+00 6.435012e+02
    endloop
  endfacet
  facet normal 1.000000e+00 0.000000e+00 0.000000e+00
    outer loop
      vertex 3.550000e+02 -1.656565e+01 6.437237e+02
      vertex 3.550000e+02 -4.378370e+00 6.438355e+02
      vertex 3.550000e+02 -4.101877e+00 6.440084e+02
    endloop
  endfacet
  facet normal 1.000000e+00 0.000000e+00 0.000000e+00
    outer loop
      vertex 3.550000e+02 -1.656565e+01 6.437237e+02
      vertex 3.550000e+02 -4.101877e+00 6.440084e+02
      vertex 3.550000e+02 -3.847322e+00 6.442127e+02
    endloop
  endfacet
  facet normal 1.000000e+00 0.000000e+00 0.000000e+00
    outer loop
      vertex 3.550000e+02 -1.656565e+01 6.437237e+02
      vertex 3.550000e+02 -3.847322e+00 6.442127e+02
      vertex 3.550000e+02 -3.620277e+00 6.444447e+02
    endloop
  endfacet
  facet normal 1.000000e+00 0.000000e+00 0.000000e+00
    outer loop
      vertex 3.550000e+02 -1.548727e+01 6.446249e+02
      vertex 3.550000e+02 -3.620277e+00 6.444447e+02
      vertex 3.550000e+02 -3.418885e+00 6.447056e+02
    endloop
  endfacet
  facet normal 1.000000e+00 0.000000e+00 0.000000e+00
    outer loop
      vertex 3.550000e+02 -1.548727e+01 6.446249e+02
      vertex 3.550000e+02 -1.656565e+01 6.437237e+02
      vertex 3.550000e+02 -3.620277e+00 6.444447e+02
    endloop
  endfacet
  facet normal 1.000000e+00 0.000000e+00 0.000000e+00
    outer loop
      vertex 3.550000e+02 -1.548727e+01 6.446249e+02
      vertex 3.550000e+02 -3.418885e+00 6.447056e+02
      vertex 3.550000e+02 -2.283656e+00 6.448691e+02
    endloop
  endfacet
  facet normal 1.000000e+00 0.000000e+00 0.000000e+00
    outer loop
      vertex 3.550000e+02 -1.548727e+01 6.446249e+02
      vertex 3.550000e+02 -2.283656e+00 6.448691e+02
      vertex 3.550000e+02 -1.144656e+00 6.449672e+02
    endloop
  endfacet
  facet normal 1.000000e+00 0.000000e+00 0.000000e+00
    outer loop
      vertex 3.550000e+02 -1.548727e+01 6.446249e+02
      vertex 3.550000e+02 -1.144656e+00 6.449672e+02
      vertex 3.550000e+02 -2.966738e-12 6.449999e+02
    endloop
  endfacet
  facet normal 1.000000e+00 0.000000e+00 0.000000e+00
    outer loop
      vertex 3.550000e+02 1.435729e+01 6.454661e+02
      vertex 3.550000e+02 -2.966738e-12 6.449999e+02
      vertex 3.550000e+02 1.144656e+00 6.449672e+02
    endloop
  endfacet
  facet normal 1.000000e+00 0.000000e+00 0.000000e+00
    outer loop
      vertex 3.550000e+02 1.435729e+01 6.454661e+02
      vertex 3.550000e+02 -1.548727e+01 6.446249e+02
      vertex 3.550000e+02 -2.966738e-12 6.449999e+02
    endloop
  endfacet
  facet normal 1.000000e+00 0.000000e+00 0.000000e+00
    outer loop
      vertex 3.550000e+02 1.435729e+01 6.454661e+02
      vertex 3.550000e+02 1.144656e+00 6.449672e+02
      vertex 3.550000e+02 2.283656e+00 6.448691e+02
    endloop
  endfacet
  facet normal 1.000000e+00 0.000000e+00 0.000000e+00
    outer loop
      vertex 3.550000e+02 1.435729e+01 6.454661e+02
      vertex 3.550000e+02 2.283656e+00 6.448691e+02
      vertex 3.550000e+02 3.418885e+00 6.447056e+02
    endloop
  endfacet
  facet normal 1.000000e+00 0.000000e+00 0.000000e+00
    outer loop
      vertex 3.550000e+02 1.548727e+01 6.446249e+02
      vertex 3.550000e+02 3.418885e+00 6.447056e+02
      vertex 3.550000e+02 3.620262e+00 6.444447e+02
    endloop
  endfacet
  facet normal 1.000000e+00 0.000000e+00 0.000000e+00
    outer loop
      vertex 3.550000e+02 1.548727e+01 6.446249e+02
      vertex 3.550000e+02 1.435729e+01 6.454661e+02
      vertex 3.550000e+02 3.418885e+00 6.447056e+02
    endloop
  endfacet
  facet normal 1.000000e+00 0.000000e+00 0.000000e+00
    outer loop
      vertex 3.550000e+02 1.548727e+01 6.446249e+02
      vertex 3.550000e+02 3.620262e+00 6.444447e+02
      vertex 3.550000e+02 3.847292e+00 6.442127e+02
    endloop
  endfacet
  facet normal 1.000000e+00 0.000000e+00 0.000000e+00
    outer loop
      vertex 3.550000e+02 1.548727e+01 6.446249e+02
      vertex 3.550000e+02 3.847292e+00 6.442127e+02
      vertex 3.550000e+02 4.101832e+00 6.440084e+02
    endloop
  endfacet
  facet normal 1.000000e+00 0.000000e+00 0.000000e+00
    outer loop
      vertex 3.550000e+02 1.548727e+01 6.446249e+02
      vertex 3.550000e+02 4.101832e+00 6.440084e+02
      vertex 3.550000e+02 4.378313e+00 6.438355e+02
    endloop
  endfacet
  facet normal 1.000000e+00 0.000000e+00 0.000000e+00
    outer loop
      vertex 3.550000e+02 6.891966e+00 6.437750e+02
      vertex 3.550000e+02 4.378313e+00 6.438355e+02
      vertex 3.550000e+02 4.673228e+00 6.436970e+02
    endloop
  endfacet
  facet normal 1.000000e+00 0.000000e+00 0.000000e+00
    outer loop
      vertex 3.550000e+02 1.548727e+01 6.446249e+02
      vertex 3.550000e+02 4.378313e+00 6.438355e+02
      vertex 3.550000e+02 6.891966e+00 6.437750e+02
    endloop
  endfacet
  facet normal 1.000000e+00 0.000000e+00 0.000000e+00
    outer loop
      vertex 3.550000e+02 6.587084e+00 6.436497e+02
      vertex 3.550000e+02 4.673228e+00 6.436970e+02
      vertex 3.550000e+02 4.982234e+00 6.435941e+02
    endloop
  endfacet
  facet normal 1.000000e+00 0.000000e+00 0.000000e+00
    outer loop
      vertex 3.550000e+02 6.891966e+00 6.437750e+02
      vertex 3.550000e+02 4.673228e+00 6.436970e+02
      vertex 3.550000e+02 6.587084e+00 6.436497e+02
    endloop
  endfacet
  facet normal 1.000000e+00 0.000000e+00 0.000000e+00
    outer loop
      vertex 3.550000e+02 6.274459e+00 6.435623e+02
      vertex 3.550000e+02 4.982234e+00 6.435941e+02
      vertex 3.550000e+02 5.301320e+00 6.435287e+02
    endloop
  endfacet
  facet normal 1.000000e+00 0.000000e+00 0.000000e+00
    outer loop
      vertex 3.550000e+02 6.587084e+00 6.436497e+02
      vertex 3.550000e+02 4.982234e+00 6.435941e+02
      vertex 3.550000e+02 6.274459e+00 6.435623e+02
    endloop
  endfacet
  facet normal 1.000000e+00 0.000000e+00 0.000000e+00
    outer loop
      vertex 3.550000e+02 5.951858e+00 6.435127e+02
      vertex 3.550000e+02 5.301320e+00 6.435287e+02
      vertex 3.550000e+02 5.625977e+00 6.435012e+02
    endloop
  endfacet
  facet normal 1.000000e+00 0.000000e+00 0.000000e+00
    outer loop
      vertex 3.550000e+02 6.274459e+00 6.435623e+02
      vertex 3.550000e+02 5.301320e+00 6.435287e+02
      vertex 3.550000e+02 5.951858e+00 6.435127e+02
    endloop
  endfacet
  facet normal 1.000000e+00 0.000000e+00 0.000000e+00
    outer loop
      vertex 3.550000e+02 1.656565e+01 6.437237e+02
      vertex 3.550000e+02 1.548727e+01 6.446249e+02
      vertex 3.550000e+02 6.891966e+00 6.437750e+02
    endloop
  endfacet
  facet normal 1.000000e+00 0.000000e+00 0.000000e+00
    outer loop
      vertex 3.550000e+02 8.028397e+00 6.433174e+02
      vertex 3.550000e+02 1.656565e+01 6.437237e+02
      vertex 3.550000e+02 6.891966e+00 6.437750e+02
    endloop
  endfacet
  facet normal 1.000000e+00 0.000000e+00 0.000000e+00
    outer loop
      vertex 3.550000e+02 3.000000e+01 6.320000e+02
      vertex 3.550000e+02 2.400000e+01 6.180000e+02
      vertex 3.550000e+02 3.000000e+01 6.180000e+02
    endloop
  endfacet
  facet normal 1.000000e+00 0.000000e+00 0.000000e+00
    outer loop
      vertex 3.550000e+02 1.857871e+01 6.175963e+02
      vertex 3.550000e+02 2.358229e+01 6.167018e+02
      vertex 3.550000e+02 2.400000e+01 6.180000e+02
    endloop
  endfacet
  facet normal 1.000000e+00 0.000000e+00 0.000000e+00
    outer loop
      vertex 3.550000e+02 1.901010e+01 6.187858e+02
      vertex 3.550000e+02 2.400000e+01 6.180000e+02
      vertex 3.550000e+02 3.000000e+01 6.320000e+02
    endloop
  endfacet
  facet normal 1.000000e+00 0.000000e+00 0.000000e+00
    outer loop
      vertex 3.550000e+02 1.901010e+01 6.187858e+02
      vertex 3.550000e+02 1.857871e+01 6.175963e+02
      vertex 3.550000e+02 2.400000e+01 6.180000e+02
    endloop
  endfacet
  facet normal 1.000000e+00 0.000000e+00 0.000000e+00
    outer loop
      vertex 3.550000e+02 1.807318e+01 6.164354e+02
      vertex 3.550000e+02 2.309740e+01 6.154341e+02
      vertex 3.550000e+02 2.358229e+01 6.167018e+02
    endloop
  endfacet
  facet normal 1.000000e+00 0.000000e+00 0.000000e+00
    outer loop
      vertex 3.550000e+02 1.857871e+01 6.175963e+02
      vertex 3.550000e+02 1.807318e+01 6.164354e+02
      vertex 3.550000e+02 2.358229e+01 6.167018e+02
    endloop
  endfacet
  facet normal 1.000000e+00 0.000000e+00 0.000000e+00
    outer loop
      vertex 3.550000e+02 1.685471e+01 6.142330e+02
      vertex 3.550000e+02 2.254484e+01 6.141960e+02
      vertex 3.550000e+02 2.309740e+01 6.154341e+02
    endloop
  endfacet
  facet normal 1.000000e+00 0.000000e+00 0.000000e+00
    outer loop
      vertex 3.550000e+02 1.749900e+01 6.153154e+02
      vertex 3.550000e+02 1.685471e+01 6.142330e+02
      vertex 3.550000e+02 2.309740e+01 6.154341e+02
    endloop
  endfacet
  facet normal 1.000000e+00 0.000000e+00 0.000000e+00
    outer loop
      vertex 3.550000e+02 1.807318e+01 6.164354e+02
      vertex 3.550000e+02 1.749900e+01 6.153154e+02
      vertex 3.550000e+02 2.309740e+01 6.154341e+02
    endloop
  endfacet
  facet normal 1.000000e+00 0.000000e+00 0.000000e+00
    outer loop
      vertex 3.550000e+02 1.614327e+01 6.131936e+02
      vertex 3.550000e+02 2.192391e+01 6.129861e+02
      vertex 3.550000e+02 2.254484e+01 6.141960e+02
    endloop
  endfacet
  facet normal 1.000000e+00 0.000000e+00 0.000000e+00
    outer loop
      vertex 3.550000e+02 1.685471e+01 6.142330e+02
      vertex 3.550000e+02 1.614327e+01 6.131936e+02
      vertex 3.550000e+02 2.254484e+01 6.141960e+02
    endloop
  endfacet
  facet normal 1.000000e+00 0.000000e+00 0.000000e+00
    outer loop
      vertex 3.550000e+02 1.536245e+01 6.121949e+02
      vertex 3.550000e+02 2.123959e+01 6.118137e+02
      vertex 3.550000e+02 2.192391e+01 6.129861e+02
    endloop
  endfacet
  facet normal 1.000000e+00 0.000000e+00 0.000000e+00
    outer loop
      vertex 3.550000e+02 1.614327e+01 6.131936e+02
      vertex 3.550000e+02 1.536245e+01 6.121949e+02
      vertex 3.550000e+02 2.192391e+01 6.129861e+02
    endloop
  endfacet
  facet normal 1.000000e+00 0.000000e+00 0.000000e+00
    outer loop
      vertex 3.550000e+02 1.451856e+01 6.112447e+02
      vertex 3.550000e+02 2.049251e+01 6.106805e+02
      vertex 3.550000e+02 2.123959e+01 6.118137e+02
    endloop
  endfacet
  facet normal 1.000000e+00 0.000000e+00 0.000000e+00
    outer loop
      vertex 3.550000e+02 1.536245e+01 6.121949e+02
      vertex 3.550000e+02 1.451856e+01 6.112447e+02
      vertex 3.550000e+02 2.123959e+01 6.118137e+02
    endloop
  endfacet
  facet normal 1.000000e+00 0.000000e+00 0.000000e+00
    outer loop
      vertex 3.550000e+02 1.361898e+01 6.103537e+02
      vertex 3.550000e+02 1.968415e+01 6.095880e+02
      vertex 3.550000e+02 2.049251e+01 6.106805e+02
    endloop
  endfacet
  facet normal 1.000000e+00 0.000000e+00 0.000000e+00
    outer loop
      vertex 3.550000e+02 1.451856e+01 6.112447e+02
      vertex 3.550000e+02 1.361898e+01 6.103537e+02
      vertex 3.550000e+02 2.049251e+01 6.106805e+02
    endloop
  endfacet
  facet normal 1.000000e+00 0.000000e+00 0.000000e+00
    outer loop
      vertex 3.550000e+02 1.165673e+01 6.087483e+02
      vertex 3.550000e+02 1.881994e+01 6.085438e+02
      vertex 3.550000e+02 1.968415e+01 6.095880e+02
    endloop
  endfacet
  facet normal 1.000000e+00 0.000000e+00 0.000000e+00
    outer loop
      vertex 3.550000e+02 1.266158e+01 6.095186e+02
      vertex 3.550000e+02 1.165673e+01 6.087483e+02
      vertex 3.550000e+02 1.968415e+01 6.095880e+02
    endloop
  endfacet
  facet normal 1.000000e+00 0.000000e+00 0.000000e+00
    outer loop
      vertex 3.550000e+02 1.361898e+01 6.103537e+02
      vertex 3.550000e+02 1.266158e+01 6.095186e+02
      vertex 3.550000e+02 1.968415e+01 6.095880e+02
    endloop
  endfacet
  facet normal 1.000000e+00 0.000000e+00 0.000000e+00
    outer loop
      vertex 3.550000e+02 1.060235e+01 6.080421e+02
      vertex 3.550000e+02 1.789799e+01 6.075457e+02
      vertex 3.550000e+02 1.881994e+01 6.085438e+02
    endloop
  endfacet
  facet normal 1.000000e+00 0.000000e+00 0.000000e+00
    outer loop
      vertex 3.550000e+02 1.165673e+01 6.087483e+02
      vertex 3.550000e+02 1.060235e+01 6.080421e+02
      vertex 3.550000e+02 1.881994e+01 6.085438e+02
    endloop
  endfacet
  facet normal 1.000000e+00 0.000000e+00 0.000000e+00
    outer loop
      vertex 3.550000e+02 8.378240e+00 6.068396e+02
      vertex 3.550000e+02 1.692485e+01 6.066003e+02
      vertex 3.550000e+02 1.789799e+01 6.075457e+02
    endloop
  endfacet
  facet normal 1.000000e+00 0.000000e+00 0.000000e+00
    outer loop
      vertex 3.550000e+02 9.506657e+00 6.074040e+02
      vertex 3.550000e+02 8.378240e+00 6.068396e+02
      vertex 3.550000e+02 1.789799e+01 6.075457e+02
    endloop
  endfacet
  facet normal 1.000000e+00 0.000000e+00 0.000000e+00
    outer loop
      vertex 3.550000e+02 1.060235e+01 6.080421e+02
      vertex 3.550000e+02 9.506657e+00 6.074040e+02
      vertex 3.550000e+02 1.789799e+01 6.075457e+02
    endloop
  endfacet
  facet normal 1.000000e+00 0.000000e+00 0.000000e+00
    outer loop
      vertex 3.550000e+02 6.028859e+00 6.059302e+02
      vertex 3.550000e+02 1.590163e+01 6.057094e+02
      vertex 3.550000e+02 1.692485e+01 6.066003e+02
    endloop
  endfacet
  facet normal 1.000000e+00 0.000000e+00 0.000000e+00
    outer loop
      vertex 3.550000e+02 7.214895e+00 6.063470e+02
      vertex 3.550000e+02 6.028859e+00 6.059302e+02
      vertex 3.550000e+02 1.692485e+01 6.066003e+02
    endloop
  endfacet
  facet normal 1.000000e+00 0.000000e+00 0.000000e+00
    outer loop
      vertex 3.550000e+02 8.378240e+00 6.068396e+02
      vertex 3.550000e+02 7.214895e+00 6.063470e+02
      vertex 3.550000e+02 1.692485e+01 6.066003e+02
    endloop
  endfacet
  facet normal 1.000000e+00 0.000000e+00 0.000000e+00
    outer loop
      vertex 3.550000e+02 1.078411e+00 6.050294e+02
      vertex 3.550000e+02 1.483012e+01 6.048738e+02
      vertex 3.550000e+02 1.590163e+01 6.057094e+02
    endloop
  endfacet
  facet normal 1.000000e+00 0.000000e+00 0.000000e+00
    outer loop
      vertex 3.550000e+02 2.342569e+00 6.051382e+02
      vertex 3.550000e+02 1.078411e+00 6.050294e+02
      vertex 3.550000e+02 1.590163e+01 6.057094e+02
    endloop
  endfacet
  facet normal 1.000000e+00 0.000000e+00 0.000000e+00
    outer loop
      vertex 3.550000e+02 3.590099e+00 6.053248e+02
      vertex 3.550000e+02 2.342569e+00 6.051382e+02
      vertex 3.550000e+02 1.590163e+01 6.057094e+02
    endloop
  endfacet
  facet normal 1.000000e+00 0.000000e+00 0.000000e+00
    outer loop
      vertex 3.550000e+02 4.819369e+00 6.055891e+02
      vertex 3.550000e+02 3.590099e+00 6.053248e+02
      vertex 3.550000e+02 1.590163e+01 6.057094e+02
    endloop
  endfacet
  facet normal 1.000000e+00 0.000000e+00 0.000000e+00
    outer loop
      vertex 3.550000e+02 6.028859e+00 6.059302e+02
      vertex 3.550000e+02 4.819369e+00 6.055891e+02
      vertex 3.550000e+02 1.590163e+01 6.057094e+02
    endloop
  endfacet
  facet normal 1.000000e+00 0.000000e+00 0.000000e+00
    outer loop
      vertex 3.550000e+02 1.078411e+00 6.050294e+02
      vertex 3.550000e+02 -1.860697e-01 6.050010e+02
      vertex 3.550000e+02 1.483012e+01 6.048738e+02
    endloop
  endfacet
  facet normal 1.000000e+00 0.000000e+00 0.000000e+00
    outer loop
      vertex 3.550000e+02 -2.545584e+01 6.320000e+02
      vertex 3.550000e+02 -3.000000e+01 6.320000e+02
      vertex 3.550000e+02 -3.000000e+01 6.180000e+02
    endloop
  endfacet
  facet normal 1.000000e+00 0.000000e+00 0.000000e+00
    outer loop
      vertex 3.550000e+02 -1.889964e+01 6.315418e+02
      vertex 3.550000e+02 -2.545584e+01 6.320000e+02
      vertex 3.550000e+02 -3.000000e+01 6.180000e+02
    endloop
  endfacet
  facet normal 1.000000e+00 0.000000e+00 0.000000e+00
    outer loop
      vertex 3.550000e+02 -1.927575e+01 6.303332e+02
      vertex 3.550000e+02 -1.889964e+01 6.315418e+02
      vertex 3.550000e+02 -3.000000e+01 6.180000e+02
    endloop
  endfacet
  facet normal 1.000000e+00 0.000000e+00 0.000000e+00
    outer loop
      vertex 3.550000e+02 -1.957477e+01 6.290999e+02
      vertex 3.550000e+02 -1.927575e+01 6.303332e+02
      vertex 3.550000e+02 -3.000000e+01 6.180000e+02
    endloop
  endfacet
  facet normal 1.000000e+00 0.000000e+00 0.000000e+00
    outer loop
      vertex 3.550000e+02 -1.979562e+01 6.278510e+02
      vertex 3.550000e+02 -1.957477e+01 6.290999e+02
      vertex 3.550000e+02 -3.000000e+01 6.180000e+02
    endloop
  endfacet
  facet normal 1.000000e+00 0.000000e+00 0.000000e+00
    outer loop
      vertex 3.550000e+02 -1.993607e+01 6.265962e+02
      vertex 3.550000e+02 -1.979562e+01 6.278510e+02
      vertex 3.550000e+02 -3.000000e+01 6.180000e+02
    endloop
  endfacet
  facet normal 1.000000e+00 0.000000e+00 0.000000e+00
    outer loop
      vertex 3.550000e+02 -1.999694e+01 6.253330e+02
      vertex 3.550000e+02 -1.993607e+01 6.265962e+02
      vertex 3.550000e+02 -3.000000e+01 6.180000e+02
    endloop
  endfacet
  facet normal 1.000000e+00 0.000000e+00 0.000000e+00
    outer loop
      vertex 3.550000e+02 -1.997867e+01 6.240750e+02
      vertex 3.550000e+02 -1.999694e+01 6.253330e+02
      vertex 3.550000e+02 -3.000000e+01 6.180000e+02
    endloop
  endfacet
  facet normal 1.000000e+00 0.000000e+00 0.000000e+00
    outer loop
      vertex 3.550000e+02 -1.988108e+01 6.228211e+02
      vertex 3.550000e+02 -1.997867e+01 6.240750e+02
      vertex 3.550000e+02 -3.000000e+01 6.180000e+02
    endloop
  endfacet
  facet normal 1.000000e+00 0.000000e+00 0.000000e+00
    outer loop
      vertex 3.550000e+02 -1.970479e+01 6.215761e+02
      vertex 3.550000e+02 -1.988108e+01 6.228211e+02
      vertex 3.550000e+02 -3.000000e+01 6.180000e+02
    endloop
  endfacet
  facet normal 1.000000e+00 0.000000e+00 0.000000e+00
    outer loop
      vertex 3.550000e+02 -1.944964e+01 6.203424e+02
      vertex 3.550000e+02 -1.970479e+01 6.215761e+02
      vertex 3.550000e+02 -3.000000e+01 6.180000e+02
    endloop
  endfacet
  facet normal 1.000000e+00 0.000000e+00 0.000000e+00
    outer loop
      vertex 3.550000e+02 -1.911620e+01 6.191213e+02
      vertex 3.550000e+02 -1.944964e+01 6.203424e+02
      vertex 3.550000e+02 -3.000000e+01 6.180000e+02
    endloop
  endfacet
  facet normal 1.000000e+00 0.000000e+00 0.000000e+00
    outer loop
      vertex 3.550000e+02 -1.889964e+01 6.315418e+02
      vertex 3.550000e+02 -2.520780e+01 6.320157e+02
      vertex 3.550000e+02 -2.545584e+01 6.320000e+02
    endloop
  endfacet
  facet normal 1.000000e+00 0.000000e+00 0.000000e+00
    outer loop
      vertex 3.550000e+02 -1.844653e+01 6.327277e+02
      vertex 3.550000e+02 -2.496748e+01 6.320605e+02
      vertex 3.550000e+02 -2.520780e+01 6.320157e+02
    endloop
  endfacet
  facet normal 1.000000e+00 0.000000e+00 0.000000e+00
    outer loop
      vertex 3.550000e+02 -1.889964e+01 6.315418e+02
      vertex 3.550000e+02 -1.844653e+01 6.327277e+02
      vertex 3.550000e+02 -2.520780e+01 6.320157e+02
    endloop
  endfacet
  facet normal 1.000000e+00 0.000000e+00 0.000000e+00
    outer loop
      vertex 3.550000e+02 -1.844653e+01 6.327277e+02
      vertex 3.550000e+02 -2.473323e+01 6.321353e+02
      vertex 3.550000e+02 -2.496748e+01 6.320605e+02
    endloop
  endfacet
  facet normal 1.000000e+00 0.000000e+00 0.000000e+00
    outer loop
      vertex 3.550000e+02 -1.844653e+01 6.327277e+02
      vertex 3.550000e+02 -2.450999e+01 6.322378e+02
      vertex 3.550000e+02 -2.473323e+01 6.321353e+02
    endloop
  endfacet
  facet normal 1.000000e+00 0.000000e+00 0.000000e+00
    outer loop
      vertex 3.550000e+02 -1.844653e+01 6.327277e+02
      vertex 3.550000e+02 -2.430126e+01 6.323671e+02
      vertex 3.550000e+02 -2.450999e+01 6.322378e+02
    endloop
  endfacet
  facet normal 1.000000e+00 0.000000e+00 0.000000e+00
    outer loop
      vertex 3.550000e+02 -1.844653e+01 6.327277e+02
      vertex 3.550000e+02 -2.410976e+01 6.325208e+02
      vertex 3.550000e+02 -2.430126e+01 6.323671e+02
    endloop
  endfacet
  facet normal 1.000000e+00 0.000000e+00 0.000000e+00
    outer loop
      vertex 3.550000e+02 -1.844653e+01 6.327277e+02
      vertex 3.550000e+02 -2.393866e+01 6.326971e+02
      vertex 3.550000e+02 -2.410976e+01 6.325208e+02
    endloop
  endfacet
  facet normal 1.000000e+00 0.000000e+00 0.000000e+00
    outer loop
      vertex 3.550000e+02 -1.844653e+01 6.327277e+02
      vertex 3.550000e+02 -2.379012e+01 6.328931e+02
      vertex 3.550000e+02 -2.393866e+01 6.326971e+02
    endloop
  endfacet
  facet normal 1.000000e+00 0.000000e+00 0.000000e+00
    outer loop
      vertex 3.550000e+02 -1.792125e+01 6.338783e+02
      vertex 3.550000e+02 -2.366770e+01 6.331047e+02
      vertex 3.550000e+02 -2.379012e+01 6.328931e+02
    endloop
  endfacet
  facet normal 1.000000e+00 0.000000e+00 0.000000e+00
    outer loop
      vertex 3.550000e+02 -1.844653e+01 6.327277e+02
      vertex 3.550000e+02 -1.792125e+01 6.338783e+02
      vertex 3.550000e+02 -2.379012e+01 6.328931e+02
    endloop
  endfacet
  facet normal 1.000000e+00 0.000000e+00 0.000000e+00
    outer loop
      vertex 3.550000e+02 -1.792125e+01 6.338783e+02
      vertex 3.550000e+02 -2.357023e+01 6.333333e+02
      vertex 3.550000e+02 -2.366770e+01 6.331047e+02
    endloop
  endfacet
  facet normal 1.000000e+00 0.000000e+00 0.000000e+00
    outer loop
      vertex 3.550000e+02 -1.792125e+01 6.338783e+02
      vertex 3.550000e+02 -2.306250e+01 6.346494e+02
      vertex 3.550000e+02 -2.357023e+01 6.333333e+02
    endloop
  endfacet
  facet normal 1.000000e+00 0.000000e+00 0.000000e+00
    outer loop
      vertex 3.550000e+02 -1.732166e+01 6.349968e+02
      vertex 3.550000e+02 -2.248429e+01 6.359296e+02
      vertex 3.550000e+02 -2.306250e+01 6.346494e+02
    endloop
  endfacet
  facet normal 1.000000e+00 0.000000e+00 0.000000e+00
    outer loop
      vertex 3.550000e+02 -1.792125e+01 6.338783e+02
      vertex 3.550000e+02 -1.732166e+01 6.349968e+02
      vertex 3.550000e+02 -2.306250e+01 6.346494e+02
    endloop
  endfacet
  facet normal 1.000000e+00 0.000000e+00 0.000000e+00
    outer loop
      vertex 3.550000e+02 -1.592696e+01 6.370973e+02
      vertex 3.550000e+02 -2.183475e+01 6.371753e+02
      vertex 3.550000e+02 -2.248429e+01 6.359296e+02
    endloop
  endfacet
  facet normal 1.000000e+00 0.000000e+00 0.000000e+00
    outer loop
      vertex 3.550000e+02 -1.665509e+01 6.360726e+02
      vertex 3.550000e+02 -1.592696e+01 6.370973e+02
      vertex 3.550000e+02 -2.248429e+01 6.359296e+02
    endloop
  endfacet
  facet normal 1.000000e+00 0.000000e+00 0.000000e+00
    outer loop
      vertex 3.550000e+02 -1.732166e+01 6.349968e+02
      vertex 3.550000e+02 -1.665509e+01 6.360726e+02
      vertex 3.550000e+02 -2.248429e+01 6.359296e+02
    endloop
  endfacet
  facet normal 1.000000e+00 0.000000e+00 0.000000e+00
    outer loop
      vertex 3.550000e+02 -1.513557e+01 6.380738e+02
      vertex 3.550000e+02 -2.111430e+01 6.383858e+02
      vertex 3.550000e+02 -2.183475e+01 6.371753e+02
    endloop
  endfacet
  facet normal 1.000000e+00 0.000000e+00 0.000000e+00
    outer loop
      vertex 3.550000e+02 -1.592696e+01 6.370973e+02
      vertex 3.550000e+02 -1.513557e+01 6.380738e+02
      vertex 3.550000e+02 -2.183475e+01 6.371753e+02
    endloop
  endfacet
  facet normal 1.000000e+00 0.000000e+00 0.000000e+00
    outer loop
      vertex 3.550000e+02 -1.428441e+01 6.389981e+02
      vertex 3.550000e+02 -2.032879e+01 6.395512e+02
      vertex 3.550000e+02 -2.111430e+01 6.383858e+02
    endloop
  endfacet
  facet normal 1.000000e+00 0.000000e+00 0.000000e+00
    outer loop
      vertex 3.550000e+02 -1.513557e+01 6.380738e+02
      vertex 3.550000e+02 -1.428441e+01 6.389981e+02
      vertex 3.550000e+02 -2.111430e+01 6.383858e+02
    endloop
  endfacet
  facet normal 1.000000e+00 0.000000e+00 0.000000e+00
    outer loop
      vertex 3.550000e+02 -1.337126e+01 6.398727e+02
      vertex 3.550000e+02 -1.947711e+01 6.406727e+02
      vertex 3.550000e+02 -2.032879e+01 6.395512e+02
    endloop
  endfacet
  facet normal 1.000000e+00 0.000000e+00 0.000000e+00
    outer loop
      vertex 3.550000e+02 -1.428441e+01 6.389981e+02
      vertex 3.550000e+02 -1.337126e+01 6.398727e+02
      vertex 3.550000e+02 -2.032879e+01 6.395512e+02
    endloop
  endfacet
  facet normal 1.000000e+00 0.000000e+00 0.000000e+00
    outer loop
      vertex 3.550000e+02 -1.138775e+01 6.414410e+02
      vertex 3.550000e+02 -1.856484e+01 6.417435e+02
      vertex 3.550000e+02 -1.947711e+01 6.406727e+02
    endloop
  endfacet
  facet normal 1.000000e+00 0.000000e+00 0.000000e+00
    outer loop
      vertex 3.550000e+02 -1.240473e+01 6.406883e+02
      vertex 3.550000e+02 -1.138775e+01 6.414410e+02
      vertex 3.550000e+02 -1.947711e+01 6.406727e+02
    endloop
  endfacet
  facet normal 1.000000e+00 0.000000e+00 0.000000e+00
    outer loop
      vertex 3.550000e+02 -1.337126e+01 6.398727e+02
      vertex 3.550000e+02 -1.240473e+01 6.406883e+02
      vertex 3.550000e+02 -1.947711e+01 6.406727e+02
    endloop
  endfacet
  facet normal 1.000000e+00 0.000000e+00 0.000000e+00
    outer loop
      vertex 3.550000e+02 -9.217696e+00 6.427490e+02
      vertex 3.550000e+02 -1.759355e+01 6.427611e+02
      vertex 3.550000e+02 -1.856484e+01 6.417435e+02
    endloop
  endfacet
  facet normal 1.000000e+00 0.000000e+00 0.000000e+00
    outer loop
      vertex 3.550000e+02 -1.032161e+01 6.421307e+02
      vertex 3.550000e+02 -9.217696e+00 6.427490e+02
      vertex 3.550000e+02 -1.856484e+01 6.417435e+02
    endloop
  endfacet
  facet normal 1.000000e+00 0.000000e+00 0.000000e+00
    outer loop
      vertex 3.550000e+02 -1.138775e+01 6.414410e+02
      vertex 3.550000e+02 -1.032161e+01 6.421307e+02
      vertex 3.550000e+02 -1.856484e+01 6.417435e+02
    endloop
  endfacet
  facet normal 1.000000e+00 0.000000e+00 0.000000e+00
    outer loop
      vertex 3.550000e+02 -8.074873e+00 6.432968e+02
      vertex 3.550000e+02 -1.656565e+01 6.437237e+02
      vertex 3.550000e+02 -1.759355e+01 6.427611e+02
    endloop
  endfacet
  facet normal 1.000000e+00 0.000000e+00 0.000000e+00
    outer loop
      vertex 3.550000e+02 -9.217696e+00 6.427490e+02
      vertex 3.550000e+02 -8.074873e+00 6.432968e+02
      vertex 3.550000e+02 -1.759355e+01 6.427611e+02
    endloop
  endfacet
  facet normal 1.000000e+00 0.000000e+00 0.000000e+00
    outer loop
      vertex 3.550000e+02 1.435729e+01 6.454661e+02
      vertex 3.550000e+02 -1.435729e+01 6.454661e+02
      vertex 3.550000e+02 -1.548727e+01 6.446249e+02
    endloop
  endfacet
  facet normal 1.000000e+00 0.000000e+00 0.000000e+00
    outer loop
      vertex 3.550000e+02 1.318502e+01 6.462404e+02
      vertex 3.550000e+02 -1.318502e+01 6.462404e+02
      vertex 3.550000e+02 -1.435729e+01 6.454661e+02
    endloop
  endfacet
  facet normal 1.000000e+00 0.000000e+00 0.000000e+00
    outer loop
      vertex 3.550000e+02 1.435729e+01 6.454661e+02
      vertex 3.550000e+02 1.318502e+01 6.462404e+02
      vertex 3.550000e+02 -1.435729e+01 6.454661e+02
    endloop
  endfacet
  facet normal 1.000000e+00 0.000000e+00 0.000000e+00
    outer loop
      vertex 3.550000e+02 1.197113e+01 6.469473e+02
      vertex 3.550000e+02 -1.197113e+01 6.469473e+02
      vertex 3.550000e+02 -1.318502e+01 6.462404e+02
    endloop
  endfacet
  facet normal 1.000000e+00 0.000000e+00 0.000000e+00
    outer loop
      vertex 3.550000e+02 1.318502e+01 6.462404e+02
      vertex 3.550000e+02 1.197113e+01 6.469473e+02
      vertex 3.550000e+02 -1.318502e+01 6.462404e+02
    endloop
  endfacet
  facet normal 1.000000e+00 0.000000e+00 0.000000e+00
    outer loop
      vertex 3.550000e+02 1.071429e+01 6.475877e+02
      vertex 3.550000e+02 -1.071429e+01 6.475877e+02
      vertex 3.550000e+02 -1.197113e+01 6.469473e+02
    endloop
  endfacet
  facet normal 1.000000e+00 0.000000e+00 0.000000e+00
    outer loop
      vertex 3.550000e+02 1.197113e+01 6.469473e+02
      vertex 3.550000e+02 1.071429e+01 6.475877e+02
      vertex 3.550000e+02 -1.197113e+01 6.469473e+02
    endloop
  endfacet
  facet normal 1.000000e+00 0.000000e+00 0.000000e+00
    outer loop
      vertex 3.550000e+02 9.942693e+00 6.479964e+02
      vertex 3.550000e+02 -9.942660e+00 6.479964e+02
      vertex 3.550000e+02 -1.071429e+01 6.475877e+02
    endloop
  endfacet
  facet normal 1.000000e+00 0.000000e+00 0.000000e+00
    outer loop
      vertex 3.550000e+02 1.071429e+01 6.475877e+02
      vertex 3.550000e+02 9.942693e+00 6.479964e+02
      vertex 3.550000e+02 -1.071429e+01 6.475877e+02
    endloop
  endfacet
  facet normal 1.000000e+00 0.000000e+00 0.000000e+00
    outer loop
      vertex 3.550000e+02 9.215971e+00 6.484653e+02
      vertex 3.550000e+02 -9.215914e+00 6.484653e+02
      vertex 3.550000e+02 -9.942660e+00 6.479964e+02
    endloop
  endfacet
  facet normal 1.000000e+00 0.000000e+00 0.000000e+00
    outer loop
      vertex 3.550000e+02 9.942693e+00 6.479964e+02
      vertex 3.550000e+02 9.215971e+00 6.484653e+02
      vertex 3.550000e+02 -9.942660e+00 6.479964e+02
    endloop
  endfacet
  facet normal 1.000000e+00 0.000000e+00 0.000000e+00
    outer loop
      vertex 3.550000e+02 8.531958e+00 6.489965e+02
      vertex 3.550000e+02 -8.531885e+00 6.489966e+02
      vertex 3.550000e+02 -9.215914e+00 6.484653e+02
    endloop
  endfacet
  facet normal 1.000000e+00 0.000000e+00 0.000000e+00
    outer loop
      vertex 3.550000e+02 9.215971e+00 6.484653e+02
      vertex 3.550000e+02 8.531958e+00 6.489965e+02
      vertex 3.550000e+02 -9.215914e+00 6.484653e+02
    endloop
  endfacet
  facet normal 1.000000e+00 0.000000e+00 0.000000e+00
    outer loop
      vertex 3.550000e+02 7.894524e+00 6.495864e+02
      vertex 3.550000e+02 -7.894444e+00 6.495865e+02
      vertex 3.550000e+02 -8.531885e+00 6.489966e+02
    endloop
  endfacet
  facet normal 1.000000e+00 0.000000e+00 0.000000e+00
    outer loop
      vertex 3.550000e+02 8.531958e+00 6.489965e+02
      vertex 3.550000e+02 7.894524e+00 6.495864e+02
      vertex 3.550000e+02 -8.531885e+00 6.489966e+02
    endloop
  endfacet
  facet normal 1.000000e+00 0.000000e+00 0.000000e+00
    outer loop
      vertex 3.550000e+02 7.313313e+00 6.502266e+02
      vertex 3.550000e+02 -7.313232e+00 6.502267e+02
      vertex 3.550000e+02 -7.894444e+00 6.495865e+02
    endloop
  endfacet
  facet normal 1.000000e+00 0.000000e+00 0.000000e+00
    outer loop
      vertex 3.550000e+02 7.894524e+00 6.495864e+02
      vertex 3.550000e+02 7.313313e+00 6.502266e+02
      vertex 3.550000e+02 -7.894444e+00 6.495865e+02
    endloop
  endfacet
  facet normal 1.000000e+00 0.000000e+00 0.000000e+00
    outer loop
      vertex 3.550000e+02 6.787461e+00 6.509174e+02
      vertex 3.550000e+02 -6.787386e+00 6.509175e+02
      vertex 3.550000e+02 -7.313232e+00 6.502267e+02
    endloop
  endfacet
  facet normal 1.000000e+00 0.000000e+00 0.000000e+00
    outer loop
      vertex 3.550000e+02 7.313313e+00 6.502266e+02
      vertex 3.550000e+02 6.787461e+00 6.509174e+02
      vertex 3.550000e+02 -7.313232e+00 6.502267e+02
    endloop
  endfacet
  facet normal 1.000000e+00 0.000000e+00 0.000000e+00
    outer loop
      vertex 3.550000e+02 6.325560e+00 6.516477e+02
      vertex 3.550000e+02 -6.325494e+00 6.516478e+02
      vertex 3.550000e+02 -6.787386e+00 6.509175e+02
    endloop
  endfacet
  facet normal 1.000000e+00 0.000000e+00 0.000000e+00
    outer loop
      vertex 3.550000e+02 6.787461e+00 6.509174e+02
      vertex 3.550000e+02 6.325560e+00 6.516477e+02
      vertex 3.550000e+02 -6.787386e+00 6.509175e+02
    endloop
  endfacet
  facet normal 1.000000e+00 0.000000e+00 0.000000e+00
    outer loop
      vertex 3.550000e+02 5.926768e+00 6.524189e+02
      vertex 3.550000e+02 -5.926715e+00 6.524190e+02
      vertex 3.550000e+02 -6.325494e+00 6.516478e+02
    endloop
  endfacet
  facet normal 1.000000e+00 0.000000e+00 0.000000e+00
    outer loop
      vertex 3.550000e+02 6.325560e+00 6.516477e+02
      vertex 3.550000e+02 5.926768e+00 6.524189e+02
      vertex 3.550000e+02 -6.325494e+00 6.516478e+02
    endloop
  endfacet
  facet normal 1.000000e+00 0.000000e+00 0.000000e+00
    outer loop
      vertex 3.550000e+02 5.597435e+00 6.532184e+02
      vertex 3.550000e+02 -5.597396e+00 6.532185e+02
      vertex 3.550000e+02 -5.926715e+00 6.524190e+02
    endloop
  endfacet
  facet normal 1.000000e+00 0.000000e+00 0.000000e+00
    outer loop
      vertex 3.550000e+02 5.926768e+00 6.524189e+02
      vertex 3.550000e+02 5.597435e+00 6.532184e+02
      vertex 3.550000e+02 -5.926715e+00 6.524190e+02
    endloop
  endfacet
  facet normal 1.000000e+00 0.000000e+00 0.000000e+00
    outer loop
      vertex 3.550000e+02 5.337623e+00 6.540472e+02
      vertex 3.550000e+02 -5.337598e+00 6.540472e+02
      vertex 3.550000e+02 -5.597396e+00 6.532185e+02
    endloop
  endfacet
  facet normal 1.000000e+00 0.000000e+00 0.000000e+00
    outer loop
      vertex 3.550000e+02 5.597435e+00 6.532184e+02
      vertex 3.550000e+02 5.337623e+00 6.540472e+02
      vertex 3.550000e+02 -5.597396e+00 6.532185e+02
    endloop
  endfacet
  facet normal 1.000000e+00 0.000000e+00 0.000000e+00
    outer loop
      vertex 3.550000e+02 5.150805e+00 6.548929e+02
      vertex 3.550000e+02 -5.150793e+00 6.548929e+02
      vertex 3.550000e+02 -5.337598e+00 6.540472e+02
    endloop
  endfacet
  facet normal 1.000000e+00 0.000000e+00 0.000000e+00
    outer loop
      vertex 3.550000e+02 5.337623e+00 6.540472e+02
      vertex 3.550000e+02 5.150805e+00 6.548929e+02
      vertex 3.550000e+02 -5.337598e+00 6.540472e+02
    endloop
  endfacet
  facet normal 1.000000e+00 0.000000e+00 0.000000e+00
    outer loop
      vertex 3.550000e+02 5.038558e+00 6.557505e+02
      vertex 3.550000e+02 -5.038553e+00 6.557505e+02
      vertex 3.550000e+02 -5.150793e+00 6.548929e+02
    endloop
  endfacet
  facet normal 1.000000e+00 0.000000e+00 0.000000e+00
    outer loop
      vertex 3.550000e+02 5.150805e+00 6.548929e+02
      vertex 3.550000e+02 5.038558e+00 6.557505e+02
      vertex 3.550000e+02 -5.150793e+00 6.548929e+02
    endloop
  endfacet
  facet normal 1.000000e+00 0.000000e+00 0.000000e+00
    outer loop
      vertex 3.550000e+02 5.000000e+00 6.566228e+02
      vertex 3.550000e+02 -5.000000e+00 6.566228e+02
      vertex 3.550000e+02 -5.038553e+00 6.557505e+02
    endloop
  endfacet
  facet normal 1.000000e+00 0.000000e+00 0.000000e+00
    outer loop
      vertex 3.550000e+02 5.038558e+00 6.557505e+02
      vertex 3.550000e+02 5.000000e+00 6.566228e+02
      vertex 3.550000e+02 -5.038553e+00 6.557505e+02
    endloop
  endfacet
  facet normal 1.000000e+00 0.000000e+00 0.000000e+00
    outer loop
      vertex 3.550000e+02 5.000000e+00 6.650000e+02
      vertex 3.550000e+02 -5.000000e+00 6.650000e+02
      vertex 3.550000e+02 -5.000000e+00 6.566228e+02
    endloop
  endfacet
  facet normal 1.000000e+00 0.000000e+00 0.000000e+00
    outer loop
      vertex 3.550000e+02 5.000000e+00 6.566228e+02
      vertex 3.550000e+02 5.000000e+00 6.650000e+02
      vertex 3.550000e+02 -5.000000e+00 6.566228e+02
    endloop
  endfacet
  facet normal 9.996709e-01 0.000000e+00 2.565245e-02
    outer loop
      vertex 3.549911e+02 5.000000e+00 6.653463e+02
      vertex 3.550000e+02 -5.000000e+00 6.650000e+02
      vertex 3.550000e+02 5.000000e+00 6.650000e+02
    endloop
  endfacet
  facet normal 9.996709e-01 -5.832692e-16 2.565245e-02
    outer loop
      vertex 3.549911e+02 -5.000000e+00 6.653463e+02
      vertex 3.550000e+02 -5.000000e+00 6.650000e+02
      vertex 3.549911e+02 5.000000e+00 6.653463e+02
    endloop
  endfacet
  facet normal 0.000000e+00 1.000000e+00 0.000000e+00
    outer loop
      vertex 3.549911e+02 5.000000e+00 6.653463e+02
      vertex 3.550000e+02 5.000000e+00 6.650000e+02
      vertex 3.499824e+02 5.000000e+00 6.652632e+02
    endloop
  endfacet
  facet normal 1.000000e+00 0.000000e+00 0.000000e+00
    outer loop
      vertex 3.550000e+02 9.128523e+00 6.427951e+02
      vertex 3.550000e+02 1.759355e+01 6.427611e+02
      vertex 3.550000e+02 1.656565e+01 6.437237e+02
    endloop
  endfacet
  facet normal 1.000000e+00 0.000000e+00 0.000000e+00
    outer loop
      vertex 3.550000e+02 8.028397e+00 6.433174e+02
      vertex 3.550000e+02 9.128523e+00 6.427951e+02
      vertex 3.550000e+02 1.656565e+01 6.437237e+02
    endloop
  endfacet
  facet normal 1.000000e+00 0.000000e+00 0.000000e+00
    outer loop
      vertex 3.550000e+02 1.019327e+01 6.422074e+02
      vertex 3.550000e+02 1.856484e+01 6.417435e+02
      vertex 3.550000e+02 1.759355e+01 6.427611e+02
    endloop
  endfacet
  facet normal 1.000000e+00 0.000000e+00 0.000000e+00
    outer loop
      vertex 3.550000e+02 9.128523e+00 6.427951e+02
      vertex 3.550000e+02 1.019327e+01 6.422074e+02
      vertex 3.550000e+02 1.759355e+01 6.427611e+02
    endloop
  endfacet
  facet normal 1.000000e+00 0.000000e+00 0.000000e+00
    outer loop
      vertex 3.550000e+02 1.221107e+01 6.408395e+02
      vertex 3.550000e+02 1.947711e+01 6.406727e+02
      vertex 3.550000e+02 1.856484e+01 6.417435e+02
    endloop
  endfacet
  facet normal 1.000000e+00 0.000000e+00 0.000000e+00
    outer loop
      vertex 3.550000e+02 1.122400e+01 6.415533e+02
      vertex 3.550000e+02 1.221107e+01 6.408395e+02
      vertex 3.550000e+02 1.856484e+01 6.417435e+02
    endloop
  endfacet
  facet normal 1.000000e+00 0.000000e+00 0.000000e+00
    outer loop
      vertex 3.550000e+02 1.019327e+01 6.422074e+02
      vertex 3.550000e+02 1.122400e+01 6.415533e+02
      vertex 3.550000e+02 1.856484e+01 6.417435e+02
    endloop
  endfacet
  facet normal 1.000000e+00 0.000000e+00 0.000000e+00
    outer loop
      vertex 3.550000e+02 1.315233e+01 6.400668e+02
      vertex 3.550000e+02 2.032879e+01 6.395512e+02
      vertex 3.550000e+02 1.947711e+01 6.406727e+02
    endloop
  endfacet
  facet normal 1.000000e+00 0.000000e+00 0.000000e+00
    outer loop
      vertex 3.550000e+02 1.221107e+01 6.408395e+02
      vertex 3.550000e+02 1.315233e+01 6.400668e+02
      vertex 3.550000e+02 1.947711e+01 6.406727e+02
    endloop
  endfacet
  facet normal 1.000000e+00 0.000000e+00 0.000000e+00
    outer loop
      vertex 3.550000e+02 1.404643e+01 6.392370e+02
      vertex 3.550000e+02 2.111430e+01 6.383858e+02
      vertex 3.550000e+02 2.032879e+01 6.395512e+02
    endloop
  endfacet
  facet normal 1.000000e+00 0.000000e+00 0.000000e+00
    outer loop
      vertex 3.550000e+02 1.315233e+01 6.400668e+02
      vertex 3.550000e+02 1.404643e+01 6.392370e+02
      vertex 3.550000e+02 2.032879e+01 6.395512e+02
    endloop
  endfacet
  facet normal 1.000000e+00 0.000000e+00 0.000000e+00
    outer loop
      vertex 3.550000e+02 1.567180e+01 6.374252e+02
      vertex 3.550000e+02 2.183475e+01 6.371753e+02
      vertex 3.550000e+02 2.111430e+01 6.383858e+02
    endloop
  endfacet
  facet normal 1.000000e+00 0.000000e+00 0.000000e+00
    outer loop
      vertex 3.550000e+02 1.488549e+01 6.383573e+02
      vertex 3.550000e+02 1.567180e+01 6.374252e+02
      vertex 3.550000e+02 2.111430e+01 6.383858e+02
    endloop
  endfacet
  facet normal 1.000000e+00 0.000000e+00 0.000000e+00
    outer loop
      vertex 3.550000e+02 1.404643e+01 6.392370e+02
      vertex 3.550000e+02 1.488549e+01 6.383573e+02
      vertex 3.550000e+02 2.111430e+01 6.383858e+02
    endloop
  endfacet
  facet normal 1.000000e+00 0.000000e+00 0.000000e+00
    outer loop
      vertex 3.550000e+02 1.639880e+01 6.364490e+02
      vertex 3.550000e+02 2.248429e+01 6.359296e+02
      vertex 3.550000e+02 2.183475e+01 6.371753e+02
    endloop
  endfacet
  facet normal 1.000000e+00 0.000000e+00 0.000000e+00
    outer loop
      vertex 3.550000e+02 1.567180e+01 6.374252e+02
      vertex 3.550000e+02 1.639880e+01 6.364490e+02
      vertex 3.550000e+02 2.183475e+01 6.371753e+02
    endloop
  endfacet
  facet normal 1.000000e+00 0.000000e+00 0.000000e+00
    outer loop
      vertex 3.550000e+02 1.706471e+01 6.354301e+02
      vertex 3.550000e+02 2.306250e+01 6.346494e+02
      vertex 3.550000e+02 2.248429e+01 6.359296e+02
    endloop
  endfacet
  facet normal 1.000000e+00 0.000000e+00 0.000000e+00
    outer loop
      vertex 3.550000e+02 1.639880e+01 6.364490e+02
      vertex 3.550000e+02 1.706471e+01 6.354301e+02
      vertex 3.550000e+02 2.248429e+01 6.359296e+02
    endloop
  endfacet
  facet normal 1.000000e+00 0.000000e+00 0.000000e+00
    outer loop
      vertex 3.550000e+02 1.766877e+01 6.343707e+02
      vertex 3.550000e+02 2.357023e+01 6.333333e+02
      vertex 3.550000e+02 2.306250e+01 6.346494e+02
    endloop
  endfacet
  facet normal 1.000000e+00 0.000000e+00 0.000000e+00
    outer loop
      vertex 3.550000e+02 1.706471e+01 6.354301e+02
      vertex 3.550000e+02 1.766877e+01 6.343707e+02
      vertex 3.550000e+02 2.306250e+01 6.346494e+02
    endloop
  endfacet
  facet normal 1.000000e+00 0.000000e+00 0.000000e+00
    outer loop
      vertex 3.550000e+02 1.820545e+01 6.332799e+02
      vertex 3.550000e+02 2.366769e+01 6.331047e+02
      vertex 3.550000e+02 2.357023e+01 6.333333e+02
    endloop
  endfacet
  facet normal 1.000000e+00 0.000000e+00 0.000000e+00
    outer loop
      vertex 3.550000e+02 1.766877e+01 6.343707e+02
      vertex 3.550000e+02 1.820545e+01 6.332799e+02
      vertex 3.550000e+02 2.357023e+01 6.333333e+02
    endloop
  endfacet
  facet normal 1.000000e+00 0.000000e+00 0.000000e+00
    outer loop
      vertex 3.550000e+02 1.867625e+01 6.321546e+02
      vertex 3.550000e+02 2.379009e+01 6.328931e+02
      vertex 3.550000e+02 2.366769e+01 6.331047e+02
    endloop
  endfacet
  facet normal 1.000000e+00 0.000000e+00 0.000000e+00
    outer loop
      vertex 3.550000e+02 1.820545e+01 6.332799e+02
      vertex 3.550000e+02 1.867625e+01 6.321546e+02
      vertex 3.550000e+02 2.366769e+01 6.331047e+02
    endloop
  endfacet
  facet normal 1.000000e+00 0.000000e+00 0.000000e+00
    outer loop
      vertex 3.550000e+02 1.867625e+01 6.321546e+02
      vertex 3.550000e+02 2.393863e+01 6.326971e+02
      vertex 3.550000e+02 2.379009e+01 6.328931e+02
    endloop
  endfacet
  facet normal 1.000000e+00 0.000000e+00 0.000000e+00
    outer loop
      vertex 3.550000e+02 1.867625e+01 6.321546e+02
      vertex 3.550000e+02 2.410971e+01 6.325208e+02
      vertex 3.550000e+02 2.393863e+01 6.326971e+02
    endloop
  endfacet
  facet normal 1.000000e+00 0.000000e+00 0.000000e+00
    outer loop
      vertex 3.550000e+02 1.867625e+01 6.321546e+02
      vertex 3.550000e+02 2.430121e+01 6.323672e+02
      vertex 3.550000e+02 2.410971e+01 6.325208e+02
    endloop
  endfacet
  facet normal 1.000000e+00 0.000000e+00 0.000000e+00
    outer loop
      vertex 3.550000e+02 1.867625e+01 6.321546e+02
      vertex 3.550000e+02 2.450994e+01 6.322378e+02
      vertex 3.550000e+02 2.430121e+01 6.323672e+02
    endloop
  endfacet
  facet normal 1.000000e+00 0.000000e+00 0.000000e+00
    outer loop
      vertex 3.550000e+02 1.867625e+01 6.321546e+02
      vertex 3.550000e+02 2.473318e+01 6.321353e+02
      vertex 3.550000e+02 2.450994e+01 6.322378e+02
    endloop
  endfacet
  facet normal 1.000000e+00 0.000000e+00 0.000000e+00
    outer loop
      vertex 3.550000e+02 1.907727e+01 6.310048e+02
      vertex 3.550000e+02 2.496745e+01 6.320606e+02
      vertex 3.550000e+02 2.473318e+01 6.321353e+02
    endloop
  endfacet
  facet normal 1.000000e+00 0.000000e+00 0.000000e+00
    outer loop
      vertex 3.550000e+02 1.867625e+01 6.321546e+02
      vertex 3.550000e+02 1.907727e+01 6.310048e+02
      vertex 3.550000e+02 2.473318e+01 6.321353e+02
    endloop
  endfacet
  facet normal 1.000000e+00 0.000000e+00 0.000000e+00
    outer loop
      vertex 3.550000e+02 1.907727e+01 6.310048e+02
      vertex 3.550000e+02 2.520778e+01 6.320157e+02
      vertex 3.550000e+02 2.496745e+01 6.320606e+02
    endloop
  endfacet
  facet normal 1.000000e+00 0.000000e+00 0.000000e+00
    outer loop
      vertex 3.550000e+02 1.907727e+01 6.310048e+02
      vertex 3.550000e+02 2.545584e+01 6.320000e+02
      vertex 3.550000e+02 2.520778e+01 6.320157e+02
    endloop
  endfacet
  facet normal 1.000000e+00 0.000000e+00 0.000000e+00
    outer loop
      vertex 3.550000e+02 1.907727e+01 6.310048e+02
      vertex 3.550000e+02 3.000000e+01 6.320000e+02
      vertex 3.550000e+02 2.545584e+01 6.320000e+02
    endloop
  endfacet
  facet normal 1.000000e+00 0.000000e+00 0.000000e+00
    outer loop
      vertex 3.550000e+02 1.936441e+01 6.199994e+02
      vertex 3.550000e+02 1.901010e+01 6.187858e+02
      vertex 3.550000e+02 3.000000e+01 6.320000e+02
    endloop
  endfacet
  facet normal 1.000000e+00 0.000000e+00 0.000000e+00
    outer loop
      vertex 3.550000e+02 1.964235e+01 6.212358e+02
      vertex 3.550000e+02 1.936441e+01 6.199994e+02
      vertex 3.550000e+02 3.000000e+01 6.320000e+02
    endloop
  endfacet
  facet normal 1.000000e+00 0.000000e+00 0.000000e+00
    outer loop
      vertex 3.550000e+02 1.984071e+01 6.224804e+02
      vertex 3.550000e+02 1.964235e+01 6.212358e+02
      vertex 3.550000e+02 3.000000e+01 6.320000e+02
    endloop
  endfacet
  facet normal 1.000000e+00 0.000000e+00 0.000000e+00
    outer loop
      vertex 3.550000e+02 1.995982e+01 6.237346e+02
      vertex 3.550000e+02 1.984071e+01 6.224804e+02
      vertex 3.550000e+02 3.000000e+01 6.320000e+02
    endloop
  endfacet
  facet normal 1.000000e+00 0.000000e+00 0.000000e+00
    outer loop
      vertex 3.550000e+02 2.000000e+01 6.250000e+02
      vertex 3.550000e+02 1.995982e+01 6.237346e+02
      vertex 3.550000e+02 3.000000e+01 6.320000e+02
    endloop
  endfacet
  facet normal 1.000000e+00 0.000000e+00 0.000000e+00
    outer loop
      vertex 3.550000e+02 1.996208e+01 6.262245e+02
      vertex 3.550000e+02 2.000000e+01 6.250000e+02
      vertex 3.550000e+02 3.000000e+01 6.320000e+02
    endloop
  endfacet
  facet normal 1.000000e+00 0.000000e+00 0.000000e+00
    outer loop
      vertex 3.550000e+02 1.985085e+01 6.274372e+02
      vertex 3.550000e+02 1.996208e+01 6.262245e+02
      vertex 3.550000e+02 3.000000e+01 6.320000e+02
    endloop
  endfacet
  facet normal 1.000000e+00 0.000000e+00 0.000000e+00
    outer loop
      vertex 3.550000e+02 1.966603e+01 6.286392e+02
      vertex 3.550000e+02 1.985085e+01 6.274372e+02
      vertex 3.550000e+02 3.000000e+01 6.320000e+02
    endloop
  endfacet
  facet normal 1.000000e+00 0.000000e+00 0.000000e+00
    outer loop
      vertex 3.550000e+02 1.940723e+01 6.298322e+02
      vertex 3.550000e+02 1.966603e+01 6.286392e+02
      vertex 3.550000e+02 3.000000e+01 6.320000e+02
    endloop
  endfacet
  facet normal 1.000000e+00 0.000000e+00 0.000000e+00
    outer loop
      vertex 3.550000e+02 1.907727e+01 6.310048e+02
      vertex 3.550000e+02 1.940723e+01 6.298322e+02
      vertex 3.550000e+02 3.000000e+01 6.320000e+02
    endloop
  endfacet
  facet normal 0.000000e+00 1.000000e+00 0.000000e+00
    outer loop
      vertex 3.548655e+02 5.000000e+00 6.663656e+02
      vertex 3.495879e+02 5.000000e+00 6.662157e+02
      vertex 3.494142e+02 5.000000e+00 6.664142e+02
    endloop
  endfacet
  facet normal -7.527403e-01 -3.941782e-14 -6.583176e-01
    outer loop
      vertex 3.494142e+02 -5.000000e+00 6.664142e+02
      vertex 3.494142e+02 5.000000e+00 6.664142e+02
      vertex 3.495879e+02 5.000000e+00 6.662157e+02
    endloop
  endfacet
  facet normal 0.000000e+00 1.000000e+00 0.000000e+00
    outer loop
      vertex 3.547903e+02 5.000000e+00 6.667000e+02
      vertex 3.548655e+02 5.000000e+00 6.663656e+02
      vertex 3.494142e+02 5.000000e+00 6.664142e+02
    endloop
  endfacet
  facet normal 0.000000e+00 1.000000e+00 0.000000e+00
    outer loop
      vertex 3.395147e+02 5.000000e+00 6.763137e+02
      vertex 3.547903e+02 5.000000e+00 6.667000e+02
      vertex 3.494142e+02 5.000000e+00 6.664142e+02
    endloop
  endfacet
  facet normal -7.071068e-01 -5.315828e-15 -7.071068e-01
    outer loop
      vertex 3.435511e+02 1.944789e+00 6.722773e+02
      vertex 3.395147e+02 5.000000e+00 6.763137e+02
      vertex 3.494142e+02 5.000000e+00 6.664142e+02
    endloop
  endfacet
  facet normal -7.071068e-01 4.341611e-12 -7.071068e-01
    outer loop
      vertex 3.437346e+02 2.031428e+00 6.720938e+02
      vertex 3.435511e+02 1.944789e+00 6.722773e+02
      vertex 3.494142e+02 5.000000e+00 6.664142e+02
    endloop
  endfacet
  facet normal -7.071068e-01 -8.484095e-13 -7.071068e-01
    outer loop
      vertex 3.439241e+02 2.083132e+00 6.719043e+02
      vertex 3.437346e+02 2.031428e+00 6.720938e+02
      vertex 3.494142e+02 5.000000e+00 6.664142e+02
    endloop
  endfacet
  facet normal -7.071068e-01 4.536085e-13 -7.071068e-01
    outer loop
      vertex 3.441168e+02 2.099972e+00 6.717117e+02
      vertex 3.439241e+02 2.083132e+00 6.719043e+02
      vertex 3.494142e+02 5.000000e+00 6.664142e+02
    endloop
  endfacet
  facet normal -7.071068e-01 -3.227753e-13 -7.071068e-01
    outer loop
      vertex 3.443094e+02 2.080923e+00 6.715190e+02
      vertex 3.441168e+02 2.099972e+00 6.717117e+02
      vertex 3.494142e+02 5.000000e+00 6.664142e+02
    endloop
  endfacet
  facet normal -7.071068e-01 2.386683e-13 -7.071068e-01
    outer loop
      vertex 3.444988e+02 2.027062e+00 6.713296e+02
      vertex 3.443094e+02 2.080923e+00 6.715190e+02
      vertex 3.494142e+02 5.000000e+00 6.664142e+02
    endloop
  endfacet
  facet normal -7.071068e-01 0.000000e+00 -7.071068e-01
    outer loop
      vertex 3.446819e+02 1.938230e+00 6.711466e+02
      vertex 3.444988e+02 2.027062e+00 6.713296e+02
      vertex 3.494142e+02 5.000000e+00 6.664142e+02
    endloop
  endfacet
  facet normal -7.071068e-01 0.000000e+00 -7.071068e-01
    outer loop
      vertex 3.448552e+02 1.817113e+00 6.709732e+02
      vertex 3.446819e+02 1.938230e+00 6.711466e+02
      vertex 3.494142e+02 5.000000e+00 6.664142e+02
    endloop
  endfacet
  facet normal -7.071068e-01 0.000000e+00 -7.071068e-01
    outer loop
      vertex 3.450153e+02 1.665512e+00 6.708132e+02
      vertex 3.448552e+02 1.817113e+00 6.709732e+02
      vertex 3.494142e+02 5.000000e+00 6.664142e+02
    endloop
  endfacet
  facet normal -7.071068e-01 -1.388472e-13 -7.071068e-01
    outer loop
      vertex 3.451602e+02 1.485926e+00 6.706682e+02
      vertex 3.450153e+02 1.665512e+00 6.708132e+02
      vertex 3.494142e+02 5.000000e+00 6.664142e+02
    endloop
  endfacet
  facet normal -7.071068e-01 -1.329971e-13 -7.071068e-01
    outer loop
      vertex 3.452879e+02 1.280018e+00 6.705406e+02
      vertex 3.451602e+02 1.485926e+00 6.706682e+02
      vertex 3.494142e+02 5.000000e+00 6.664142e+02
    endloop
  endfacet
  facet normal -7.071068e-01 1.170419e-13 -7.071068e-01
    outer loop
      vertex 3.453960e+02 1.052106e+00 6.704324e+02
      vertex 3.452879e+02 1.280018e+00 6.705406e+02
      vertex 3.494142e+02 5.000000e+00 6.664142e+02
    endloop
  endfacet
  facet normal -7.071068e-01 -2.625116e-15 -7.071068e-01
    outer loop
      vertex 3.454821e+02 8.054452e-01 6.703464e+02
      vertex 3.453960e+02 1.052106e+00 6.704324e+02
      vertex 3.494142e+02 5.000000e+00 6.664142e+02
    endloop
  endfacet
  facet normal -7.071068e-01 1.207067e-13 -7.071068e-01
    outer loop
      vertex 3.455450e+02 5.448995e-01 6.702835e+02
      vertex 3.454821e+02 8.054452e-01 6.703464e+02
      vertex 3.494142e+02 5.000000e+00 6.664142e+02
    endloop
  endfacet
  facet normal -7.071068e-01 -1.291826e-13 -7.071068e-01
    outer loop
      vertex 3.455827e+02 2.771614e-01 6.702458e+02
      vertex 3.455450e+02 5.448995e-01 6.702835e+02
      vertex 3.494142e+02 5.000000e+00 6.664142e+02
    endloop
  endfacet
  facet normal -7.071068e-01 -4.713825e-16 -7.071068e-01
    outer loop
      vertex 3.455958e+02 -1.607999e-15 6.702326e+02
      vertex 3.455827e+02 2.771614e-01 6.702458e+02
      vertex 3.494142e+02 5.000000e+00 6.664142e+02
    endloop
  endfacet
  facet normal -7.071068e-01 5.274964e-16 -7.071068e-01
    outer loop
      vertex 3.455827e+02 -2.778384e-01 6.702457e+02
      vertex 3.455958e+02 -1.607999e-15 6.702326e+02
      vertex 3.494142e+02 5.000000e+00 6.664142e+02
    endloop
  endfacet
  facet normal -7.071068e-01 1.845285e-15 -7.071068e-01
    outer loop
      vertex 3.455446e+02 -5.468493e-01 6.702838e+02
      vertex 3.455827e+02 -2.778384e-01 6.702457e+02
      vertex 3.494142e+02 5.000000e+00 6.664142e+02
    endloop
  endfacet
  facet normal -7.071068e-01 2.386509e-13 -7.071068e-01
    outer loop
      vertex 3.454808e+02 -8.095070e-01 6.703476e+02
      vertex 3.455446e+02 -5.468493e-01 6.702838e+02
      vertex 3.494142e+02 5.000000e+00 6.664142e+02
    endloop
  endfacet
  facet normal -7.071068e-01 0.000000e+00 -7.071068e-01
    outer loop
      vertex 3.453934e+02 -1.058388e+00 6.704350e+02
      vertex 3.454808e+02 -8.095070e-01 6.703476e+02
      vertex 3.494142e+02 5.000000e+00 6.664142e+02
    endloop
  endfacet
  facet normal -7.071068e-01 -6.293462e-13 -7.071068e-01
    outer loop
      vertex 3.452834e+02 -1.288030e+00 6.705450e+02
      vertex 3.453934e+02 -1.058388e+00 6.704350e+02
      vertex 3.494142e+02 5.000000e+00 6.664142e+02
    endloop
  endfacet
  facet normal -7.071068e-01 1.334539e-13 -7.071068e-01
    outer loop
      vertex 3.451537e+02 -1.495028e+00 6.706747e+02
      vertex 3.452834e+02 -1.288030e+00 6.705450e+02
      vertex 3.494142e+02 5.000000e+00 6.664142e+02
    endloop
  endfacet
  facet normal -7.071068e-01 -8.038873e-14 -7.071068e-01
    outer loop
      vertex 3.494142e+02 -5.000000e+00 6.664142e+02
      vertex 3.451537e+02 -1.495028e+00 6.706747e+02
      vertex 3.494142e+02 5.000000e+00 6.664142e+02
    endloop
  endfacet
  facet normal 0.000000e+00 1.000000e+00 0.000000e+00
    outer loop
      vertex 3.549239e+02 5.000000e+00 6.660291e+02
      vertex 3.497320e+02 5.000000e+00 6.660000e+02
      vertex 3.495879e+02 5.000000e+00 6.662157e+02
    endloop
  endfacet
  facet normal -8.313195e-01 1.703914e-14 -5.557948e-01
    outer loop
      vertex 3.495879e+02 -5.000000e+00 6.662157e+02
      vertex 3.495879e+02 5.000000e+00 6.662157e+02
      vertex 3.497320e+02 5.000000e+00 6.660000e+02
    endloop
  endfacet
  facet normal 0.000000e+00 1.000000e+00 0.000000e+00
    outer loop
      vertex 3.548655e+02 5.000000e+00 6.663656e+02
      vertex 3.549239e+02 5.000000e+00 6.660291e+02
      vertex 3.495879e+02 5.000000e+00 6.662157e+02
    endloop
  endfacet
  facet normal -7.527403e-01 -1.277645e-14 -6.583176e-01
    outer loop
      vertex 3.495879e+02 -5.000000e+00 6.662157e+02
      vertex 3.494142e+02 -5.000000e+00 6.664142e+02
      vertex 3.495879e+02 5.000000e+00 6.662157e+02
    endloop
  endfacet
  facet normal 0.000000e+00 1.000000e+00 0.000000e+00
    outer loop
      vertex 3.549657e+02 5.000000e+00 6.656893e+02
      vertex 3.498475e+02 5.000000e+00 6.657653e+02
      vertex 3.497320e+02 5.000000e+00 6.660000e+02
    endloop
  endfacet
  facet normal -8.972477e-01 0.000000e+00 -4.415276e-01
    outer loop
      vertex 3.497320e+02 -5.000000e+00 6.660000e+02
      vertex 3.497320e+02 5.000000e+00 6.660000e+02
      vertex 3.498475e+02 5.000000e+00 6.657653e+02
    endloop
  endfacet
  facet normal 0.000000e+00 1.000000e+00 0.000000e+00
    outer loop
      vertex 3.549239e+02 5.000000e+00 6.660291e+02
      vertex 3.549657e+02 5.000000e+00 6.656893e+02
      vertex 3.497320e+02 5.000000e+00 6.660000e+02
    endloop
  endfacet
  facet normal -8.313195e-01 0.000000e+00 -5.557948e-01
    outer loop
      vertex 3.495879e+02 -5.000000e+00 6.662157e+02
      vertex 3.497320e+02 5.000000e+00 6.660000e+02
      vertex 3.497320e+02 -5.000000e+00 6.660000e+02
    endloop
  endfacet
  facet normal 0.000000e+00 1.000000e+00 0.000000e+00
    outer loop
      vertex 3.549657e+02 5.000000e+00 6.656893e+02
      vertex 3.499319e+02 5.000000e+00 6.655176e+02
      vertex 3.498475e+02 5.000000e+00 6.657653e+02
    endloop
  endfacet
  facet normal -9.466571e-01 -1.957866e-14 -3.222428e-01
    outer loop
      vertex 3.498475e+02 -5.000000e+00 6.657653e+02
      vertex 3.498475e+02 5.000000e+00 6.657653e+02
      vertex 3.499319e+02 5.000000e+00 6.655176e+02
    endloop
  endfacet
  facet normal -8.972477e-01 -1.546208e-14 -4.415276e-01
    outer loop
      vertex 3.497320e+02 -5.000000e+00 6.660000e+02
      vertex 3.498475e+02 5.000000e+00 6.657653e+02
      vertex 3.498475e+02 -5.000000e+00 6.657653e+02
    endloop
  endfacet
  facet normal 0.000000e+00 1.000000e+00 0.000000e+00
    outer loop
      vertex 3.549911e+02 5.000000e+00 6.653463e+02
      vertex 3.499824e+02 5.000000e+00 6.652632e+02
      vertex 3.499319e+02 5.000000e+00 6.655176e+02
    endloop
  endfacet
  facet normal -9.808379e-01 0.000000e+00 -1.948254e-01
    outer loop
      vertex 3.499319e+02 -5.000000e+00 6.655176e+02
      vertex 3.499319e+02 5.000000e+00 6.655176e+02
      vertex 3.499824e+02 5.000000e+00 6.652632e+02
    endloop
  endfacet
  facet normal 0.000000e+00 1.000000e+00 0.000000e+00
    outer loop
      vertex 3.549657e+02 5.000000e+00 6.656893e+02
      vertex 3.549911e+02 5.000000e+00 6.653463e+02
      vertex 3.499319e+02 5.000000e+00 6.655176e+02
    endloop
  endfacet
  facet normal -9.466571e-01 0.000000e+00 -3.222428e-01
    outer loop
      vertex 3.498475e+02 -5.000000e+00 6.657653e+02
      vertex 3.499319e+02 5.000000e+00 6.655176e+02
      vertex 3.499319e+02 -5.000000e+00 6.655176e+02
    endloop
  endfacet
  facet normal -9.808379e-01 -2.214433e-15 -1.948254e-01
    outer loop
      vertex 3.499319e+02 -5.000000e+00 6.655176e+02
      vertex 3.499824e+02 5.000000e+00 6.652632e+02
      vertex 3.499824e+02 -5.000000e+00 6.652632e+02
    endloop
  endfacet
  facet normal 9.972745e-01 -1.677575e-15 7.378054e-02
    outer loop
      vertex 3.549911e+02 -5.000000e+00 6.653463e+02
      vertex 3.549911e+02 5.000000e+00 6.653463e+02
      vertex 3.549657e+02 5.000000e+00 6.656893e+02
    endloop
  endfacet
  facet normal 9.924921e-01 1.470197e-15 1.223087e-01
    outer loop
      vertex 3.549657e+02 -5.000000e+00 6.656893e+02
      vertex 3.549657e+02 5.000000e+00 6.656893e+02
      vertex 3.549239e+02 5.000000e+00 6.660291e+02
    endloop
  endfacet
  facet normal 9.972745e-01 3.152486e-15 7.378054e-02
    outer loop
      vertex 3.549657e+02 -5.000000e+00 6.656893e+02
      vertex 3.549911e+02 -5.000000e+00 6.653463e+02
      vertex 3.549657e+02 5.000000e+00 6.656893e+02
    endloop
  endfacet
  facet normal 9.852898e-01 5.372998e-15 1.708919e-01
    outer loop
      vertex 3.549239e+02 -5.000000e+00 6.660291e+02
      vertex 3.549239e+02 5.000000e+00 6.660291e+02
      vertex 3.548655e+02 5.000000e+00 6.663656e+02
    endloop
  endfacet
  facet normal 9.924921e-01 7.111862e-15 1.223087e-01
    outer loop
      vertex 3.549239e+02 -5.000000e+00 6.660291e+02
      vertex 3.549657e+02 -5.000000e+00 6.656893e+02
      vertex 3.549239e+02 5.000000e+00 6.660291e+02
    endloop
  endfacet
  facet normal 9.756275e-01 1.112923e-15 2.194334e-01
    outer loop
      vertex 3.548655e+02 -5.000000e+00 6.663656e+02
      vertex 3.548655e+02 5.000000e+00 6.663656e+02
      vertex 3.547903e+02 5.000000e+00 6.667000e+02
    endloop
  endfacet
  facet normal 9.852898e-01 3.430182e-15 1.708919e-01
    outer loop
      vertex 3.548655e+02 -5.000000e+00 6.663656e+02
      vertex 3.549239e+02 -5.000000e+00 6.660291e+02
      vertex 3.548655e+02 5.000000e+00 6.663656e+02
    endloop
  endfacet
  facet normal 0.000000e+00 1.000000e+00 0.000000e+00
    outer loop
      vertex 3.395147e+02 5.000000e+00 6.763137e+02
      vertex 3.546984e+02 5.000000e+00 6.670319e+02
      vertex 3.547903e+02 5.000000e+00 6.667000e+02
    endloop
  endfacet
  facet normal 9.637103e-01 1.259819e-15 2.669501e-01
    outer loop
      vertex 3.547903e+02 -5.000000e+00 6.667000e+02
      vertex 3.547903e+02 5.000000e+00 6.667000e+02
      vertex 3.546984e+02 5.000000e+00 6.670319e+02
    endloop
  endfacet
  facet normal 9.756275e-01 4.164053e-15 2.194334e-01
    outer loop
      vertex 3.547903e+02 -5.000000e+00 6.667000e+02
      vertex 3.548655e+02 -5.000000e+00 6.663656e+02
      vertex 3.547903e+02 5.000000e+00 6.667000e+02
    endloop
  endfacet
  facet normal 0.000000e+00 1.000000e+00 0.000000e+00
    outer loop
      vertex 3.395147e+02 5.000000e+00 6.763137e+02
      vertex 3.545904e+02 5.000000e+00 6.673589e+02
      vertex 3.546984e+02 5.000000e+00 6.670319e+02
    endloop
  endfacet
  facet normal 9.496084e-01 3.774656e-15 3.134389e-01
    outer loop
      vertex 3.546984e+02 -5.000000e+00 6.670319e+02
      vertex 3.546984e+02 5.000000e+00 6.670319e+02
      vertex 3.545904e+02 5.000000e+00 6.673589e+02
    endloop
  endfacet
  facet normal 9.637103e-01 6.737878e-15 2.669501e-01
    outer loop
      vertex 3.546984e+02 -5.000000e+00 6.670319e+02
      vertex 3.547903e+02 -5.000000e+00 6.667000e+02
      vertex 3.546984e+02 5.000000e+00 6.670319e+02
    endloop
  endfacet
  facet normal 0.000000e+00 1.000000e+00 0.000000e+00
    outer loop
      vertex 3.395147e+02 5.000000e+00 6.763137e+02
      vertex 3.544671e+02 5.000000e+00 6.676788e+02
      vertex 3.545904e+02 5.000000e+00 6.673589e+02
    endloop
  endfacet
  facet normal 9.331161e-01 -3.310771e-15 3.595751e-01
    outer loop
      vertex 3.545904e+02 -5.000000e+00 6.673589e+02
      vertex 3.545904e+02 5.000000e+00 6.673589e+02
      vertex 3.544671e+02 5.000000e+00 6.676788e+02
    endloop
  endfacet
  facet normal 9.496084e-01 2.112680e-16 3.134389e-01
    outer loop
      vertex 3.545904e+02 -5.000000e+00 6.673589e+02
      vertex 3.546984e+02 -5.000000e+00 6.670319e+02
      vertex 3.545904e+02 5.000000e+00 6.673589e+02
    endloop
  endfacet
  facet normal 0.000000e+00 1.000000e+00 0.000000e+00
    outer loop
      vertex 3.395147e+02 5.000000e+00 6.763137e+02
      vertex 3.543281e+02 5.000000e+00 6.679921e+02
      vertex 3.544671e+02 5.000000e+00 6.676788e+02
    endloop
  endfacet
  facet normal 9.140708e-01 -1.684287e-15 4.055547e-01
    outer loop
      vertex 3.544671e+02 -5.000000e+00 6.676788e+02
      vertex 3.544671e+02 5.000000e+00 6.676788e+02
      vertex 3.543281e+02 5.000000e+00 6.679921e+02
    endloop
  endfacet
  facet normal 9.331161e-01 1.993380e-15 3.595751e-01
    outer loop
      vertex 3.544671e+02 -5.000000e+00 6.676788e+02
      vertex 3.545904e+02 -5.000000e+00 6.673589e+02
      vertex 3.544671e+02 5.000000e+00 6.676788e+02
    endloop
  endfacet
  facet normal 0.000000e+00 1.000000e+00 0.000000e+00
    outer loop
      vertex 3.395147e+02 5.000000e+00 6.763137e+02
      vertex 3.541732e+02 5.000000e+00 6.682997e+02
      vertex 3.543281e+02 5.000000e+00 6.679921e+02
    endloop
  endfacet
  facet normal 8.931093e-01 -1.493890e-16 4.498397e-01
    outer loop
      vertex 3.543281e+02 -5.000000e+00 6.679921e+02
      vertex 3.543281e+02 5.000000e+00 6.679921e+02
      vertex 3.541732e+02 5.000000e+00 6.682997e+02
    endloop
  endfacet
  facet normal 9.140708e-01 2.341069e-15 4.055547e-01
    outer loop
      vertex 3.543281e+02 -5.000000e+00 6.679921e+02
      vertex 3.544671e+02 -5.000000e+00 6.676788e+02
      vertex 3.543281e+02 5.000000e+00 6.679921e+02
    endloop
  endfacet
  facet normal 0.000000e+00 1.000000e+00 0.000000e+00
    outer loop
      vertex 3.395147e+02 5.000000e+00 6.763137e+02
      vertex 3.540035e+02 5.000000e+00 6.685994e+02
      vertex 3.541732e+02 5.000000e+00 6.682997e+02
    endloop
  endfacet
  facet normal 8.702084e-01 -6.255772e-15 4.926839e-01
    outer loop
      vertex 3.541732e+02 -5.000000e+00 6.682997e+02
      vertex 3.541732e+02 5.000000e+00 6.682997e+02
      vertex 3.540035e+02 5.000000e+00 6.685994e+02
    endloop
  endfacet
  facet normal 8.931093e-01 -5.151433e-15 4.498397e-01
    outer loop
      vertex 3.541732e+02 -5.000000e+00 6.682997e+02
      vertex 3.543281e+02 -5.000000e+00 6.679921e+02
      vertex 3.541732e+02 5.000000e+00 6.682997e+02
    endloop
  endfacet
  facet normal 0.000000e+00 1.000000e+00 0.000000e+00
    outer loop
      vertex 3.395147e+02 5.000000e+00 6.763137e+02
      vertex 3.538202e+02 5.000000e+00 6.688890e+02
      vertex 3.540035e+02 5.000000e+00 6.685994e+02
    endloop
  endfacet
  facet normal 8.450357e-01 -6.078948e-15 5.347099e-01
    outer loop
      vertex 3.540035e+02 -5.000000e+00 6.685994e+02
      vertex 3.540035e+02 5.000000e+00 6.685994e+02
      vertex 3.538202e+02 5.000000e+00 6.688890e+02
    endloop
  endfacet
  facet normal 8.702084e-01 -5.601167e-15 4.926839e-01
    outer loop
      vertex 3.540035e+02 -5.000000e+00 6.685994e+02
      vertex 3.541732e+02 -5.000000e+00 6.682997e+02
      vertex 3.540035e+02 5.000000e+00 6.685994e+02
    endloop
  endfacet
  facet normal 0.000000e+00 1.000000e+00 0.000000e+00
    outer loop
      vertex 3.395147e+02 5.000000e+00 6.763137e+02
      vertex 3.536236e+02 5.000000e+00 6.691682e+02
      vertex 3.538202e+02 5.000000e+00 6.688890e+02
    endloop
  endfacet
  facet normal 8.175439e-01 -2.951368e-15 5.758662e-01
    outer loop
      vertex 3.538202e+02 -5.000000e+00 6.688890e+02
      vertex 3.538202e+02 5.000000e+00 6.688890e+02
      vertex 3.536236e+02 5.000000e+00 6.691682e+02
    endloop
  endfacet
  facet normal 8.450357e-01 -2.984338e-16 5.347099e-01
    outer loop
      vertex 3.538202e+02 -5.000000e+00 6.688890e+02
      vertex 3.540035e+02 -5.000000e+00 6.685994e+02
      vertex 3.538202e+02 5.000000e+00 6.688890e+02
    endloop
  endfacet
  facet normal 0.000000e+00 1.000000e+00 0.000000e+00
    outer loop
      vertex 3.395147e+02 5.000000e+00 6.763137e+02
      vertex 3.534129e+02 5.000000e+00 6.694381e+02
      vertex 3.536236e+02 5.000000e+00 6.691682e+02
    endloop
  endfacet
  facet normal 7.882832e-01 1.741000e-15 6.153126e-01
    outer loop
      vertex 3.536236e+02 -5.000000e+00 6.691682e+02
      vertex 3.536236e+02 5.000000e+00 6.691682e+02
      vertex 3.534129e+02 5.000000e+00 6.694381e+02
    endloop
  endfacet
  facet normal 8.175439e-01 8.886778e-15 5.758662e-01
    outer loop
      vertex 3.536236e+02 -5.000000e+00 6.691682e+02
      vertex 3.538202e+02 -5.000000e+00 6.688890e+02
      vertex 3.536236e+02 5.000000e+00 6.691682e+02
    endloop
  endfacet
  facet normal 0.000000e+00 1.000000e+00 0.000000e+00
    outer loop
      vertex 3.395147e+02 5.000000e+00 6.763137e+02
      vertex 3.531883e+02 5.000000e+00 6.696986e+02
      vertex 3.534129e+02 5.000000e+00 6.694381e+02
    endloop
  endfacet
  facet normal 7.573503e-01 -7.596995e-15 6.530088e-01
    outer loop
      vertex 3.534129e+02 -5.000000e+00 6.694381e+02
      vertex 3.534129e+02 5.000000e+00 6.694381e+02
      vertex 3.531883e+02 5.000000e+00 6.696986e+02
    endloop
  endfacet
  facet normal 7.882832e-01 5.996423e-15 6.153126e-01
    outer loop
      vertex 3.534129e+02 -5.000000e+00 6.694381e+02
      vertex 3.536236e+02 -5.000000e+00 6.691682e+02
      vertex 3.534129e+02 5.000000e+00 6.694381e+02
    endloop
  endfacet
  facet normal 0.000000e+00 1.000000e+00 0.000000e+00
    outer loop
      vertex 3.395147e+02 5.000000e+00 6.763137e+02
      vertex 3.529497e+02 5.000000e+00 6.699497e+02
      vertex 3.531883e+02 5.000000e+00 6.696986e+02
    endloop
  endfacet
  facet normal 7.250131e-01 -2.883921e-14 6.887351e-01
    outer loop
      vertex 3.531883e+02 -5.000000e+00 6.696986e+02
      vertex 3.531883e+02 5.000000e+00 6.696986e+02
      vertex 3.529497e+02 5.000000e+00 6.699497e+02
    endloop
  endfacet
  facet normal 7.573503e-01 -7.463636e-15 6.530088e-01
    outer loop
      vertex 3.531883e+02 -5.000000e+00 6.696986e+02
      vertex 3.534129e+02 -5.000000e+00 6.694381e+02
      vertex 3.531883e+02 5.000000e+00 6.696986e+02
    endloop
  endfacet
  facet normal 0.000000e+00 1.000000e+00 0.000000e+00
    outer loop
      vertex 3.395147e+02 5.000000e+00 6.763137e+02
      vertex 3.430503e+02 5.000000e+00 6.798492e+02
      vertex 3.529497e+02 5.000000e+00 6.699497e+02
    endloop
  endfacet
  facet normal 7.071068e-01 6.312545e-15 7.071068e-01
    outer loop
      vertex 3.482063e+02 1.944789e+00 6.746932e+02
      vertex 3.529497e+02 5.000000e+00 6.699497e+02
      vertex 3.430503e+02 5.000000e+00 6.798492e+02
    endloop
  endfacet
  facet normal 7.071068e-01 0.000000e+00 7.071068e-01
    outer loop
      vertex 3.483805e+02 1.825419e+00 6.745190e+02
      vertex 3.529497e+02 5.000000e+00 6.699497e+02
      vertex 3.482063e+02 1.944789e+00 6.746932e+02
    endloop
  endfacet
  facet normal 7.071068e-01 -1.527833e-13 7.071068e-01
    outer loop
      vertex 3.485423e+02 1.674638e+00 6.743572e+02
      vertex 3.529497e+02 5.000000e+00 6.699497e+02
      vertex 3.483805e+02 1.825419e+00 6.745190e+02
    endloop
  endfacet
  facet normal 7.071068e-01 -4.598573e-15 7.071068e-01
    outer loop
      vertex 3.486892e+02 1.495028e+00 6.742103e+02
      vertex 3.529497e+02 5.000000e+00 6.699497e+02
      vertex 3.485423e+02 1.674638e+00 6.743572e+02
    endloop
  endfacet
  facet normal 7.071068e-01 -6.833042e-14 7.071068e-01
    outer loop
      vertex 3.529497e+02 -5.000000e+00 6.699497e+02
      vertex 3.529497e+02 5.000000e+00 6.699497e+02
      vertex 3.486892e+02 1.495028e+00 6.742103e+02
    endloop
  endfacet
  facet normal 7.250131e-01 -5.150125e-14 6.887351e-01
    outer loop
      vertex 3.531883e+02 -5.000000e+00 6.696986e+02
      vertex 3.529497e+02 5.000000e+00 6.699497e+02
      vertex 3.529497e+02 -5.000000e+00 6.699497e+02
    endloop
  endfacet
  facet normal -5.778819e-02 9.966549e-01 5.778819e-02
    outer loop
      vertex 3.394023e+02 4.986966e+00 6.764261e+02
      vertex 3.430503e+02 5.000000e+00 6.798492e+02
      vertex 3.395147e+02 5.000000e+00 6.763137e+02
    endloop
  endfacet
  facet normal -5.780077e-02 9.966534e-01 5.780161e-02
    outer loop
      vertex 3.429378e+02 4.986961e+00 6.799617e+02
      vertex 3.430503e+02 5.000000e+00 6.798492e+02
      vertex 3.394023e+02 4.986966e+00 6.764261e+02
    endloop
  endfacet
  facet normal 7.071068e-01 1.457886e-12 7.071068e-01
    outer loop
      vertex 3.463639e+02 -1.058388e+00 6.765356e+02
      vertex 3.430503e+02 5.000000e+00 6.798492e+02
      vertex 3.464739e+02 -1.288030e+00 6.764256e+02
    endloop
  endfacet
  facet normal 7.071068e-01 -6.431099e-14 7.071068e-01
    outer loop
      vertex 3.430503e+02 -5.000000e+00 6.798492e+02
      vertex 3.464739e+02 -1.288030e+00 6.764256e+02
      vertex 3.430503e+02 5.000000e+00 6.798492e+02
    endloop
  endfacet
  facet normal 7.071068e-01 1.182440e-14 7.071068e-01
    outer loop
      vertex 3.462766e+02 -8.095070e-01 6.766229e+02
      vertex 3.430503e+02 5.000000e+00 6.798492e+02
      vertex 3.463639e+02 -1.058388e+00 6.765356e+02
    endloop
  endfacet
  facet normal 7.071068e-01 -2.666181e-13 7.071068e-01
    outer loop
      vertex 3.462128e+02 -5.468493e-01 6.766867e+02
      vertex 3.430503e+02 5.000000e+00 6.798492e+02
      vertex 3.462766e+02 -8.095070e-01 6.766229e+02
    endloop
  endfacet
  facet normal 7.071068e-01 0.000000e+00 7.071068e-01
    outer loop
      vertex 3.461746e+02 -2.778384e-01 6.767248e+02
      vertex 3.430503e+02 5.000000e+00 6.798492e+02
      vertex 3.462128e+02 -5.468493e-01 6.766867e+02
    endloop
  endfacet
  facet normal 7.071068e-01 0.000000e+00 7.071068e-01
    outer loop
      vertex 3.461615e+02 -2.576519e-16 6.767380e+02
      vertex 3.430503e+02 5.000000e+00 6.798492e+02
      vertex 3.461746e+02 -2.778384e-01 6.767248e+02
    endloop
  endfacet
  facet normal 7.071068e-01 0.000000e+00 7.071068e-01
    outer loop
      vertex 3.461747e+02 2.771614e-01 6.767248e+02
      vertex 3.430503e+02 5.000000e+00 6.798492e+02
      vertex 3.461615e+02 -2.576519e-16 6.767380e+02
    endloop
  endfacet
  facet normal 7.071068e-01 1.237880e-13 7.071068e-01
    outer loop
      vertex 3.462124e+02 5.448995e-01 6.766871e+02
      vertex 3.430503e+02 5.000000e+00 6.798492e+02
      vertex 3.461747e+02 2.771614e-01 6.767248e+02
    endloop
  endfacet
  facet normal 7.071068e-01 -2.325114e-13 7.071068e-01
    outer loop
      vertex 3.462753e+02 8.054452e-01 6.766242e+02
      vertex 3.430503e+02 5.000000e+00 6.798492e+02
      vertex 3.462124e+02 5.448995e-01 6.766871e+02
    endloop
  endfacet
  facet normal 7.071068e-01 2.271908e-13 7.071068e-01
    outer loop
      vertex 3.463613e+02 1.052106e+00 6.765382e+02
      vertex 3.430503e+02 5.000000e+00 6.798492e+02
      vertex 3.462753e+02 8.054452e-01 6.766242e+02
    endloop
  endfacet
  facet normal 7.071068e-01 -1.162957e-13 7.071068e-01
    outer loop
      vertex 3.464695e+02 1.280018e+00 6.764300e+02
      vertex 3.430503e+02 5.000000e+00 6.798492e+02
      vertex 3.463613e+02 1.052106e+00 6.765382e+02
    endloop
  endfacet
  facet normal 7.071068e-01 0.000000e+00 7.071068e-01
    outer loop
      vertex 3.465972e+02 1.485926e+00 6.763023e+02
      vertex 3.430503e+02 5.000000e+00 6.798492e+02
      vertex 3.464695e+02 1.280018e+00 6.764300e+02
    endloop
  endfacet
  facet normal 7.071068e-01 0.000000e+00 7.071068e-01
    outer loop
      vertex 3.467421e+02 1.665512e+00 6.761574e+02
      vertex 3.430503e+02 5.000000e+00 6.798492e+02
      vertex 3.465972e+02 1.485926e+00 6.763023e+02
    endloop
  endfacet
  facet normal 7.071068e-01 0.000000e+00 7.071068e-01
    outer loop
      vertex 3.469021e+02 1.817113e+00 6.759974e+02
      vertex 3.430503e+02 5.000000e+00 6.798492e+02
      vertex 3.467421e+02 1.665512e+00 6.761574e+02
    endloop
  endfacet
  facet normal 7.071068e-01 0.000000e+00 7.071068e-01
    outer loop
      vertex 3.470755e+02 1.938230e+00 6.758240e+02
      vertex 3.430503e+02 5.000000e+00 6.798492e+02
      vertex 3.469021e+02 1.817113e+00 6.759974e+02
    endloop
  endfacet
  facet normal 7.071068e-01 1.762600e-13 7.071068e-01
    outer loop
      vertex 3.472585e+02 2.027062e+00 6.756410e+02
      vertex 3.430503e+02 5.000000e+00 6.798492e+02
      vertex 3.470755e+02 1.938230e+00 6.758240e+02
    endloop
  endfacet
  facet normal 7.071068e-01 -2.238371e-13 7.071068e-01
    outer loop
      vertex 3.474480e+02 2.080923e+00 6.754515e+02
      vertex 3.430503e+02 5.000000e+00 6.798492e+02
      vertex 3.472585e+02 2.027062e+00 6.756410e+02
    endloop
  endfacet
  facet normal 7.071068e-01 0.000000e+00 7.071068e-01
    outer loop
      vertex 3.476406e+02 2.099972e+00 6.752589e+02
      vertex 3.430503e+02 5.000000e+00 6.798492e+02
      vertex 3.474480e+02 2.080923e+00 6.754515e+02
    endloop
  endfacet
  facet normal 7.071068e-01 0.000000e+00 7.071068e-01
    outer loop
      vertex 3.478332e+02 2.083132e+00 6.750663e+02
      vertex 3.430503e+02 5.000000e+00 6.798492e+02
      vertex 3.476406e+02 2.099972e+00 6.752589e+02
    endloop
  endfacet
  facet normal 7.071068e-01 0.000000e+00 7.071068e-01
    outer loop
      vertex 3.480228e+02 2.031428e+00 6.748767e+02
      vertex 3.430503e+02 5.000000e+00 6.798492e+02
      vertex 3.478332e+02 2.083132e+00 6.750663e+02
    endloop
  endfacet
  facet normal 7.071068e-01 -1.755654e-12 7.071068e-01
    outer loop
      vertex 3.482063e+02 1.944789e+00 6.746932e+02
      vertex 3.430503e+02 5.000000e+00 6.798492e+02
      vertex 3.480228e+02 2.031428e+00 6.748767e+02
    endloop
  endfacet
  facet normal 7.071068e-01 -6.431131e-14 7.071068e-01
    outer loop
      vertex 3.429378e+02 4.986961e+00 6.799617e+02
      vertex 3.430503e+02 -5.000000e+00 6.798492e+02
      vertex 3.430503e+02 5.000000e+00 6.798492e+02
    endloop
  endfacet
  facet normal -7.071068e-01 0.000000e+00 -7.071068e-01
    outer loop
      vertex 3.430681e+02 1.495028e+00 6.727603e+02
      vertex 3.429384e+02 1.288030e+00 6.728900e+02
      vertex 3.395147e+02 5.000000e+00 6.763137e+02
    endloop
  endfacet
  facet normal -7.071068e-01 -8.038873e-14 -7.071068e-01
    outer loop
      vertex 3.395147e+02 -5.000000e+00 6.763137e+02
      vertex 3.395147e+02 5.000000e+00 6.763137e+02
      vertex 3.429384e+02 1.288030e+00 6.728900e+02
    endloop
  endfacet
  facet normal -7.071068e-01 0.000000e+00 -7.071068e-01
    outer loop
      vertex 3.432151e+02 1.674638e+00 6.726133e+02
      vertex 3.430681e+02 1.495028e+00 6.727603e+02
      vertex 3.395147e+02 5.000000e+00 6.763137e+02
    endloop
  endfacet
  facet normal -7.071068e-01 -1.356957e-13 -7.071068e-01
    outer loop
      vertex 3.433768e+02 1.825419e+00 6.724516e+02
      vertex 3.432151e+02 1.674638e+00 6.726133e+02
      vertex 3.395147e+02 5.000000e+00 6.763137e+02
    endloop
  endfacet
  facet normal -7.071068e-01 1.599010e-13 -7.071068e-01
    outer loop
      vertex 3.435511e+02 1.944789e+00 6.722773e+02
      vertex 3.433768e+02 1.825419e+00 6.724516e+02
      vertex 3.395147e+02 5.000000e+00 6.763137e+02
    endloop
  endfacet
  facet normal -7.071068e-01 -8.038873e-14 -7.071068e-01
    outer loop
      vertex 3.395147e+02 -5.000000e+00 6.763137e+02
      vertex 3.394023e+02 -4.986961e+00 6.764261e+02
      vertex 3.395147e+02 5.000000e+00 6.763137e+02
    endloop
  endfacet
  facet normal -7.071068e-01 8.060441e-15 -7.071068e-01
    outer loop
      vertex 3.394023e+02 4.986966e+00 6.764261e+02
      vertex 3.395147e+02 5.000000e+00 6.763137e+02
      vertex 3.394023e+02 -4.986961e+00 6.764261e+02
    endloop
  endfacet
  facet normal -7.071068e-01 1.257952e-14 -7.071068e-01
    outer loop
      vertex 3.395147e+02 -5.000000e+00 6.763137e+02
      vertex 3.426391e+02 2.778384e-01 6.731893e+02
      vertex 3.426260e+02 -2.566998e-16 6.732024e+02
    endloop
  endfacet
  facet normal 7.055341e-01 -6.665841e-02 -7.055341e-01
    outer loop
      vertex 3.461615e+02 -2.576519e-16 6.767380e+02
      vertex 3.426260e+02 -2.566998e-16 6.732024e+02
      vertex 3.426391e+02 2.778384e-01 6.731893e+02
    endloop
  endfacet
  facet normal -7.071068e-01 -1.082623e-14 -7.071068e-01
    outer loop
      vertex 3.395147e+02 -5.000000e+00 6.763137e+02
      vertex 3.426260e+02 -2.566998e-16 6.732024e+02
      vertex 3.426392e+02 -2.771614e-01 6.731893e+02
    endloop
  endfacet
  facet normal 7.055310e-01 6.704541e-02 -7.055005e-01
    outer loop
      vertex 3.461746e+02 -2.778384e-01 6.767248e+02
      vertex 3.426392e+02 -2.771614e-01 6.731893e+02
      vertex 3.426260e+02 -2.566998e-16 6.732024e+02
    endloop
  endfacet
  facet normal 7.055341e-01 6.665841e-02 -7.055341e-01
    outer loop
      vertex 3.461615e+02 -2.576519e-16 6.767380e+02
      vertex 3.461746e+02 -2.778384e-01 6.767248e+02
      vertex 3.426260e+02 -2.566998e-16 6.732024e+02
    endloop
  endfacet
  facet normal -7.071068e-01 4.911327e-14 -7.071068e-01
    outer loop
      vertex 3.395147e+02 -5.000000e+00 6.763137e+02
      vertex 3.426772e+02 5.468493e-01 6.731512e+02
      vertex 3.426391e+02 2.778384e-01 6.731893e+02
    endloop
  endfacet
  facet normal 6.933499e-01 -1.964266e-01 -6.933126e-01
    outer loop
      vertex 3.462124e+02 5.448995e-01 6.766871e+02
      vertex 3.426391e+02 2.778384e-01 6.731893e+02
      vertex 3.426772e+02 5.468493e-01 6.731512e+02
    endloop
  endfacet
  facet normal 7.055005e-01 -6.704541e-02 -7.055310e-01
    outer loop
      vertex 3.461747e+02 2.771614e-01 6.767248e+02
      vertex 3.461615e+02 -2.576519e-16 6.767380e+02
      vertex 3.426391e+02 2.778384e-01 6.731893e+02
    endloop
  endfacet
  facet normal 6.934695e-01 -1.952542e-01 -6.935243e-01
    outer loop
      vertex 3.462124e+02 5.448995e-01 6.766871e+02
      vertex 3.461747e+02 2.771614e-01 6.767248e+02
      vertex 3.426391e+02 2.778384e-01 6.731893e+02
    endloop
  endfacet
  facet normal -7.071068e-01 1.053794e-13 -7.071068e-01
    outer loop
      vertex 3.395147e+02 -5.000000e+00 6.763137e+02
      vertex 3.427410e+02 8.095070e-01 6.730874e+02
      vertex 3.426772e+02 5.468493e-01 6.731512e+02
    endloop
  endfacet
  facet normal 6.688038e-01 -3.248683e-01 -6.687018e-01
    outer loop
      vertex 3.462753e+02 8.054452e-01 6.766242e+02
      vertex 3.426772e+02 5.468493e-01 6.731512e+02
      vertex 3.427410e+02 8.095070e-01 6.730874e+02
    endloop
  endfacet
  facet normal 6.691480e-01 -3.231585e-01 -6.691857e-01
    outer loop
      vertex 3.462753e+02 8.054452e-01 6.766242e+02
      vertex 3.462124e+02 5.448995e-01 6.766871e+02
      vertex 3.426772e+02 5.468493e-01 6.731512e+02
    endloop
  endfacet
  facet normal -7.071068e-01 -2.040705e-13 -7.071068e-01
    outer loop
      vertex 3.395147e+02 -5.000000e+00 6.763137e+02
      vertex 3.428284e+02 1.058388e+00 6.730000e+02
      vertex 3.427410e+02 8.095070e-01 6.730874e+02
    endloop
  endfacet
  facet normal 6.334310e-01 -4.446366e-01 -6.332957e-01
    outer loop
      vertex 3.463613e+02 1.052106e+00 6.765382e+02
      vertex 3.427410e+02 8.095070e-01 6.730874e+02
      vertex 3.428284e+02 1.058388e+00 6.730000e+02
    endloop
  endfacet
  facet normal 6.341247e-01 -4.423786e-01 -6.341822e-01
    outer loop
      vertex 3.463613e+02 1.052106e+00 6.765382e+02
      vertex 3.462753e+02 8.054452e-01 6.766242e+02
      vertex 3.427410e+02 8.095070e-01 6.730874e+02
    endloop
  endfacet
  facet normal -7.071068e-01 2.395157e-12 -7.071068e-01
    outer loop
      vertex 3.395147e+02 -5.000000e+00 6.763137e+02
      vertex 3.429384e+02 1.288030e+00 6.728900e+02
      vertex 3.428284e+02 1.058388e+00 6.730000e+02
    endloop
  endfacet
  facet normal 5.854890e-01 -5.609257e-01 -5.852905e-01
    outer loop
      vertex 3.464695e+02 1.280018e+00 6.764300e+02
      vertex 3.428284e+02 1.058388e+00 6.730000e+02
      vertex 3.429384e+02 1.288030e+00 6.728900e+02
    endloop
  endfacet
  facet normal 5.870548e-01 -5.572950e-01 -5.871873e-01
    outer loop
      vertex 3.464695e+02 1.280018e+00 6.764300e+02
      vertex 3.463613e+02 1.052106e+00 6.765382e+02
      vertex 3.428284e+02 1.058388e+00 6.730000e+02
    endloop
  endfacet
  facet normal 5.293173e-01 -6.632452e-01 -5.290831e-01
    outer loop
      vertex 3.465972e+02 1.485926e+00 6.763023e+02
      vertex 3.429384e+02 1.288030e+00 6.728900e+02
      vertex 3.430681e+02 1.495028e+00 6.727603e+02
    endloop
  endfacet
  facet normal 5.315877e-01 -6.592872e-01 -5.317470e-01
    outer loop
      vertex 3.465972e+02 1.485926e+00 6.763023e+02
      vertex 3.464695e+02 1.280018e+00 6.764300e+02
      vertex 3.429384e+02 1.288030e+00 6.728900e+02
    endloop
  endfacet
  facet normal 4.624668e-01 -7.566394e-01 -4.621918e-01
    outer loop
      vertex 3.467421e+02 1.665512e+00 6.761574e+02
      vertex 3.430681e+02 1.495028e+00 6.727603e+02
      vertex 3.432151e+02 1.674638e+00 6.726133e+02
    endloop
  endfacet
  facet normal 4.658595e-01 -7.521560e-01 -4.660862e-01
    outer loop
      vertex 3.467421e+02 1.665512e+00 6.761574e+02
      vertex 3.465972e+02 1.485926e+00 6.763023e+02
      vertex 3.430681e+02 1.495028e+00 6.727603e+02
    endloop
  endfacet
  facet normal 3.893415e-01 -8.348973e-01 -3.890497e-01
    outer loop
      vertex 3.469021e+02 1.817113e+00 6.759974e+02
      vertex 3.432151e+02 1.674638e+00 6.726133e+02
      vertex 3.433768e+02 1.825419e+00 6.724516e+02
    endloop
  endfacet
  facet normal 3.934390e-01 -8.307926e-01 -3.936869e-01
    outer loop
      vertex 3.469021e+02 1.817113e+00 6.759974e+02
      vertex 3.467421e+02 1.665512e+00 6.761574e+02
      vertex 3.432151e+02 1.674638e+00 6.726133e+02
    endloop
  endfacet
  facet normal 3.083400e-01 -9.000117e-01 -3.080670e-01
    outer loop
      vertex 3.470755e+02 1.938230e+00 6.758240e+02
      vertex 3.433768e+02 1.825419e+00 6.724516e+02
      vertex 3.435511e+02 1.944789e+00 6.722773e+02
    endloop
  endfacet
  facet normal 3.130092e-01 -8.965862e-01 -3.133025e-01
    outer loop
      vertex 3.470755e+02 1.938230e+00 6.758240e+02
      vertex 3.469021e+02 1.817113e+00 6.759974e+02
      vertex 3.433768e+02 1.825419e+00 6.724516e+02
    endloop
  endfacet
  facet normal 2.240996e-01 -9.485210e-01 -2.238020e-01
    outer loop
      vertex 3.472585e+02 2.027062e+00 6.756410e+02
      vertex 3.435511e+02 1.944789e+00 6.722773e+02
      vertex 3.437346e+02 2.031428e+00 6.720938e+02
    endloop
  endfacet
  facet normal 2.293830e-01 -9.458465e-01 -2.296909e-01
    outer loop
      vertex 3.472585e+02 2.027062e+00 6.756410e+02
      vertex 3.470755e+02 1.938230e+00 6.758240e+02
      vertex 3.435511e+02 1.944789e+00 6.722773e+02
    endloop
  endfacet
  facet normal 1.340447e-01 -9.819051e-01 -1.337698e-01
    outer loop
      vertex 3.474480e+02 2.080923e+00 6.754515e+02
      vertex 3.437346e+02 2.031428e+00 6.720938e+02
      vertex 3.439241e+02 2.083132e+00 6.719043e+02
    endloop
  endfacet
  facet normal 1.392267e-01 -9.803822e-01 -1.395231e-01
    outer loop
      vertex 3.474480e+02 2.080923e+00 6.754515e+02
      vertex 3.472585e+02 2.027062e+00 6.756410e+02
      vertex 3.437346e+02 2.031428e+00 6.720938e+02
    endloop
  endfacet
  facet normal 4.377598e-02 -9.980944e-01 -4.348760e-02
    outer loop
      vertex 3.476406e+02 2.099972e+00 6.752589e+02
      vertex 3.439241e+02 2.083132e+00 6.719043e+02
      vertex 3.441168e+02 2.099972e+00 6.717117e+02
    endloop
  endfacet
  facet normal 4.917000e-02 -9.975647e-01 -4.946611e-02
    outer loop
      vertex 3.476406e+02 2.099972e+00 6.752589e+02
      vertex 3.474480e+02 2.080923e+00 6.754515e+02
      vertex 3.439241e+02 2.083132e+00 6.719043e+02
    endloop
  endfacet
  facet normal -4.917000e-02 -9.975647e-01 4.946611e-02
    outer loop
      vertex 3.478332e+02 2.083132e+00 6.750663e+02
      vertex 3.441168e+02 2.099972e+00 6.717117e+02
      vertex 3.443094e+02 2.080923e+00 6.715190e+02
    endloop
  endfacet
  facet normal -4.377598e-02 -9.980944e-01 4.348760e-02
    outer loop
      vertex 3.478332e+02 2.083132e+00 6.750663e+02
      vertex 3.476406e+02 2.099972e+00 6.752589e+02
      vertex 3.441168e+02 2.099972e+00 6.717117e+02
    endloop
  endfacet
  facet normal -1.392267e-01 -9.803822e-01 1.395231e-01
    outer loop
      vertex 3.480228e+02 2.031428e+00 6.748767e+02
      vertex 3.443094e+02 2.080923e+00 6.715190e+02
      vertex 3.444988e+02 2.027062e+00 6.713296e+02
    endloop
  endfacet
  facet normal -1.340447e-01 -9.819051e-01 1.337698e-01
    outer loop
      vertex 3.480228e+02 2.031428e+00 6.748767e+02
      vertex 3.478332e+02 2.083132e+00 6.750663e+02
      vertex 3.443094e+02 2.080923e+00 6.715190e+02
    endloop
  endfacet
  facet normal -2.293830e-01 -9.458465e-01 2.296909e-01
    outer loop
      vertex 3.482063e+02 1.944789e+00 6.746932e+02
      vertex 3.444988e+02 2.027062e+00 6.713296e+02
      vertex 3.446819e+02 1.938230e+00 6.711466e+02
    endloop
  endfacet
  facet normal -2.240996e-01 -9.485210e-01 2.238020e-01
    outer loop
      vertex 3.482063e+02 1.944789e+00 6.746932e+02
      vertex 3.480228e+02 2.031428e+00 6.748767e+02
      vertex 3.444988e+02 2.027062e+00 6.713296e+02
    endloop
  endfacet
  facet normal -3.130092e-01 -8.965862e-01 3.133025e-01
    outer loop
      vertex 3.483805e+02 1.825419e+00 6.745190e+02
      vertex 3.446819e+02 1.938230e+00 6.711466e+02
      vertex 3.448552e+02 1.817113e+00 6.709732e+02
    endloop
  endfacet
  facet normal -3.083400e-01 -9.000117e-01 3.080670e-01
    outer loop
      vertex 3.483805e+02 1.825419e+00 6.745190e+02
      vertex 3.482063e+02 1.944789e+00 6.746932e+02
      vertex 3.446819e+02 1.938230e+00 6.711466e+02
    endloop
  endfacet
  facet normal -3.934390e-01 -8.307926e-01 3.936869e-01
    outer loop
      vertex 3.485423e+02 1.674638e+00 6.743572e+02
      vertex 3.448552e+02 1.817113e+00 6.709732e+02
      vertex 3.450153e+02 1.665512e+00 6.708132e+02
    endloop
  endfacet
  facet normal -3.893415e-01 -8.348973e-01 3.890497e-01
    outer loop
      vertex 3.485423e+02 1.674638e+00 6.743572e+02
      vertex 3.483805e+02 1.825419e+00 6.745190e+02
      vertex 3.448552e+02 1.817113e+00 6.709732e+02
    endloop
  endfacet
  facet normal -4.658595e-01 -7.521560e-01 4.660862e-01
    outer loop
      vertex 3.486892e+02 1.495028e+00 6.742103e+02
      vertex 3.450153e+02 1.665512e+00 6.708132e+02
      vertex 3.451602e+02 1.485926e+00 6.706682e+02
    endloop
  endfacet
  facet normal -4.624668e-01 -7.566394e-01 4.621918e-01
    outer loop
      vertex 3.486892e+02 1.495028e+00 6.742103e+02
      vertex 3.485423e+02 1.674638e+00 6.743572e+02
      vertex 3.450153e+02 1.665512e+00 6.708132e+02
    endloop
  endfacet
  facet normal -5.315877e-01 -6.592872e-01 5.317470e-01
    outer loop
      vertex 3.488190e+02 1.288030e+00 6.740805e+02
      vertex 3.451602e+02 1.485926e+00 6.706682e+02
      vertex 3.452879e+02 1.280018e+00 6.705406e+02
    endloop
  endfacet
  facet normal -5.293173e-01 -6.632452e-01 5.290831e-01
    outer loop
      vertex 3.488190e+02 1.288030e+00 6.740805e+02
      vertex 3.486892e+02 1.495028e+00 6.742103e+02
      vertex 3.451602e+02 1.485926e+00 6.706682e+02
    endloop
  endfacet
  facet normal -5.870548e-01 -5.572950e-01 5.871873e-01
    outer loop
      vertex 3.489290e+02 1.058388e+00 6.739705e+02
      vertex 3.452879e+02 1.280018e+00 6.705406e+02
      vertex 3.453960e+02 1.052106e+00 6.704324e+02
    endloop
  endfacet
  facet normal -5.854890e-01 -5.609257e-01 5.852905e-01
    outer loop
      vertex 3.489290e+02 1.058388e+00 6.739705e+02
      vertex 3.488190e+02 1.288030e+00 6.740805e+02
      vertex 3.452879e+02 1.280018e+00 6.705406e+02
    endloop
  endfacet
  facet normal -6.341247e-01 -4.423786e-01 6.341822e-01
    outer loop
      vertex 3.490163e+02 8.095070e-01 6.738832e+02
      vertex 3.453960e+02 1.052106e+00 6.704324e+02
      vertex 3.454821e+02 8.054452e-01 6.703464e+02
    endloop
  endfacet
  facet normal -6.334310e-01 -4.446366e-01 6.332957e-01
    outer loop
      vertex 3.490163e+02 8.095070e-01 6.738832e+02
      vertex 3.489290e+02 1.058388e+00 6.739705e+02
      vertex 3.453960e+02 1.052106e+00 6.704324e+02
    endloop
  endfacet
  facet normal -6.691480e-01 -3.231585e-01 6.691857e-01
    outer loop
      vertex 3.490801e+02 5.468493e-01 6.738194e+02
      vertex 3.454821e+02 8.054452e-01 6.703464e+02
      vertex 3.455450e+02 5.448995e-01 6.702835e+02
    endloop
  endfacet
  facet normal -6.688038e-01 -3.248683e-01 6.687018e-01
    outer loop
      vertex 3.490801e+02 5.468493e-01 6.738194e+02
      vertex 3.490163e+02 8.095070e-01 6.738832e+02
      vertex 3.454821e+02 8.054452e-01 6.703464e+02
    endloop
  endfacet
  facet normal -6.934695e-01 -1.952542e-01 6.935243e-01
    outer loop
      vertex 3.491182e+02 2.778384e-01 6.737812e+02
      vertex 3.455450e+02 5.448995e-01 6.702835e+02
      vertex 3.455827e+02 2.771614e-01 6.702458e+02
    endloop
  endfacet
  facet normal -6.933499e-01 -1.964266e-01 6.933126e-01
    outer loop
      vertex 3.491182e+02 2.778384e-01 6.737812e+02
      vertex 3.490801e+02 5.468493e-01 6.738194e+02
      vertex 3.455450e+02 5.448995e-01 6.702835e+02
    endloop
  endfacet
  facet normal -7.055005e-01 -6.704541e-02 7.055310e-01
    outer loop
      vertex 3.491182e+02 2.778384e-01 6.737812e+02
      vertex 3.455827e+02 2.771614e-01 6.702458e+02
      vertex 3.455958e+02 -1.607999e-15 6.702326e+02
    endloop
  endfacet
  facet normal -7.055341e-01 6.665841e-02 7.055341e-01
    outer loop
      vertex 3.491314e+02 2.571758e-16 6.737681e+02
      vertex 3.455958e+02 -1.607999e-15 6.702326e+02
      vertex 3.455827e+02 -2.778384e-01 6.702457e+02
    endloop
  endfacet
  facet normal -7.055341e-01 -6.665841e-02 7.055341e-01
    outer loop
      vertex 3.491182e+02 2.778384e-01 6.737812e+02
      vertex 3.455958e+02 -1.607999e-15 6.702326e+02
      vertex 3.491314e+02 2.571758e-16 6.737681e+02
    endloop
  endfacet
  facet normal -6.933126e-01 1.964266e-01 6.933499e-01
    outer loop
      vertex 3.490805e+02 -5.448995e-01 6.738190e+02
      vertex 3.455827e+02 -2.778384e-01 6.702457e+02
      vertex 3.455446e+02 -5.468493e-01 6.702838e+02
    endloop
  endfacet
  facet normal -7.055310e-01 6.704541e-02 7.055005e-01
    outer loop
      vertex 3.491182e+02 -2.771614e-01 6.737813e+02
      vertex 3.491314e+02 2.571758e-16 6.737681e+02
      vertex 3.455827e+02 -2.778384e-01 6.702457e+02
    endloop
  endfacet
  facet normal -6.935243e-01 1.952542e-01 6.934695e-01
    outer loop
      vertex 3.490805e+02 -5.448995e-01 6.738190e+02
      vertex 3.491182e+02 -2.771614e-01 6.737813e+02
      vertex 3.455827e+02 -2.778384e-01 6.702457e+02
    endloop
  endfacet
  facet normal -6.687018e-01 3.248683e-01 6.688038e-01
    outer loop
      vertex 3.490176e+02 -8.054452e-01 6.738819e+02
      vertex 3.455446e+02 -5.468493e-01 6.702838e+02
      vertex 3.454808e+02 -8.095070e-01 6.703476e+02
    endloop
  endfacet
  facet normal -6.691857e-01 3.231585e-01 6.691480e-01
    outer loop
      vertex 3.490176e+02 -8.054452e-01 6.738819e+02
      vertex 3.490805e+02 -5.448995e-01 6.738190e+02
      vertex 3.455446e+02 -5.468493e-01 6.702838e+02
    endloop
  endfacet
  facet normal -6.332957e-01 4.446366e-01 6.334310e-01
    outer loop
      vertex 3.489316e+02 -1.052106e+00 6.739679e+02
      vertex 3.454808e+02 -8.095070e-01 6.703476e+02
      vertex 3.453934e+02 -1.058388e+00 6.704350e+02
    endloop
  endfacet
  facet normal -6.341822e-01 4.423786e-01 6.341247e-01
    outer loop
      vertex 3.489316e+02 -1.052106e+00 6.739679e+02
      vertex 3.490176e+02 -8.054452e-01 6.738819e+02
      vertex 3.454808e+02 -8.095070e-01 6.703476e+02
    endloop
  endfacet
  facet normal -5.852905e-01 5.609257e-01 5.854890e-01
    outer loop
      vertex 3.488234e+02 -1.280018e+00 6.740761e+02
      vertex 3.453934e+02 -1.058388e+00 6.704350e+02
      vertex 3.452834e+02 -1.288030e+00 6.705450e+02
    endloop
  endfacet
  facet normal -5.871873e-01 5.572950e-01 5.870548e-01
    outer loop
      vertex 3.488234e+02 -1.280018e+00 6.740761e+02
      vertex 3.489316e+02 -1.052106e+00 6.739679e+02
      vertex 3.453934e+02 -1.058388e+00 6.704350e+02
    endloop
  endfacet
  facet normal -5.290831e-01 6.632452e-01 5.293173e-01
    outer loop
      vertex 3.486957e+02 -1.485926e+00 6.742038e+02
      vertex 3.452834e+02 -1.288030e+00 6.705450e+02
      vertex 3.451537e+02 -1.495028e+00 6.706747e+02
    endloop
  endfacet
  facet normal -5.317470e-01 6.592872e-01 5.315877e-01
    outer loop
      vertex 3.486957e+02 -1.485926e+00 6.742038e+02
      vertex 3.488234e+02 -1.280018e+00 6.740761e+02
      vertex 3.452834e+02 -1.288030e+00 6.705450e+02
    endloop
  endfacet
  facet normal -7.071068e-01 -8.829261e-14 -7.071068e-01
    outer loop
      vertex 3.494142e+02 -5.000000e+00 6.664142e+02
      vertex 3.450067e+02 -1.674638e+00 6.708217e+02
      vertex 3.451537e+02 -1.495028e+00 6.706747e+02
    endloop
  endfacet
  facet normal -4.621918e-01 7.566394e-01 4.624668e-01
    outer loop
      vertex 3.485508e+02 -1.665512e+00 6.743487e+02
      vertex 3.451537e+02 -1.495028e+00 6.706747e+02
      vertex 3.450067e+02 -1.674638e+00 6.708217e+02
    endloop
  endfacet
  facet normal -4.660862e-01 7.521560e-01 4.658595e-01
    outer loop
      vertex 3.485508e+02 -1.665512e+00 6.743487e+02
      vertex 3.486957e+02 -1.485926e+00 6.742038e+02
      vertex 3.451537e+02 -1.495028e+00 6.706747e+02
    endloop
  endfacet
  facet normal -7.071068e-01 -2.507212e-13 -7.071068e-01
    outer loop
      vertex 3.494142e+02 -5.000000e+00 6.664142e+02
      vertex 3.448450e+02 -1.825419e+00 6.709834e+02
      vertex 3.450067e+02 -1.674638e+00 6.708217e+02
    endloop
  endfacet
  facet normal -3.890497e-01 8.348973e-01 3.893415e-01
    outer loop
      vertex 3.483908e+02 -1.817113e+00 6.745087e+02
      vertex 3.450067e+02 -1.674638e+00 6.708217e+02
      vertex 3.448450e+02 -1.825419e+00 6.709834e+02
    endloop
  endfacet
  facet normal -3.936869e-01 8.307926e-01 3.934390e-01
    outer loop
      vertex 3.483908e+02 -1.817113e+00 6.745087e+02
      vertex 3.485508e+02 -1.665512e+00 6.743487e+02
      vertex 3.450067e+02 -1.674638e+00 6.708217e+02
    endloop
  endfacet
  facet normal -7.071068e-01 -1.143210e-13 -7.071068e-01
    outer loop
      vertex 3.494142e+02 -5.000000e+00 6.664142e+02
      vertex 3.446707e+02 -1.944789e+00 6.711577e+02
      vertex 3.448450e+02 -1.825419e+00 6.709834e+02
    endloop
  endfacet
  facet normal -3.080670e-01 9.000117e-01 3.083400e-01
    outer loop
      vertex 3.482174e+02 -1.938230e+00 6.746821e+02
      vertex 3.448450e+02 -1.825419e+00 6.709834e+02
      vertex 3.446707e+02 -1.944789e+00 6.711577e+02
    endloop
  endfacet
  facet normal -3.133025e-01 8.965862e-01 3.130092e-01
    outer loop
      vertex 3.482174e+02 -1.938230e+00 6.746821e+02
      vertex 3.483908e+02 -1.817113e+00 6.745087e+02
      vertex 3.448450e+02 -1.825419e+00 6.709834e+02
    endloop
  endfacet
  facet normal -7.071068e-01 -3.067223e-12 -7.071068e-01
    outer loop
      vertex 3.395147e+02 -5.000000e+00 6.763137e+02
      vertex 3.444872e+02 -2.031428e+00 6.713412e+02
      vertex 3.446707e+02 -1.944789e+00 6.711577e+02
    endloop
  endfacet
  facet normal -2.238020e-01 9.485210e-01 2.240996e-01
    outer loop
      vertex 3.480344e+02 -2.027062e+00 6.748651e+02
      vertex 3.446707e+02 -1.944789e+00 6.711577e+02
      vertex 3.444872e+02 -2.031428e+00 6.713412e+02
    endloop
  endfacet
  facet normal -7.071068e-01 -2.431991e-13 -7.071068e-01
    outer loop
      vertex 3.494142e+02 -5.000000e+00 6.664142e+02
      vertex 3.395147e+02 -5.000000e+00 6.763137e+02
      vertex 3.446707e+02 -1.944789e+00 6.711577e+02
    endloop
  endfacet
  facet normal -2.296909e-01 9.458465e-01 2.293830e-01
    outer loop
      vertex 3.480344e+02 -2.027062e+00 6.748651e+02
      vertex 3.482174e+02 -1.938230e+00 6.746821e+02
      vertex 3.446707e+02 -1.944789e+00 6.711577e+02
    endloop
  endfacet
  facet normal -7.071068e-01 -5.013739e-13 -7.071068e-01
    outer loop
      vertex 3.395147e+02 -5.000000e+00 6.763137e+02
      vertex 3.442977e+02 -2.083132e+00 6.715307e+02
      vertex 3.444872e+02 -2.031428e+00 6.713412e+02
    endloop
  endfacet
  facet normal -1.337698e-01 9.819051e-01 1.340447e-01
    outer loop
      vertex 3.478449e+02 -2.080923e+00 6.750546e+02
      vertex 3.444872e+02 -2.031428e+00 6.713412e+02
      vertex 3.442977e+02 -2.083132e+00 6.715307e+02
    endloop
  endfacet
  facet normal -1.395231e-01 9.803822e-01 1.392267e-01
    outer loop
      vertex 3.478449e+02 -2.080923e+00 6.750546e+02
      vertex 3.480344e+02 -2.027062e+00 6.748651e+02
      vertex 3.444872e+02 -2.031428e+00 6.713412e+02
    endloop
  endfacet
  facet normal -7.071068e-01 -3.236329e-13 -7.071068e-01
    outer loop
      vertex 3.395147e+02 -5.000000e+00 6.763137e+02
      vertex 3.441051e+02 -2.099972e+00 6.717234e+02
      vertex 3.442977e+02 -2.083132e+00 6.715307e+02
    endloop
  endfacet
  facet normal -4.348760e-02 9.980944e-01 4.377598e-02
    outer loop
      vertex 3.476523e+02 -2.099972e+00 6.752472e+02
      vertex 3.442977e+02 -2.083132e+00 6.715307e+02
      vertex 3.441051e+02 -2.099972e+00 6.717234e+02
    endloop
  endfacet
  facet normal -4.946611e-02 9.975647e-01 4.917000e-02
    outer loop
      vertex 3.476523e+02 -2.099972e+00 6.752472e+02
      vertex 3.478449e+02 -2.080923e+00 6.750546e+02
      vertex 3.442977e+02 -2.083132e+00 6.715307e+02
    endloop
  endfacet
  facet normal -7.071068e-01 -2.410530e-13 -7.071068e-01
    outer loop
      vertex 3.395147e+02 -5.000000e+00 6.763137e+02
      vertex 3.439124e+02 -2.080923e+00 6.719160e+02
      vertex 3.441051e+02 -2.099972e+00 6.717234e+02
    endloop
  endfacet
  facet normal 4.946611e-02 9.975647e-01 -4.917000e-02
    outer loop
      vertex 3.474597e+02 -2.083132e+00 6.754398e+02
      vertex 3.441051e+02 -2.099972e+00 6.717234e+02
      vertex 3.439124e+02 -2.080923e+00 6.719160e+02
    endloop
  endfacet
  facet normal 4.348760e-02 9.980944e-01 -4.377598e-02
    outer loop
      vertex 3.474597e+02 -2.083132e+00 6.754398e+02
      vertex 3.476523e+02 -2.099972e+00 6.752472e+02
      vertex 3.441051e+02 -2.099972e+00 6.717234e+02
    endloop
  endfacet
  facet normal -7.071068e-01 3.180634e-14 -7.071068e-01
    outer loop
      vertex 3.395147e+02 -5.000000e+00 6.763137e+02
      vertex 3.437230e+02 -2.027062e+00 6.721054e+02
      vertex 3.439124e+02 -2.080923e+00 6.719160e+02
    endloop
  endfacet
  facet normal 1.395231e-01 9.803822e-01 -1.392267e-01
    outer loop
      vertex 3.472701e+02 -2.031428e+00 6.756294e+02
      vertex 3.439124e+02 -2.080923e+00 6.719160e+02
      vertex 3.437230e+02 -2.027062e+00 6.721054e+02
    endloop
  endfacet
  facet normal 1.337698e-01 9.819051e-01 -1.340447e-01
    outer loop
      vertex 3.472701e+02 -2.031428e+00 6.756294e+02
      vertex 3.474597e+02 -2.083132e+00 6.754398e+02
      vertex 3.439124e+02 -2.080923e+00 6.719160e+02
    endloop
  endfacet
  facet normal -7.071068e-01 -3.366130e-13 -7.071068e-01
    outer loop
      vertex 3.395147e+02 -5.000000e+00 6.763137e+02
      vertex 3.435400e+02 -1.938230e+00 6.722885e+02
      vertex 3.437230e+02 -2.027062e+00 6.721054e+02
    endloop
  endfacet
  facet normal 2.296909e-01 9.458465e-01 -2.293830e-01
    outer loop
      vertex 3.470866e+02 -1.944789e+00 6.758129e+02
      vertex 3.437230e+02 -2.027062e+00 6.721054e+02
      vertex 3.435400e+02 -1.938230e+00 6.722885e+02
    endloop
  endfacet
  facet normal 2.238020e-01 9.485210e-01 -2.240996e-01
    outer loop
      vertex 3.470866e+02 -1.944789e+00 6.758129e+02
      vertex 3.472701e+02 -2.031428e+00 6.756294e+02
      vertex 3.437230e+02 -2.027062e+00 6.721054e+02
    endloop
  endfacet
  facet normal -7.071068e-01 -1.369072e-13 -7.071068e-01
    outer loop
      vertex 3.395147e+02 -5.000000e+00 6.763137e+02
      vertex 3.433666e+02 -1.817113e+00 6.724618e+02
      vertex 3.435400e+02 -1.938230e+00 6.722885e+02
    endloop
  endfacet
  facet normal 3.133025e-01 8.965862e-01 -3.130092e-01
    outer loop
      vertex 3.469123e+02 -1.825419e+00 6.759871e+02
      vertex 3.435400e+02 -1.938230e+00 6.722885e+02
      vertex 3.433666e+02 -1.817113e+00 6.724618e+02
    endloop
  endfacet
  facet normal 3.080670e-01 9.000117e-01 -3.083400e-01
    outer loop
      vertex 3.469123e+02 -1.825419e+00 6.759871e+02
      vertex 3.470866e+02 -1.944789e+00 6.758129e+02
      vertex 3.435400e+02 -1.938230e+00 6.722885e+02
    endloop
  endfacet
  facet normal -7.071068e-01 -1.171919e-13 -7.071068e-01
    outer loop
      vertex 3.395147e+02 -5.000000e+00 6.763137e+02
      vertex 3.432066e+02 -1.665512e+00 6.726219e+02
      vertex 3.433666e+02 -1.817113e+00 6.724618e+02
    endloop
  endfacet
  facet normal 3.936869e-01 8.307926e-01 -3.934390e-01
    outer loop
      vertex 3.467506e+02 -1.674638e+00 6.761489e+02
      vertex 3.433666e+02 -1.817113e+00 6.724618e+02
      vertex 3.432066e+02 -1.665512e+00 6.726219e+02
    endloop
  endfacet
  facet normal 3.890497e-01 8.348973e-01 -3.893415e-01
    outer loop
      vertex 3.467506e+02 -1.674638e+00 6.761489e+02
      vertex 3.469123e+02 -1.825419e+00 6.759871e+02
      vertex 3.433666e+02 -1.817113e+00 6.724618e+02
    endloop
  endfacet
  facet normal -7.071068e-01 -1.019059e-13 -7.071068e-01
    outer loop
      vertex 3.395147e+02 -5.000000e+00 6.763137e+02
      vertex 3.430616e+02 -1.485926e+00 6.727668e+02
      vertex 3.432066e+02 -1.665512e+00 6.726219e+02
    endloop
  endfacet
  facet normal 4.660862e-01 7.521560e-01 -4.658595e-01
    outer loop
      vertex 3.466036e+02 -1.495028e+00 6.762958e+02
      vertex 3.432066e+02 -1.665512e+00 6.726219e+02
      vertex 3.430616e+02 -1.485926e+00 6.727668e+02
    endloop
  endfacet
  facet normal 4.621918e-01 7.566394e-01 -4.624668e-01
    outer loop
      vertex 3.466036e+02 -1.495028e+00 6.762958e+02
      vertex 3.467506e+02 -1.674638e+00 6.761489e+02
      vertex 3.432066e+02 -1.665512e+00 6.726219e+02
    endloop
  endfacet
  facet normal -7.071068e-01 -8.629712e-14 -7.071068e-01
    outer loop
      vertex 3.395147e+02 -5.000000e+00 6.763137e+02
      vertex 3.429340e+02 -1.280018e+00 6.728945e+02
      vertex 3.430616e+02 -1.485926e+00 6.727668e+02
    endloop
  endfacet
  facet normal 5.317470e-01 6.592872e-01 -5.315877e-01
    outer loop
      vertex 3.464739e+02 -1.288030e+00 6.764256e+02
      vertex 3.430616e+02 -1.485926e+00 6.727668e+02
      vertex 3.429340e+02 -1.280018e+00 6.728945e+02
    endloop
  endfacet
  facet normal 5.290831e-01 6.632452e-01 -5.293173e-01
    outer loop
      vertex 3.464739e+02 -1.288030e+00 6.764256e+02
      vertex 3.466036e+02 -1.495028e+00 6.762958e+02
      vertex 3.430616e+02 -1.485926e+00 6.727668e+02
    endloop
  endfacet
  facet normal -7.071068e-01 -1.902719e-13 -7.071068e-01
    outer loop
      vertex 3.395147e+02 -5.000000e+00 6.763137e+02
      vertex 3.428258e+02 -1.052106e+00 6.730026e+02
      vertex 3.429340e+02 -1.280018e+00 6.728945e+02
    endloop
  endfacet
  facet normal 5.871873e-01 5.572950e-01 -5.870548e-01
    outer loop
      vertex 3.463639e+02 -1.058388e+00 6.765356e+02
      vertex 3.429340e+02 -1.280018e+00 6.728945e+02
      vertex 3.428258e+02 -1.052106e+00 6.730026e+02
    endloop
  endfacet
  facet normal 5.852905e-01 5.609257e-01 -5.854890e-01
    outer loop
      vertex 3.463639e+02 -1.058388e+00 6.765356e+02
      vertex 3.464739e+02 -1.288030e+00 6.764256e+02
      vertex 3.429340e+02 -1.280018e+00 6.728945e+02
    endloop
  endfacet
  facet normal -7.071068e-01 1.672787e-13 -7.071068e-01
    outer loop
      vertex 3.395147e+02 -5.000000e+00 6.763137e+02
      vertex 3.427398e+02 -8.054452e-01 6.730887e+02
      vertex 3.428258e+02 -1.052106e+00 6.730026e+02
    endloop
  endfacet
  facet normal 6.341822e-01 4.423786e-01 -6.341247e-01
    outer loop
      vertex 3.462766e+02 -8.095070e-01 6.766229e+02
      vertex 3.428258e+02 -1.052106e+00 6.730026e+02
      vertex 3.427398e+02 -8.054452e-01 6.730887e+02
    endloop
  endfacet
  facet normal 6.332957e-01 4.446366e-01 -6.334310e-01
    outer loop
      vertex 3.462766e+02 -8.095070e-01 6.766229e+02
      vertex 3.463639e+02 -1.058388e+00 6.765356e+02
      vertex 3.428258e+02 -1.052106e+00 6.730026e+02
    endloop
  endfacet
  facet normal -7.071068e-01 -2.787080e-13 -7.071068e-01
    outer loop
      vertex 3.395147e+02 -5.000000e+00 6.763137e+02
      vertex 3.426768e+02 -5.448995e-01 6.731516e+02
      vertex 3.427398e+02 -8.054452e-01 6.730887e+02
    endloop
  endfacet
  facet normal 6.691857e-01 3.231585e-01 -6.691480e-01
    outer loop
      vertex 3.462128e+02 -5.468493e-01 6.766867e+02
      vertex 3.427398e+02 -8.054452e-01 6.730887e+02
      vertex 3.426768e+02 -5.448995e-01 6.731516e+02
    endloop
  endfacet
  facet normal 6.687018e-01 3.248683e-01 -6.688038e-01
    outer loop
      vertex 3.462128e+02 -5.468493e-01 6.766867e+02
      vertex 3.462766e+02 -8.095070e-01 6.766229e+02
      vertex 3.427398e+02 -8.054452e-01 6.730887e+02
    endloop
  endfacet
  facet normal -7.071068e-01 9.409356e-14 -7.071068e-01
    outer loop
      vertex 3.395147e+02 -5.000000e+00 6.763137e+02
      vertex 3.426392e+02 -2.771614e-01 6.731893e+02
      vertex 3.426768e+02 -5.448995e-01 6.731516e+02
    endloop
  endfacet
  facet normal 6.935243e-01 1.952542e-01 -6.934695e-01
    outer loop
      vertex 3.461746e+02 -2.778384e-01 6.767248e+02
      vertex 3.426768e+02 -5.448995e-01 6.731516e+02
      vertex 3.426392e+02 -2.771614e-01 6.731893e+02
    endloop
  endfacet
  facet normal 6.933126e-01 1.964266e-01 -6.933499e-01
    outer loop
      vertex 3.461746e+02 -2.778384e-01 6.767248e+02
      vertex 3.462128e+02 -5.468493e-01 6.766867e+02
      vertex 3.426768e+02 -5.448995e-01 6.731516e+02
    endloop
  endfacet
  facet normal -7.071068e-01 0.000000e+00 -7.071068e-01
    outer loop
      vertex 3.388168e+02 4.158976e+00 6.770116e+02
      vertex 3.388076e+02 -4.000000e+00 6.770208e+02
      vertex 3.388076e+02 4.000000e+00 6.770208e+02
    endloop
  endfacet
  facet normal -7.071068e-01 0.000000e+00 7.071068e-01
    outer loop
      vertex 3.423431e+02 4.000000e+00 6.805563e+02
      vertex 3.388076e+02 4.000000e+00 6.770208e+02
      vertex 3.388076e+02 -4.000000e+00 6.770208e+02
    endloop
  endfacet
  facet normal -7.047408e-01 8.174323e-02 7.047400e-01
    outer loop
      vertex 3.423524e+02 4.158954e+00 6.805471e+02
      vertex 3.388168e+02 4.158976e+00 6.770116e+02
      vertex 3.388076e+02 4.000000e+00 6.770208e+02
    endloop
  endfacet
  facet normal -7.047415e-01 8.172484e-02 7.047415e-01
    outer loop
      vertex 3.423524e+02 4.158954e+00 6.805471e+02
      vertex 3.388076e+02 4.000000e+00 6.770208e+02
      vertex 3.423431e+02 4.000000e+00 6.805563e+02
    endloop
  endfacet
  facet normal -7.071068e-01 0.000000e+00 -7.071068e-01
    outer loop
      vertex 3.388168e+02 4.158976e+00 6.770116e+02
      vertex 3.388168e+02 -4.158954e+00 6.770116e+02
      vertex 3.388076e+02 -4.000000e+00 6.770208e+02
    endloop
  endfacet
  facet normal -7.047415e-01 -8.172484e-02 7.047415e-01
    outer loop
      vertex 3.423431e+02 -4.000000e+00 6.805563e+02
      vertex 3.388076e+02 -4.000000e+00 6.770208e+02
      vertex 3.388168e+02 -4.158954e+00 6.770116e+02
    endloop
  endfacet
  facet normal -7.071068e-01 0.000000e+00 7.071068e-01
    outer loop
      vertex 3.423431e+02 4.000000e+00 6.805563e+02
      vertex 3.388076e+02 -4.000000e+00 6.770208e+02
      vertex 3.423431e+02 -4.000000e+00 6.805563e+02
    endloop
  endfacet
  facet normal -7.071068e-01 -4.666007e-15 -7.071068e-01
    outer loop
      vertex 3.388425e+02 4.310002e+00 6.769860e+02
      vertex 3.388424e+02 -4.309965e+00 6.769860e+02
      vertex 3.388168e+02 -4.158954e+00 6.770116e+02
    endloop
  endfacet
  facet normal -6.876026e-01 -2.332497e-01 6.876025e-01
    outer loop
      vertex 3.423524e+02 -4.158976e+00 6.805471e+02
      vertex 3.388168e+02 -4.158954e+00 6.770116e+02
      vertex 3.388424e+02 -4.309965e+00 6.769860e+02
    endloop
  endfacet
  facet normal -7.071068e-01 -6.318453e-19 -7.071068e-01
    outer loop
      vertex 3.388168e+02 4.158976e+00 6.770116e+02
      vertex 3.388425e+02 4.310002e+00 6.769860e+02
      vertex 3.388168e+02 -4.158954e+00 6.770116e+02
    endloop
  endfacet
  facet normal -7.047400e-01 -8.174323e-02 7.047408e-01
    outer loop
      vertex 3.423431e+02 -4.000000e+00 6.805563e+02
      vertex 3.388168e+02 -4.158954e+00 6.770116e+02
      vertex 3.423524e+02 -4.158976e+00 6.805471e+02
    endloop
  endfacet
  facet normal -7.071068e-01 3.457544e-18 -7.071068e-01
    outer loop
      vertex 3.388851e+02 4.454697e+00 6.769433e+02
      vertex 3.388851e+02 -4.454652e+00 6.769433e+02
      vertex 3.388424e+02 -4.309965e+00 6.769860e+02
    endloop
  endfacet
  facet normal -6.526909e-01 -3.846950e-01 6.526901e-01
    outer loop
      vertex 3.423780e+02 -4.310002e+00 6.805215e+02
      vertex 3.388424e+02 -4.309965e+00 6.769860e+02
      vertex 3.388851e+02 -4.454652e+00 6.769433e+02
    endloop
  endfacet
  facet normal -7.071068e-01 -4.662023e-15 -7.071068e-01
    outer loop
      vertex 3.388425e+02 4.310002e+00 6.769860e+02
      vertex 3.388851e+02 4.454697e+00 6.769433e+02
      vertex 3.388424e+02 -4.309965e+00 6.769860e+02
    endloop
  endfacet
  facet normal -6.875983e-01 -2.332720e-01 6.875992e-01
    outer loop
      vertex 3.423524e+02 -4.158976e+00 6.805471e+02
      vertex 3.388424e+02 -4.309965e+00 6.769860e+02
      vertex 3.423780e+02 -4.310002e+00 6.805215e+02
    endloop
  endfacet
  facet normal -7.071068e-01 -2.551493e-18 -7.071068e-01
    outer loop
      vertex 3.388851e+02 4.454697e+00 6.769433e+02
      vertex 3.389429e+02 -4.588160e+00 6.768856e+02
      vertex 3.388851e+02 -4.454652e+00 6.769433e+02
    endloop
  endfacet
  facet normal -6.031185e-01 -5.220128e-01 6.031174e-01
    outer loop
      vertex 3.424206e+02 -4.454697e+00 6.804789e+02
      vertex 3.388851e+02 -4.454652e+00 6.769433e+02
      vertex 3.389429e+02 -4.588160e+00 6.768856e+02
    endloop
  endfacet
  facet normal -6.526777e-01 -3.847366e-01 6.526788e-01
    outer loop
      vertex 3.423780e+02 -4.310002e+00 6.805215e+02
      vertex 3.388851e+02 -4.454652e+00 6.769433e+02
      vertex 3.424206e+02 -4.454697e+00 6.804789e+02
    endloop
  endfacet
  facet normal -7.071068e-01 -8.760371e-15 -7.071068e-01
    outer loop
      vertex 3.389429e+02 4.588207e+00 6.768855e+02
      vertex 3.390148e+02 -4.706940e+00 6.768136e+02
      vertex 3.389429e+02 -4.588160e+00 6.768856e+02
    endloop
  endfacet
  facet normal -5.370107e-01 -6.505693e-01 5.370094e-01
    outer loop
      vertex 3.424784e+02 -4.588207e+00 6.804211e+02
      vertex 3.389429e+02 -4.588160e+00 6.768856e+02
      vertex 3.390148e+02 -4.706940e+00 6.768136e+02
    endloop
  endfacet
  facet normal -7.071068e-01 -8.760441e-15 -7.071068e-01
    outer loop
      vertex 3.388851e+02 4.454697e+00 6.769433e+02
      vertex 3.389429e+02 4.588207e+00 6.768855e+02
      vertex 3.389429e+02 -4.588160e+00 6.768856e+02
    endloop
  endfacet
  facet normal -6.030973e-01 -5.220590e-01 6.030986e-01
    outer loop
      vertex 3.424206e+02 -4.454697e+00 6.804789e+02
      vertex 3.389429e+02 -4.588160e+00 6.768856e+02
      vertex 3.424784e+02 -4.588207e+00 6.804211e+02
    endloop
  endfacet
  facet normal -7.071068e-01 -4.266583e-15 -7.071068e-01
    outer loop
      vertex 3.390148e+02 4.706982e+00 6.768136e+02
      vertex 3.390988e+02 -4.808699e+00 6.767296e+02
      vertex 3.390148e+02 -4.706940e+00 6.768136e+02
    endloop
  endfacet
  facet normal -4.600545e-01 -7.594083e-01 4.600531e-01
    outer loop
      vertex 3.425504e+02 -4.706982e+00 6.803491e+02
      vertex 3.390148e+02 -4.706940e+00 6.768136e+02
      vertex 3.390988e+02 -4.808699e+00 6.767296e+02
    endloop
  endfacet
  facet normal -7.071068e-01 -4.271849e-15 -7.071068e-01
    outer loop
      vertex 3.389429e+02 4.588207e+00 6.768855e+02
      vertex 3.390148e+02 4.706982e+00 6.768136e+02
      vertex 3.390148e+02 -4.706940e+00 6.768136e+02
    endloop
  endfacet
  facet normal -5.369821e-01 -6.506143e-01 5.369834e-01
    outer loop
      vertex 3.424784e+02 -4.588207e+00 6.804211e+02
      vertex 3.390148e+02 -4.706940e+00 6.768136e+02
      vertex 3.425504e+02 -4.706982e+00 6.803491e+02
    endloop
  endfacet
  facet normal -7.071068e-01 8.355673e-15 -7.071068e-01
    outer loop
      vertex 3.390988e+02 4.808733e+00 6.767296e+02
      vertex 3.391932e+02 -4.890420e+00 6.766352e+02
      vertex 3.390988e+02 -4.808699e+00 6.767296e+02
    endloop
  endfacet
  facet normal -3.691521e-01 -8.529094e-01 3.691508e-01
    outer loop
      vertex 3.426344e+02 -4.808733e+00 6.802651e+02
      vertex 3.390988e+02 -4.808699e+00 6.767296e+02
      vertex 3.391932e+02 -4.890420e+00 6.766352e+02
    endloop
  endfacet
  facet normal -7.071068e-01 8.357380e-15 -7.071068e-01
    outer loop
      vertex 3.390148e+02 4.706982e+00 6.768136e+02
      vertex 3.390988e+02 4.808733e+00 6.767296e+02
      vertex 3.390988e+02 -4.808699e+00 6.767296e+02
    endloop
  endfacet
  facet normal -4.600213e-01 -7.594469e-01 4.600226e-01
    outer loop
      vertex 3.425504e+02 -4.706982e+00 6.803491e+02
      vertex 3.390988e+02 -4.808699e+00 6.767296e+02
      vertex 3.426344e+02 -4.808733e+00 6.802651e+02
    endloop
  endfacet
  facet normal -7.071068e-01 1.281105e-18 -7.071068e-01
    outer loop
      vertex 3.391932e+02 4.890443e+00 6.766352e+02
      vertex 3.392955e+02 -4.950731e+00 6.765329e+02
      vertex 3.391932e+02 -4.890420e+00 6.766352e+02
    endloop
  endfacet
  facet normal -2.720504e-01 -9.230264e-01 2.720493e-01
    outer loop
      vertex 3.427288e+02 -4.890443e+00 6.801707e+02
      vertex 3.391932e+02 -4.890420e+00 6.766352e+02
      vertex 3.392955e+02 -4.950731e+00 6.765329e+02
    endloop
  endfacet
  facet normal -7.071068e-01 0.000000e+00 -7.071068e-01
    outer loop
      vertex 3.390988e+02 4.808733e+00 6.767296e+02
      vertex 3.391932e+02 4.890443e+00 6.766352e+02
      vertex 3.391932e+02 -4.890420e+00 6.766352e+02
    endloop
  endfacet
  facet normal -3.691183e-01 -8.529376e-01 3.691194e-01
    outer loop
      vertex 3.426344e+02 -4.808733e+00 6.802651e+02
      vertex 3.391932e+02 -4.890420e+00 6.766352e+02
      vertex 3.427288e+02 -4.890443e+00 6.801707e+02
    endloop
  endfacet
  facet normal -7.071068e-01 -4.058437e-15 -7.071068e-01
    outer loop
      vertex 3.392955e+02 4.950743e+00 6.765329e+02
      vertex 3.394023e+02 -4.986961e+00 6.764261e+02
      vertex 3.392955e+02 -4.950731e+00 6.765329e+02
    endloop
  endfacet
  facet normal -1.649487e-01 -9.724115e-01 1.649478e-01
    outer loop
      vertex 3.428311e+02 -4.950743e+00 6.800684e+02
      vertex 3.392955e+02 -4.950731e+00 6.765329e+02
      vertex 3.394023e+02 -4.986961e+00 6.764261e+02
    endloop
  endfacet
  facet normal -7.071068e-01 -4.057675e-15 -7.071068e-01
    outer loop
      vertex 3.391932e+02 4.890443e+00 6.766352e+02
      vertex 3.392955e+02 4.950743e+00 6.765329e+02
      vertex 3.392955e+02 -4.950731e+00 6.765329e+02
    endloop
  endfacet
  facet normal -2.720200e-01 -9.230437e-01 2.720209e-01
    outer loop
      vertex 3.427288e+02 -4.890443e+00 6.801707e+02
      vertex 3.392955e+02 -4.950731e+00 6.765329e+02
      vertex 3.428311e+02 -4.950743e+00 6.800684e+02
    endloop
  endfacet
  facet normal -5.780161e-02 -9.966534e-01 5.780077e-02
    outer loop
      vertex 3.429379e+02 -4.986966e+00 6.799616e+02
      vertex 3.394023e+02 -4.986961e+00 6.764261e+02
      vertex 3.395147e+02 -5.000000e+00 6.763137e+02
    endloop
  endfacet
  facet normal -7.071068e-01 8.058729e-15 -7.071068e-01
    outer loop
      vertex 3.392955e+02 4.950743e+00 6.765329e+02
      vertex 3.394023e+02 4.986966e+00 6.764261e+02
      vertex 3.394023e+02 -4.986961e+00 6.764261e+02
    endloop
  endfacet
  facet normal -1.649324e-01 -9.724169e-01 1.649325e-01
    outer loop
      vertex 3.428311e+02 -4.950743e+00 6.800684e+02
      vertex 3.394023e+02 -4.986961e+00 6.764261e+02
      vertex 3.429379e+02 -4.986966e+00 6.799616e+02
    endloop
  endfacet
  facet normal 0.000000e+00 -1.000000e+00 0.000000e+00
    outer loop
      vertex 3.529497e+02 -5.000000e+00 6.699497e+02
      vertex 3.395147e+02 -5.000000e+00 6.763137e+02
      vertex 3.494142e+02 -5.000000e+00 6.664142e+02
    endloop
  endfacet
  facet normal 0.000000e+00 -1.000000e+00 0.000000e+00
    outer loop
      vertex 3.430503e+02 -5.000000e+00 6.798492e+02
      vertex 3.395147e+02 -5.000000e+00 6.763137e+02
      vertex 3.529497e+02 -5.000000e+00 6.699497e+02
    endloop
  endfacet
  facet normal -5.778819e-02 -9.966549e-01 5.778819e-02
    outer loop
      vertex 3.429379e+02 -4.986966e+00 6.799616e+02
      vertex 3.395147e+02 -5.000000e+00 6.763137e+02
      vertex 3.430503e+02 -5.000000e+00 6.798492e+02
    endloop
  endfacet
  facet normal 0.000000e+00 -1.000000e+00 0.000000e+00
    outer loop
      vertex 3.531883e+02 -5.000000e+00 6.696986e+02
      vertex 3.529497e+02 -5.000000e+00 6.699497e+02
      vertex 3.494142e+02 -5.000000e+00 6.664142e+02
    endloop
  endfacet
  facet normal 0.000000e+00 -1.000000e+00 0.000000e+00
    outer loop
      vertex 3.547903e+02 -5.000000e+00 6.667000e+02
      vertex 3.494142e+02 -5.000000e+00 6.664142e+02
      vertex 3.548655e+02 -5.000000e+00 6.663656e+02
    endloop
  endfacet
  facet normal 0.000000e+00 -1.000000e+00 0.000000e+00
    outer loop
      vertex 3.495879e+02 -5.000000e+00 6.662157e+02
      vertex 3.548655e+02 -5.000000e+00 6.663656e+02
      vertex 3.494142e+02 -5.000000e+00 6.664142e+02
    endloop
  endfacet
  facet normal 0.000000e+00 -1.000000e+00 0.000000e+00
    outer loop
      vertex 3.546984e+02 -5.000000e+00 6.670319e+02
      vertex 3.494142e+02 -5.000000e+00 6.664142e+02
      vertex 3.547903e+02 -5.000000e+00 6.667000e+02
    endloop
  endfacet
  facet normal 0.000000e+00 -1.000000e+00 0.000000e+00
    outer loop
      vertex 3.545904e+02 -5.000000e+00 6.673589e+02
      vertex 3.494142e+02 -5.000000e+00 6.664142e+02
      vertex 3.546984e+02 -5.000000e+00 6.670319e+02
    endloop
  endfacet
  facet normal 0.000000e+00 -1.000000e+00 0.000000e+00
    outer loop
      vertex 3.544671e+02 -5.000000e+00 6.676788e+02
      vertex 3.494142e+02 -5.000000e+00 6.664142e+02
      vertex 3.545904e+02 -5.000000e+00 6.673589e+02
    endloop
  endfacet
  facet normal 0.000000e+00 -1.000000e+00 0.000000e+00
    outer loop
      vertex 3.543281e+02 -5.000000e+00 6.679921e+02
      vertex 3.494142e+02 -5.000000e+00 6.664142e+02
      vertex 3.544671e+02 -5.000000e+00 6.676788e+02
    endloop
  endfacet
  facet normal 0.000000e+00 -1.000000e+00 0.000000e+00
    outer loop
      vertex 3.541732e+02 -5.000000e+00 6.682997e+02
      vertex 3.494142e+02 -5.000000e+00 6.664142e+02
      vertex 3.543281e+02 -5.000000e+00 6.679921e+02
    endloop
  endfacet
  facet normal 0.000000e+00 -1.000000e+00 0.000000e+00
    outer loop
      vertex 3.540035e+02 -5.000000e+00 6.685994e+02
      vertex 3.494142e+02 -5.000000e+00 6.664142e+02
      vertex 3.541732e+02 -5.000000e+00 6.682997e+02
    endloop
  endfacet
  facet normal 0.000000e+00 -1.000000e+00 0.000000e+00
    outer loop
      vertex 3.538202e+02 -5.000000e+00 6.688890e+02
      vertex 3.494142e+02 -5.000000e+00 6.664142e+02
      vertex 3.540035e+02 -5.000000e+00 6.685994e+02
    endloop
  endfacet
  facet normal 0.000000e+00 -1.000000e+00 0.000000e+00
    outer loop
      vertex 3.536236e+02 -5.000000e+00 6.691682e+02
      vertex 3.494142e+02 -5.000000e+00 6.664142e+02
      vertex 3.538202e+02 -5.000000e+00 6.688890e+02
    endloop
  endfacet
  facet normal 0.000000e+00 -1.000000e+00 0.000000e+00
    outer loop
      vertex 3.534129e+02 -5.000000e+00 6.694381e+02
      vertex 3.494142e+02 -5.000000e+00 6.664142e+02
      vertex 3.536236e+02 -5.000000e+00 6.691682e+02
    endloop
  endfacet
  facet normal 0.000000e+00 -1.000000e+00 0.000000e+00
    outer loop
      vertex 3.531883e+02 -5.000000e+00 6.696986e+02
      vertex 3.494142e+02 -5.000000e+00 6.664142e+02
      vertex 3.534129e+02 -5.000000e+00 6.694381e+02
    endloop
  endfacet
  facet normal -1.649325e-01 9.724169e-01 1.649324e-01
    outer loop
      vertex 3.429378e+02 4.986961e+00 6.799617e+02
      vertex 3.394023e+02 4.986966e+00 6.764261e+02
      vertex 3.392955e+02 4.950743e+00 6.765329e+02
    endloop
  endfacet
  facet normal -2.720209e-01 9.230437e-01 2.720200e-01
    outer loop
      vertex 3.428310e+02 4.950731e+00 6.800684e+02
      vertex 3.392955e+02 4.950743e+00 6.765329e+02
      vertex 3.391932e+02 4.890443e+00 6.766352e+02
    endloop
  endfacet
  facet normal -1.649478e-01 9.724115e-01 1.649487e-01
    outer loop
      vertex 3.429378e+02 4.986961e+00 6.799617e+02
      vertex 3.392955e+02 4.950743e+00 6.765329e+02
      vertex 3.428310e+02 4.950731e+00 6.800684e+02
    endloop
  endfacet
  facet normal -3.691194e-01 8.529376e-01 3.691183e-01
    outer loop
      vertex 3.427287e+02 4.890420e+00 6.801708e+02
      vertex 3.391932e+02 4.890443e+00 6.766352e+02
      vertex 3.390988e+02 4.808733e+00 6.767296e+02
    endloop
  endfacet
  facet normal -2.720493e-01 9.230264e-01 2.720504e-01
    outer loop
      vertex 3.428310e+02 4.950731e+00 6.800684e+02
      vertex 3.391932e+02 4.890443e+00 6.766352e+02
      vertex 3.427287e+02 4.890420e+00 6.801708e+02
    endloop
  endfacet
  facet normal -4.600226e-01 7.594469e-01 4.600213e-01
    outer loop
      vertex 3.426343e+02 4.808699e+00 6.802652e+02
      vertex 3.390988e+02 4.808733e+00 6.767296e+02
      vertex 3.390148e+02 4.706982e+00 6.768136e+02
    endloop
  endfacet
  facet normal -3.691508e-01 8.529094e-01 3.691521e-01
    outer loop
      vertex 3.427287e+02 4.890420e+00 6.801708e+02
      vertex 3.390988e+02 4.808733e+00 6.767296e+02
      vertex 3.426343e+02 4.808699e+00 6.802652e+02
    endloop
  endfacet
  facet normal -5.369834e-01 6.506143e-01 5.369821e-01
    outer loop
      vertex 3.425503e+02 4.706940e+00 6.803492e+02
      vertex 3.390148e+02 4.706982e+00 6.768136e+02
      vertex 3.389429e+02 4.588207e+00 6.768855e+02
    endloop
  endfacet
  facet normal -4.600531e-01 7.594083e-01 4.600545e-01
    outer loop
      vertex 3.426343e+02 4.808699e+00 6.802652e+02
      vertex 3.390148e+02 4.706982e+00 6.768136e+02
      vertex 3.425503e+02 4.706940e+00 6.803492e+02
    endloop
  endfacet
  facet normal -6.030986e-01 5.220590e-01 6.030973e-01
    outer loop
      vertex 3.424784e+02 4.588160e+00 6.804211e+02
      vertex 3.389429e+02 4.588207e+00 6.768855e+02
      vertex 3.388851e+02 4.454697e+00 6.769433e+02
    endloop
  endfacet
  facet normal -5.370094e-01 6.505693e-01 5.370107e-01
    outer loop
      vertex 3.425503e+02 4.706940e+00 6.803492e+02
      vertex 3.389429e+02 4.588207e+00 6.768855e+02
      vertex 3.424784e+02 4.588160e+00 6.804211e+02
    endloop
  endfacet
  facet normal -6.526788e-01 3.847366e-01 6.526777e-01
    outer loop
      vertex 3.424206e+02 4.454652e+00 6.804789e+02
      vertex 3.388851e+02 4.454697e+00 6.769433e+02
      vertex 3.388425e+02 4.310002e+00 6.769860e+02
    endloop
  endfacet
  facet normal -6.031174e-01 5.220128e-01 6.031185e-01
    outer loop
      vertex 3.424784e+02 4.588160e+00 6.804211e+02
      vertex 3.388851e+02 4.454697e+00 6.769433e+02
      vertex 3.424206e+02 4.454652e+00 6.804789e+02
    endloop
  endfacet
  facet normal -6.875992e-01 2.332720e-01 6.875983e-01
    outer loop
      vertex 3.423780e+02 4.309965e+00 6.805215e+02
      vertex 3.388425e+02 4.310002e+00 6.769860e+02
      vertex 3.388168e+02 4.158976e+00 6.770116e+02
    endloop
  endfacet
  facet normal -6.526901e-01 3.846950e-01 6.526909e-01
    outer loop
      vertex 3.424206e+02 4.454652e+00 6.804789e+02
      vertex 3.388425e+02 4.310002e+00 6.769860e+02
      vertex 3.423780e+02 4.309965e+00 6.805215e+02
    endloop
  endfacet
  facet normal -6.876025e-01 2.332497e-01 6.876026e-01
    outer loop
      vertex 3.423780e+02 4.309965e+00 6.805215e+02
      vertex 3.388168e+02 4.158976e+00 6.770116e+02
      vertex 3.423524e+02 4.158954e+00 6.805471e+02
    endloop
  endfacet
  facet normal 7.071068e-01 -7.821458e-15 7.071068e-01
    outer loop
      vertex 3.529497e+02 -5.000000e+00 6.699497e+02
      vertex 3.491314e+02 2.571758e-16 6.737681e+02
      vertex 3.491182e+02 -2.771614e-01 6.737813e+02
    endloop
  endfacet
  facet normal 7.071068e-01 7.572285e-15 7.071068e-01
    outer loop
      vertex 3.529497e+02 -5.000000e+00 6.699497e+02
      vertex 3.491182e+02 2.778384e-01 6.737812e+02
      vertex 3.491314e+02 2.571758e-16 6.737681e+02
    endloop
  endfacet
  facet normal 7.071068e-01 1.074674e-13 7.071068e-01
    outer loop
      vertex 3.529497e+02 -5.000000e+00 6.699497e+02
      vertex 3.491182e+02 -2.771614e-01 6.737813e+02
      vertex 3.490805e+02 -5.448995e-01 6.738190e+02
    endloop
  endfacet
  facet normal 7.071068e-01 -2.749260e-13 7.071068e-01
    outer loop
      vertex 3.529497e+02 -5.000000e+00 6.699497e+02
      vertex 3.490805e+02 -5.448995e-01 6.738190e+02
      vertex 3.490176e+02 -8.054452e-01 6.738819e+02
    endloop
  endfacet
  facet normal 7.071068e-01 -3.869834e-14 7.071068e-01
    outer loop
      vertex 3.529497e+02 -5.000000e+00 6.699497e+02
      vertex 3.490176e+02 -8.054452e-01 6.738819e+02
      vertex 3.489316e+02 -1.052106e+00 6.739679e+02
    endloop
  endfacet
  facet normal 7.071068e-01 7.296116e-14 7.071068e-01
    outer loop
      vertex 3.529497e+02 -5.000000e+00 6.699497e+02
      vertex 3.489316e+02 -1.052106e+00 6.739679e+02
      vertex 3.488234e+02 -1.280018e+00 6.740761e+02
    endloop
  endfacet
  facet normal 7.071068e-01 -6.258688e-14 7.071068e-01
    outer loop
      vertex 3.529497e+02 -5.000000e+00 6.699497e+02
      vertex 3.488234e+02 -1.280018e+00 6.740761e+02
      vertex 3.486957e+02 -1.485926e+00 6.742038e+02
    endloop
  endfacet
  facet normal 7.071068e-01 6.116183e-14 7.071068e-01
    outer loop
      vertex 3.529497e+02 -5.000000e+00 6.699497e+02
      vertex 3.486957e+02 -1.485926e+00 6.742038e+02
      vertex 3.485508e+02 -1.665512e+00 6.743487e+02
    endloop
  endfacet
  facet normal 7.071068e-01 -8.998535e-14 7.071068e-01
    outer loop
      vertex 3.529497e+02 -5.000000e+00 6.699497e+02
      vertex 3.485508e+02 -1.665512e+00 6.743487e+02
      vertex 3.483908e+02 -1.817113e+00 6.745087e+02
    endloop
  endfacet
  facet normal 7.071068e-01 -2.730528e-13 7.071068e-01
    outer loop
      vertex 3.529497e+02 -5.000000e+00 6.699497e+02
      vertex 3.483908e+02 -1.817113e+00 6.745087e+02
      vertex 3.482174e+02 -1.938230e+00 6.746821e+02
    endloop
  endfacet
  facet normal 7.071068e-01 -1.203866e-13 7.071068e-01
    outer loop
      vertex 3.529497e+02 -5.000000e+00 6.699497e+02
      vertex 3.482174e+02 -1.938230e+00 6.746821e+02
      vertex 3.480344e+02 -2.027062e+00 6.748651e+02
    endloop
  endfacet
  facet normal 7.071068e-01 9.102961e-14 7.071068e-01
    outer loop
      vertex 3.529497e+02 -5.000000e+00 6.699497e+02
      vertex 3.480344e+02 -2.027062e+00 6.748651e+02
      vertex 3.478449e+02 -2.080923e+00 6.750546e+02
    endloop
  endfacet
  facet normal 7.071068e-01 -8.226486e-13 7.071068e-01
    outer loop
      vertex 3.529497e+02 -5.000000e+00 6.699497e+02
      vertex 3.478449e+02 -2.080923e+00 6.750546e+02
      vertex 3.476523e+02 -2.099972e+00 6.752472e+02
    endloop
  endfacet
  facet normal 7.071068e-01 -2.462064e-13 7.071068e-01
    outer loop
      vertex 3.529497e+02 -5.000000e+00 6.699497e+02
      vertex 3.476523e+02 -2.099972e+00 6.752472e+02
      vertex 3.474597e+02 -2.083132e+00 6.754398e+02
    endloop
  endfacet
  facet normal 7.071068e-01 -4.294563e-13 7.071068e-01
    outer loop
      vertex 3.529497e+02 -5.000000e+00 6.699497e+02
      vertex 3.474597e+02 -2.083132e+00 6.754398e+02
      vertex 3.472701e+02 -2.031428e+00 6.756294e+02
    endloop
  endfacet
  facet normal 7.071068e-01 6.497487e-12 7.071068e-01
    outer loop
      vertex 3.529497e+02 -5.000000e+00 6.699497e+02
      vertex 3.472701e+02 -2.031428e+00 6.756294e+02
      vertex 3.470866e+02 -1.944789e+00 6.758129e+02
    endloop
  endfacet
  facet normal 7.071068e-01 -1.176426e-13 7.071068e-01
    outer loop
      vertex 3.430503e+02 -5.000000e+00 6.798492e+02
      vertex 3.470866e+02 -1.944789e+00 6.758129e+02
      vertex 3.469123e+02 -1.825419e+00 6.759871e+02
    endloop
  endfacet
  facet normal 7.071068e-01 -2.237631e-13 7.071068e-01
    outer loop
      vertex 3.430503e+02 -5.000000e+00 6.798492e+02
      vertex 3.529497e+02 -5.000000e+00 6.699497e+02
      vertex 3.470866e+02 -1.944789e+00 6.758129e+02
    endloop
  endfacet
  facet normal 7.071068e-01 4.126754e-14 7.071068e-01
    outer loop
      vertex 3.430503e+02 -5.000000e+00 6.798492e+02
      vertex 3.469123e+02 -1.825419e+00 6.759871e+02
      vertex 3.467506e+02 -1.674638e+00 6.761489e+02
    endloop
  endfacet
  facet normal 7.071068e-01 -8.167918e-14 7.071068e-01
    outer loop
      vertex 3.430503e+02 -5.000000e+00 6.798492e+02
      vertex 3.467506e+02 -1.674638e+00 6.761489e+02
      vertex 3.466036e+02 -1.495028e+00 6.762958e+02
    endloop
  endfacet
  facet normal 7.071068e-01 -6.965325e-14 7.071068e-01
    outer loop
      vertex 3.430503e+02 -5.000000e+00 6.798492e+02
      vertex 3.466036e+02 -1.495028e+00 6.762958e+02
      vertex 3.464739e+02 -1.288030e+00 6.764256e+02
    endloop
  endfacet
  facet normal 7.071068e-01 2.103393e-12 7.071068e-01
    outer loop
      vertex 3.529497e+02 -5.000000e+00 6.699497e+02
      vertex 3.486892e+02 1.495028e+00 6.742103e+02
      vertex 3.488190e+02 1.288030e+00 6.740805e+02
    endloop
  endfacet
  facet normal 7.071068e-01 -3.619849e-13 7.071068e-01
    outer loop
      vertex 3.529497e+02 -5.000000e+00 6.699497e+02
      vertex 3.488190e+02 1.288030e+00 6.740805e+02
      vertex 3.489290e+02 1.058388e+00 6.739705e+02
    endloop
  endfacet
  facet normal 7.071068e-01 1.119043e-13 7.071068e-01
    outer loop
      vertex 3.529497e+02 -5.000000e+00 6.699497e+02
      vertex 3.489290e+02 1.058388e+00 6.739705e+02
      vertex 3.490163e+02 8.095070e-01 6.738832e+02
    endloop
  endfacet
  facet normal 7.071068e-01 2.957660e-13 7.071068e-01
    outer loop
      vertex 3.529497e+02 -5.000000e+00 6.699497e+02
      vertex 3.490163e+02 8.095070e-01 6.738832e+02
      vertex 3.490801e+02 5.468493e-01 6.738194e+02
    endloop
  endfacet
  facet normal 7.071068e-01 3.028160e-14 7.071068e-01
    outer loop
      vertex 3.529497e+02 -5.000000e+00 6.699497e+02
      vertex 3.490801e+02 5.468493e-01 6.738194e+02
      vertex 3.491182e+02 2.778384e-01 6.737812e+02
    endloop
  endfacet
  facet normal 7.071068e-01 8.069269e-15 7.071068e-01
    outer loop
      vertex 3.429378e+02 4.986961e+00 6.799617e+02
      vertex 3.429379e+02 -4.986966e+00 6.799616e+02
      vertex 3.430503e+02 -5.000000e+00 6.798492e+02
    endloop
  endfacet
  facet normal 7.071068e-01 8.059311e-15 7.071068e-01
    outer loop
      vertex 3.429378e+02 4.986961e+00 6.799617e+02
      vertex 3.428311e+02 -4.950743e+00 6.800684e+02
      vertex 3.429379e+02 -4.986966e+00 6.799616e+02
    endloop
  endfacet
  facet normal 7.071068e-01 -1.034692e-18 7.071068e-01
    outer loop
      vertex 3.428310e+02 4.950731e+00 6.800684e+02
      vertex 3.427288e+02 -4.890443e+00 6.801707e+02
      vertex 3.428311e+02 -4.950743e+00 6.800684e+02
    endloop
  endfacet
  facet normal 7.071068e-01 1.160051e-18 7.071068e-01
    outer loop
      vertex 3.429378e+02 4.986961e+00 6.799617e+02
      vertex 3.428310e+02 4.950731e+00 6.800684e+02
      vertex 3.428311e+02 -4.950743e+00 6.800684e+02
    endloop
  endfacet
  facet normal 7.071068e-01 -8.216229e-15 7.071068e-01
    outer loop
      vertex 3.427287e+02 4.890420e+00 6.801708e+02
      vertex 3.426344e+02 -4.808733e+00 6.802651e+02
      vertex 3.427288e+02 -4.890443e+00 6.801707e+02
    endloop
  endfacet
  facet normal 7.071068e-01 -8.218605e-15 7.071068e-01
    outer loop
      vertex 3.428310e+02 4.950731e+00 6.800684e+02
      vertex 3.427287e+02 4.890420e+00 6.801708e+02
      vertex 3.427288e+02 -4.890443e+00 6.801707e+02
    endloop
  endfacet
  facet normal 7.071068e-01 8.357025e-15 7.071068e-01
    outer loop
      vertex 3.426343e+02 4.808699e+00 6.802652e+02
      vertex 3.425504e+02 -4.706982e+00 6.803491e+02
      vertex 3.426344e+02 -4.808733e+00 6.802651e+02
    endloop
  endfacet
  facet normal 7.071068e-01 8.355931e-15 7.071068e-01
    outer loop
      vertex 3.427287e+02 4.890420e+00 6.801708e+02
      vertex 3.426343e+02 4.808699e+00 6.802652e+02
      vertex 3.426344e+02 -4.808733e+00 6.802651e+02
    endloop
  endfacet
  facet normal 7.071068e-01 -4.271489e-15 7.071068e-01
    outer loop
      vertex 3.425503e+02 4.706940e+00 6.803492e+02
      vertex 3.424784e+02 -4.588207e+00 6.804211e+02
      vertex 3.425504e+02 -4.706982e+00 6.803491e+02
    endloop
  endfacet
  facet normal 7.071068e-01 -4.266433e-15 7.071068e-01
    outer loop
      vertex 3.426343e+02 4.808699e+00 6.802652e+02
      vertex 3.425503e+02 4.706940e+00 6.803492e+02
      vertex 3.425504e+02 -4.706982e+00 6.803491e+02
    endloop
  endfacet
  facet normal 7.071068e-01 -8.758625e-15 7.071068e-01
    outer loop
      vertex 3.424784e+02 4.588160e+00 6.804211e+02
      vertex 3.424206e+02 -4.454697e+00 6.804789e+02
      vertex 3.424784e+02 -4.588207e+00 6.804211e+02
    endloop
  endfacet
  facet normal 7.071068e-01 -8.760873e-15 7.071068e-01
    outer loop
      vertex 3.425503e+02 4.706940e+00 6.803492e+02
      vertex 3.424784e+02 4.588160e+00 6.804211e+02
      vertex 3.424784e+02 -4.588207e+00 6.804211e+02
    endloop
  endfacet
  facet normal 7.071068e-01 -4.662953e-15 7.071068e-01
    outer loop
      vertex 3.423780e+02 4.309965e+00 6.805215e+02
      vertex 3.423780e+02 -4.310002e+00 6.805215e+02
      vertex 3.424206e+02 -4.454697e+00 6.804789e+02
    endloop
  endfacet
  facet normal 7.071068e-01 4.514911e-15 7.071068e-01
    outer loop
      vertex 3.424206e+02 4.454652e+00 6.804789e+02
      vertex 3.423780e+02 4.309965e+00 6.805215e+02
      vertex 3.424206e+02 -4.454697e+00 6.804789e+02
    endloop
  endfacet
  facet normal 7.071068e-01 4.509090e-15 7.071068e-01
    outer loop
      vertex 3.424784e+02 4.588160e+00 6.804211e+02
      vertex 3.424206e+02 4.454652e+00 6.804789e+02
      vertex 3.424206e+02 -4.454697e+00 6.804789e+02
    endloop
  endfacet
  facet normal 7.071068e-01 -6.318453e-19 7.071068e-01
    outer loop
      vertex 3.423524e+02 4.158954e+00 6.805471e+02
      vertex 3.423524e+02 -4.158976e+00 6.805471e+02
      vertex 3.423780e+02 -4.310002e+00 6.805215e+02
    endloop
  endfacet
  facet normal 7.071068e-01 -4.666007e-15 7.071068e-01
    outer loop
      vertex 3.423780e+02 4.309965e+00 6.805215e+02
      vertex 3.423524e+02 4.158954e+00 6.805471e+02
      vertex 3.423780e+02 -4.310002e+00 6.805215e+02
    endloop
  endfacet
  facet normal 7.071068e-01 0.000000e+00 7.071068e-01
    outer loop
      vertex 3.423431e+02 4.000000e+00 6.805563e+02
      vertex 3.423431e+02 -4.000000e+00 6.805563e+02
      vertex 3.423524e+02 -4.158976e+00 6.805471e+02
    endloop
  endfacet
  facet normal 7.071068e-01 0.000000e+00 7.071068e-01
    outer loop
      vertex 3.423524e+02 4.158954e+00 6.805471e+02
      vertex 3.423431e+02 4.000000e+00 6.805563e+02
      vertex 3.423524e+02 -4.158976e+00 6.805471e+02
    endloop
  endfacet
  facet normal 0.000000e+00 -1.000000e+00 0.000000e+00
    outer loop
      vertex 3.499319e+02 -5.000000e+00 6.655176e+02
      vertex 3.549911e+02 -5.000000e+00 6.653463e+02
      vertex 3.549657e+02 -5.000000e+00 6.656893e+02
    endloop
  endfacet
  facet normal 0.000000e+00 -1.000000e+00 0.000000e+00
    outer loop
      vertex 3.499319e+02 -5.000000e+00 6.655176e+02
      vertex 3.499824e+02 -5.000000e+00 6.652632e+02
      vertex 3.549911e+02 -5.000000e+00 6.653463e+02
    endloop
  endfacet
  facet normal 0.000000e+00 -1.000000e+00 0.000000e+00
    outer loop
      vertex 3.498475e+02 -5.000000e+00 6.657653e+02
      vertex 3.549657e+02 -5.000000e+00 6.656893e+02
      vertex 3.549239e+02 -5.000000e+00 6.660291e+02
    endloop
  endfacet
  facet normal 0.000000e+00 -1.000000e+00 0.000000e+00
    outer loop
      vertex 3.498475e+02 -5.000000e+00 6.657653e+02
      vertex 3.499319e+02 -5.000000e+00 6.655176e+02
      vertex 3.549657e+02 -5.000000e+00 6.656893e+02
    endloop
  endfacet
  facet normal 0.000000e+00 -1.000000e+00 0.000000e+00
    outer loop
      vertex 3.495879e+02 -5.000000e+00 6.662157e+02
      vertex 3.549239e+02 -5.000000e+00 6.660291e+02
      vertex 3.548655e+02 -5.000000e+00 6.663656e+02
    endloop
  endfacet
  facet normal 0.000000e+00 -1.000000e+00 0.000000e+00
    outer loop
      vertex 3.497320e+02 -5.000000e+00 6.660000e+02
      vertex 3.498475e+02 -5.000000e+00 6.657653e+02
      vertex 3.549239e+02 -5.000000e+00 6.660291e+02
    endloop
  endfacet
  facet normal 0.000000e+00 -1.000000e+00 0.000000e+00
    outer loop
      vertex 3.495879e+02 -5.000000e+00 6.662157e+02
      vertex 3.497320e+02 -5.000000e+00 6.660000e+02
      vertex 3.549239e+02 -5.000000e+00 6.660291e+02
    endloop
  endfacet
endsolid BERGE5F4F25F1BC4_34
