solid DZ
  facet normal 9.950306e-01 -9.956971e-02 -1.088896e-05
    outer loop
      vertex -7.941480e+01 -7.414665e+01 -1.800000e+01
      vertex -7.941499e+01 -7.415050e+01 0.000000e+00
      vertex -7.950000e+01 -7.500000e+01 0.000000e+00
    endloop
  endfacet
  facet normal 0.000000e+00 0.000000e+00 1.000000e+00
    outer loop
      vertex -7.539268e+01 7.051858e+01 0.000000e+00
      vertex -7.950000e+01 -7.500000e+01 0.000000e+00
      vertex -7.941499e+01 -7.415050e+01 0.000000e+00
    endloop
  endfacet
  facet normal 9.950533e-01 -9.934230e-02 0.000000e+00
    outer loop
      vertex -7.950000e+01 -7.500000e+01 -1.800000e+01
      vertex -7.941480e+01 -7.414665e+01 -1.800000e+01
      vertex -7.950000e+01 -7.500000e+01 0.000000e+00
    endloop
  endfacet
  facet normal 9.950533e-01 9.934230e-02 0.000000e+00
    outer loop
      vertex -7.941480e+01 -7.585335e+01 0.000000e+00
      vertex -7.950000e+01 -7.500000e+01 -1.800000e+01
      vertex -7.950000e+01 -7.500000e+01 0.000000e+00
    endloop
  endfacet
  facet normal 0.000000e+00 0.000000e+00 1.000000e+00
    outer loop
      vertex -9.000000e+01 -3.000000e+02 0.000000e+00
      vertex -7.950000e+01 -7.500000e+01 0.000000e+00
      vertex -7.539268e+01 7.051858e+01 0.000000e+00
    endloop
  endfacet
  facet normal 0.000000e+00 0.000000e+00 1.000000e+00
    outer loop
      vertex -9.000000e+01 -3.000000e+02 0.000000e+00
      vertex -7.941480e+01 -7.585335e+01 0.000000e+00
      vertex -7.950000e+01 -7.500000e+01 0.000000e+00
    endloop
  endfacet
  facet normal 9.619693e-01 -2.731574e-01 -4.835752e-05
    outer loop
      vertex -7.941480e+01 -7.414665e+01 -1.800000e+01
      vertex -7.919136e+01 -7.336295e+01 0.000000e+00
      vertex -7.941499e+01 -7.415050e+01 0.000000e+00
    endloop
  endfacet
  facet normal 0.000000e+00 0.000000e+00 1.000000e+00
    outer loop
      vertex -7.539268e+01 7.051858e+01 0.000000e+00
      vertex -7.941499e+01 -7.415050e+01 0.000000e+00
      vertex -7.919136e+01 -7.336295e+01 0.000000e+00
    endloop
  endfacet
  facet normal 8.934249e-01 -4.492125e-01 -4.974836e-05
    outer loop
      vertex -7.918827e+01 -7.335481e+01 -1.800000e+01
      vertex -7.882145e+01 -7.262725e+01 0.000000e+00
      vertex -7.919136e+01 -7.336295e+01 0.000000e+00
    endloop
  endfacet
  facet normal 0.000000e+00 0.000000e+00 1.000000e+00
    outer loop
      vertex -7.539268e+01 7.051858e+01 0.000000e+00
      vertex -7.919136e+01 -7.336295e+01 0.000000e+00
      vertex -7.882145e+01 -7.262725e+01 0.000000e+00
    endloop
  endfacet
  facet normal 9.614303e-01 -2.750485e-01 4.066926e-05
    outer loop
      vertex -7.941480e+01 -7.414665e+01 -1.800000e+01
      vertex -7.918827e+01 -7.335481e+01 -1.800000e+01
      vertex -7.919136e+01 -7.336295e+01 0.000000e+00
    endloop
  endfacet
  facet normal 7.981805e-01 -6.024184e-01 -4.412140e-05
    outer loop
      vertex -7.881206e+01 -7.261348e+01 -1.800000e+01
      vertex -7.832121e+01 -7.196444e+01 0.000000e+00
      vertex -7.882145e+01 -7.262725e+01 0.000000e+00
    endloop
  endfacet
  facet normal 0.000000e+00 0.000000e+00 1.000000e+00
    outer loop
      vertex -7.539268e+01 7.051858e+01 0.000000e+00
      vertex -7.882145e+01 -7.262725e+01 0.000000e+00
      vertex -7.832121e+01 -7.196444e+01 0.000000e+00
    endloop
  endfacet
  facet normal 8.917404e-01 -4.525473e-01 1.193746e-04
    outer loop
      vertex -7.918827e+01 -7.335481e+01 -1.800000e+01
      vertex -7.881206e+01 -7.261348e+01 -1.800000e+01
      vertex -7.882145e+01 -7.262725e+01 0.000000e+00
    endloop
  endfacet
  facet normal 6.730969e-01 -7.395543e-01 -1.143378e-04
    outer loop
      vertex -7.830354e+01 -7.194558e+01 -1.800000e+01
      vertex -7.771745e+01 -7.141494e+01 0.000000e+00
      vertex -7.832121e+01 -7.196444e+01 0.000000e+00
    endloop
  endfacet
  facet normal 0.000000e+00 0.000000e+00 1.000000e+00
    outer loop
      vertex 7.460732e+01 7.051858e+01 0.000000e+00
      vertex -7.832121e+01 -7.196444e+01 0.000000e+00
      vertex -7.771745e+01 -7.141494e+01 0.000000e+00
    endloop
  endfacet
  facet normal 7.956379e-01 -6.057725e-01 1.461520e-04
    outer loop
      vertex -7.881206e+01 -7.261348e+01 -1.800000e+01
      vertex -7.830354e+01 -7.194558e+01 -1.800000e+01
      vertex -7.832121e+01 -7.196444e+01 0.000000e+00
    endloop
  endfacet
  facet normal 0.000000e+00 0.000000e+00 1.000000e+00
    outer loop
      vertex -7.539268e+01 7.051858e+01 0.000000e+00
      vertex -7.832121e+01 -7.196444e+01 0.000000e+00
      vertex 7.460732e+01 7.051858e+01 0.000000e+00
    endloop
  endfacet
  facet normal 5.290973e-01 -8.485611e-01 -1.554146e-04
    outer loop
      vertex -7.769225e+01 -7.139592e+01 -1.800000e+01
      vertex -7.701414e+01 -7.097641e+01 0.000000e+00
      vertex -7.771745e+01 -7.141494e+01 0.000000e+00
    endloop
  endfacet
  facet normal 0.000000e+00 0.000000e+00 1.000000e+00
    outer loop
      vertex 7.460732e+01 7.051858e+01 0.000000e+00
      vertex -7.771745e+01 -7.141494e+01 0.000000e+00
      vertex -7.701414e+01 -7.097641e+01 0.000000e+00
    endloop
  endfacet
  facet normal 6.686201e-01 -7.436041e-01 1.508143e-04
    outer loop
      vertex -7.830354e+01 -7.194558e+01 -1.800000e+01
      vertex -7.769225e+01 -7.139592e+01 -1.800000e+01
      vertex -7.771745e+01 -7.141494e+01 0.000000e+00
    endloop
  endfacet
  facet normal 3.622408e-01 -9.320845e-01 -1.645945e-04
    outer loop
      vertex -7.698208e+01 -7.096077e+01 -1.800000e+01
      vertex -7.625125e+01 -7.067992e+01 0.000000e+00
      vertex -7.701414e+01 -7.097641e+01 0.000000e+00
    endloop
  endfacet
  facet normal 0.000000e+00 0.000000e+00 1.000000e+00
    outer loop
      vertex 7.460732e+01 7.051858e+01 0.000000e+00
      vertex -7.701414e+01 -7.097641e+01 0.000000e+00
      vertex -7.625125e+01 -7.067992e+01 0.000000e+00
    endloop
  endfacet
  facet normal 5.224692e-01 -8.526581e-01 1.897711e-04
    outer loop
      vertex -7.769225e+01 -7.139592e+01 -1.800000e+01
      vertex -7.698208e+01 -7.096077e+01 -1.800000e+01
      vertex -7.701414e+01 -7.097641e+01 0.000000e+00
    endloop
  endfacet
  facet normal 1.883369e-01 -9.821045e-01 -2.032718e-04
    outer loop
      vertex -7.621603e+01 -7.066944e+01 -1.800000e+01
      vertex -7.542800e+01 -7.052205e+01 0.000000e+00
      vertex -7.625125e+01 -7.067992e+01 0.000000e+00
    endloop
  endfacet
  facet normal 0.000000e+00 0.000000e+00 1.000000e+00
    outer loop
      vertex 7.460732e+01 7.051858e+01 0.000000e+00
      vertex -7.625125e+01 -7.067992e+01 0.000000e+00
      vertex -7.542800e+01 -7.052205e+01 0.000000e+00
    endloop
  endfacet
  facet normal 3.554609e-01 -9.346911e-01 1.513522e-04
    outer loop
      vertex -7.698208e+01 -7.096077e+01 -1.800000e+01
      vertex -7.621603e+01 -7.066944e+01 -1.800000e+01
      vertex -7.625125e+01 -7.067992e+01 0.000000e+00
    endloop
  endfacet
  facet normal 4.222734e-03 -9.999911e-01 -1.842421e-04
    outer loop
      vertex -7.539268e+01 -7.051858e+01 -1.800000e+01
      vertex -7.460732e+01 -7.051858e+01 0.000000e+00
      vertex -7.542800e+01 -7.052205e+01 0.000000e+00
    endloop
  endfacet
  facet normal 0.000000e+00 0.000000e+00 1.000000e+00
    outer loop
      vertex 7.460732e+01 7.051858e+01 0.000000e+00
      vertex -7.542800e+01 -7.052205e+01 0.000000e+00
      vertex -7.460732e+01 -7.051858e+01 0.000000e+00
    endloop
  endfacet
  facet normal 1.802259e-01 -9.836252e-01 1.642725e-04
    outer loop
      vertex -7.621603e+01 -7.066944e+01 -1.800000e+01
      vertex -7.539268e+01 -7.051858e+01 -1.800000e+01
      vertex -7.542800e+01 -7.052205e+01 0.000000e+00
    endloop
  endfacet
  facet normal -1.802259e-01 -9.836252e-01 -1.642725e-04
    outer loop
      vertex -7.457200e+01 -7.052205e+01 -1.800000e+01
      vertex -7.378397e+01 -7.066944e+01 0.000000e+00
      vertex -7.460732e+01 -7.051858e+01 0.000000e+00
    endloop
  endfacet
  facet normal 0.000000e+00 0.000000e+00 1.000000e+00
    outer loop
      vertex 7.539268e+01 -7.051858e+01 0.000000e+00
      vertex -7.460732e+01 -7.051858e+01 0.000000e+00
      vertex -7.378397e+01 -7.066944e+01 0.000000e+00
    endloop
  endfacet
  facet normal -4.222734e-03 -9.999911e-01 1.842421e-04
    outer loop
      vertex -7.539268e+01 -7.051858e+01 -1.800000e+01
      vertex -7.457200e+01 -7.052205e+01 -1.800000e+01
      vertex -7.460732e+01 -7.051858e+01 0.000000e+00
    endloop
  endfacet
  facet normal 0.000000e+00 0.000000e+00 1.000000e+00
    outer loop
      vertex 5.100000e+02 3.000000e+02 0.000000e+00
      vertex -7.460732e+01 -7.051858e+01 0.000000e+00
      vertex 7.539268e+01 -7.051858e+01 0.000000e+00
    endloop
  endfacet
  facet normal 0.000000e+00 0.000000e+00 1.000000e+00
    outer loop
      vertex 7.542800e+01 7.052205e+01 0.000000e+00
      vertex 7.460732e+01 7.051858e+01 0.000000e+00
      vertex -7.460732e+01 -7.051858e+01 0.000000e+00
    endloop
  endfacet
  facet normal 0.000000e+00 0.000000e+00 1.000000e+00
    outer loop
      vertex 7.625125e+01 7.067992e+01 0.000000e+00
      vertex 7.542800e+01 7.052205e+01 0.000000e+00
      vertex -7.460732e+01 -7.051858e+01 0.000000e+00
    endloop
  endfacet
  facet normal 0.000000e+00 0.000000e+00 1.000000e+00
    outer loop
      vertex 7.701414e+01 7.097641e+01 0.000000e+00
      vertex 7.625125e+01 7.067992e+01 0.000000e+00
      vertex -7.460732e+01 -7.051858e+01 0.000000e+00
    endloop
  endfacet
  facet normal 0.000000e+00 0.000000e+00 1.000000e+00
    outer loop
      vertex 5.100000e+02 3.000000e+02 0.000000e+00
      vertex 7.701414e+01 7.097641e+01 0.000000e+00
      vertex -7.460732e+01 -7.051858e+01 0.000000e+00
    endloop
  endfacet
  facet normal -3.554609e-01 -9.346911e-01 -1.513522e-04
    outer loop
      vertex -7.374875e+01 -7.067992e+01 -1.800000e+01
      vertex -7.301792e+01 -7.096077e+01 0.000000e+00
      vertex -7.378397e+01 -7.066944e+01 0.000000e+00
    endloop
  endfacet
  facet normal 0.000000e+00 0.000000e+00 1.000000e+00
    outer loop
      vertex 7.374875e+01 -7.067992e+01 0.000000e+00
      vertex -7.378397e+01 -7.066944e+01 0.000000e+00
      vertex -7.301792e+01 -7.096077e+01 0.000000e+00
    endloop
  endfacet
  facet normal -1.883369e-01 -9.821045e-01 2.032718e-04
    outer loop
      vertex -7.457200e+01 -7.052205e+01 -1.800000e+01
      vertex -7.374875e+01 -7.067992e+01 -1.800000e+01
      vertex -7.378397e+01 -7.066944e+01 0.000000e+00
    endloop
  endfacet
  facet normal 0.000000e+00 0.000000e+00 1.000000e+00
    outer loop
      vertex 7.457200e+01 -7.052205e+01 0.000000e+00
      vertex 7.539268e+01 -7.051858e+01 0.000000e+00
      vertex -7.378397e+01 -7.066944e+01 0.000000e+00
    endloop
  endfacet
  facet normal 0.000000e+00 0.000000e+00 1.000000e+00
    outer loop
      vertex 7.374875e+01 -7.067992e+01 0.000000e+00
      vertex 7.457200e+01 -7.052205e+01 0.000000e+00
      vertex -7.378397e+01 -7.066944e+01 0.000000e+00
    endloop
  endfacet
  facet normal -5.224692e-01 -8.526581e-01 -1.897711e-04
    outer loop
      vertex -7.298586e+01 -7.097641e+01 -1.800000e+01
      vertex -7.230775e+01 -7.139592e+01 0.000000e+00
      vertex -7.301792e+01 -7.096077e+01 0.000000e+00
    endloop
  endfacet
  facet normal 0.000000e+00 0.000000e+00 1.000000e+00
    outer loop
      vertex 7.298586e+01 -7.097641e+01 0.000000e+00
      vertex -7.301792e+01 -7.096077e+01 0.000000e+00
      vertex -7.230775e+01 -7.139592e+01 0.000000e+00
    endloop
  endfacet
  facet normal -3.622408e-01 -9.320845e-01 1.645945e-04
    outer loop
      vertex -7.374875e+01 -7.067992e+01 -1.800000e+01
      vertex -7.298586e+01 -7.097641e+01 -1.800000e+01
      vertex -7.301792e+01 -7.096077e+01 0.000000e+00
    endloop
  endfacet
  facet normal 0.000000e+00 0.000000e+00 1.000000e+00
    outer loop
      vertex 7.298586e+01 -7.097641e+01 0.000000e+00
      vertex 7.374875e+01 -7.067992e+01 0.000000e+00
      vertex -7.301792e+01 -7.096077e+01 0.000000e+00
    endloop
  endfacet
  facet normal -6.686201e-01 -7.436041e-01 -1.508143e-04
    outer loop
      vertex -7.228255e+01 -7.141494e+01 -1.800000e+01
      vertex -7.169646e+01 -7.194558e+01 0.000000e+00
      vertex -7.230775e+01 -7.139592e+01 0.000000e+00
    endloop
  endfacet
  facet normal 0.000000e+00 0.000000e+00 1.000000e+00
    outer loop
      vertex 7.228255e+01 -7.141494e+01 0.000000e+00
      vertex -7.230775e+01 -7.139592e+01 0.000000e+00
      vertex -7.169646e+01 -7.194558e+01 0.000000e+00
    endloop
  endfacet
  facet normal -5.290973e-01 -8.485611e-01 1.554146e-04
    outer loop
      vertex -7.298586e+01 -7.097641e+01 -1.800000e+01
      vertex -7.228255e+01 -7.141494e+01 -1.800000e+01
      vertex -7.230775e+01 -7.139592e+01 0.000000e+00
    endloop
  endfacet
  facet normal 0.000000e+00 0.000000e+00 1.000000e+00
    outer loop
      vertex 7.228255e+01 -7.141494e+01 0.000000e+00
      vertex 7.298586e+01 -7.097641e+01 0.000000e+00
      vertex -7.230775e+01 -7.139592e+01 0.000000e+00
    endloop
  endfacet
  facet normal -7.956379e-01 -6.057725e-01 -1.461520e-04
    outer loop
      vertex -7.167879e+01 -7.196444e+01 -1.800000e+01
      vertex -7.118794e+01 -7.261348e+01 0.000000e+00
      vertex -7.169646e+01 -7.194558e+01 0.000000e+00
    endloop
  endfacet
  facet normal 0.000000e+00 0.000000e+00 1.000000e+00
    outer loop
      vertex 7.167879e+01 -7.196444e+01 0.000000e+00
      vertex -7.169646e+01 -7.194558e+01 0.000000e+00
      vertex -7.118794e+01 -7.261348e+01 0.000000e+00
    endloop
  endfacet
  facet normal -6.730969e-01 -7.395543e-01 1.143378e-04
    outer loop
      vertex -7.228255e+01 -7.141494e+01 -1.800000e+01
      vertex -7.167879e+01 -7.196444e+01 -1.800000e+01
      vertex -7.169646e+01 -7.194558e+01 0.000000e+00
    endloop
  endfacet
  facet normal 0.000000e+00 0.000000e+00 1.000000e+00
    outer loop
      vertex 7.167879e+01 -7.196444e+01 0.000000e+00
      vertex 7.228255e+01 -7.141494e+01 0.000000e+00
      vertex -7.169646e+01 -7.194558e+01 0.000000e+00
    endloop
  endfacet
  facet normal -8.917404e-01 -4.525473e-01 -1.193746e-04
    outer loop
      vertex -7.117855e+01 -7.262725e+01 -1.800000e+01
      vertex -7.081173e+01 -7.335481e+01 0.000000e+00
      vertex -7.118794e+01 -7.261348e+01 0.000000e+00
    endloop
  endfacet
  facet normal 0.000000e+00 0.000000e+00 1.000000e+00
    outer loop
      vertex 7.117855e+01 -7.262725e+01 0.000000e+00
      vertex -7.118794e+01 -7.261348e+01 0.000000e+00
      vertex -7.081173e+01 -7.335481e+01 0.000000e+00
    endloop
  endfacet
  facet normal -7.981805e-01 -6.024184e-01 4.412140e-05
    outer loop
      vertex -7.167879e+01 -7.196444e+01 -1.800000e+01
      vertex -7.117855e+01 -7.262725e+01 -1.800000e+01
      vertex -7.118794e+01 -7.261348e+01 0.000000e+00
    endloop
  endfacet
  facet normal 0.000000e+00 0.000000e+00 1.000000e+00
    outer loop
      vertex 7.117855e+01 -7.262725e+01 0.000000e+00
      vertex 7.167879e+01 -7.196444e+01 0.000000e+00
      vertex -7.118794e+01 -7.261348e+01 0.000000e+00
    endloop
  endfacet
  facet normal -9.614303e-01 -2.750485e-01 -4.066926e-05
    outer loop
      vertex -7.080864e+01 -7.336295e+01 -1.800000e+01
      vertex -7.058520e+01 -7.414665e+01 0.000000e+00
      vertex -7.081173e+01 -7.335481e+01 0.000000e+00
    endloop
  endfacet
  facet normal 0.000000e+00 0.000000e+00 1.000000e+00
    outer loop
      vertex 7.080864e+01 -7.336295e+01 0.000000e+00
      vertex -7.081173e+01 -7.335481e+01 0.000000e+00
      vertex -7.058520e+01 -7.414665e+01 0.000000e+00
    endloop
  endfacet
  facet normal -8.934249e-01 -4.492125e-01 4.974836e-05
    outer loop
      vertex -7.117855e+01 -7.262725e+01 -1.800000e+01
      vertex -7.080864e+01 -7.336295e+01 -1.800000e+01
      vertex -7.081173e+01 -7.335481e+01 0.000000e+00
    endloop
  endfacet
  facet normal 0.000000e+00 0.000000e+00 1.000000e+00
    outer loop
      vertex 7.080864e+01 -7.336295e+01 0.000000e+00
      vertex 7.117855e+01 -7.262725e+01 0.000000e+00
      vertex -7.081173e+01 -7.335481e+01 0.000000e+00
    endloop
  endfacet
  facet normal -9.950533e-01 -9.934230e-02 0.000000e+00
    outer loop
      vertex -7.050000e+01 -7.500000e+01 -1.800000e+01
      vertex -7.050000e+01 -7.500000e+01 0.000000e+00
      vertex -7.058520e+01 -7.414665e+01 0.000000e+00
    endloop
  endfacet
  facet normal 0.000000e+00 0.000000e+00 1.000000e+00
    outer loop
      vertex 7.058501e+01 -7.415050e+01 0.000000e+00
      vertex -7.058520e+01 -7.414665e+01 0.000000e+00
      vertex -7.050000e+01 -7.500000e+01 0.000000e+00
    endloop
  endfacet
  facet normal -9.950306e-01 -9.956971e-02 1.088896e-05
    outer loop
      vertex -7.058501e+01 -7.415050e+01 -1.800000e+01
      vertex -7.050000e+01 -7.500000e+01 -1.800000e+01
      vertex -7.058520e+01 -7.414665e+01 0.000000e+00
    endloop
  endfacet
  facet normal -9.619693e-01 -2.731574e-01 4.835752e-05
    outer loop
      vertex -7.080864e+01 -7.336295e+01 -1.800000e+01
      vertex -7.058501e+01 -7.415050e+01 -1.800000e+01
      vertex -7.058520e+01 -7.414665e+01 0.000000e+00
    endloop
  endfacet
  facet normal 0.000000e+00 0.000000e+00 1.000000e+00
    outer loop
      vertex 7.058501e+01 -7.415050e+01 0.000000e+00
      vertex 7.080864e+01 -7.336295e+01 0.000000e+00
      vertex -7.058520e+01 -7.414665e+01 0.000000e+00
    endloop
  endfacet
  facet normal -9.950533e-01 9.934230e-02 0.000000e+00
    outer loop
      vertex -7.058520e+01 -7.585335e+01 -1.800000e+01
      vertex -7.050000e+01 -7.500000e+01 0.000000e+00
      vertex -7.050000e+01 -7.500000e+01 -1.800000e+01
    endloop
  endfacet
  facet normal 0.000000e+00 0.000000e+00 1.000000e+00
    outer loop
      vertex 7.050000e+01 -7.500000e+01 0.000000e+00
      vertex 7.058501e+01 -7.415050e+01 0.000000e+00
      vertex -7.050000e+01 -7.500000e+01 0.000000e+00
    endloop
  endfacet
  facet normal 0.000000e+00 0.000000e+00 1.000000e+00
    outer loop
      vertex -7.058501e+01 -7.584950e+01 0.000000e+00
      vertex 7.050000e+01 -7.500000e+01 0.000000e+00
      vertex -7.050000e+01 -7.500000e+01 0.000000e+00
    endloop
  endfacet
  facet normal -9.950306e-01 9.956971e-02 -1.088896e-05
    outer loop
      vertex -7.058520e+01 -7.585335e+01 -1.800000e+01
      vertex -7.058501e+01 -7.584950e+01 0.000000e+00
      vertex -7.050000e+01 -7.500000e+01 0.000000e+00
    endloop
  endfacet
  facet normal 0.000000e+00 0.000000e+00 -1.000000e+00
    outer loop
      vertex 7.050000e+01 -7.500000e+01 -1.800000e+01
      vertex -7.050000e+01 -7.500000e+01 -1.800000e+01
      vertex -7.058501e+01 -7.415050e+01 -1.800000e+01
    endloop
  endfacet
  facet normal 0.000000e+00 0.000000e+00 -1.000000e+00
    outer loop
      vertex 7.058501e+01 -7.584950e+01 -1.800000e+01
      vertex -7.050000e+01 -7.500000e+01 -1.800000e+01
      vertex 7.050000e+01 -7.500000e+01 -1.800000e+01
    endloop
  endfacet
  facet normal 0.000000e+00 0.000000e+00 -1.000000e+00
    outer loop
      vertex -7.058520e+01 -7.585335e+01 -1.800000e+01
      vertex -7.050000e+01 -7.500000e+01 -1.800000e+01
      vertex 7.058501e+01 -7.584950e+01 -1.800000e+01
    endloop
  endfacet
  facet normal 0.000000e+00 0.000000e+00 -1.000000e+00
    outer loop
      vertex 7.058520e+01 -7.414665e+01 -1.800000e+01
      vertex -7.058501e+01 -7.415050e+01 -1.800000e+01
      vertex -7.080864e+01 -7.336295e+01 -1.800000e+01
    endloop
  endfacet
  facet normal 0.000000e+00 0.000000e+00 -1.000000e+00
    outer loop
      vertex 7.058520e+01 -7.414665e+01 -1.800000e+01
      vertex 7.050000e+01 -7.500000e+01 -1.800000e+01
      vertex -7.058501e+01 -7.415050e+01 -1.800000e+01
    endloop
  endfacet
  facet normal 0.000000e+00 0.000000e+00 -1.000000e+00
    outer loop
      vertex 7.081173e+01 -7.335481e+01 -1.800000e+01
      vertex -7.080864e+01 -7.336295e+01 -1.800000e+01
      vertex -7.117855e+01 -7.262725e+01 -1.800000e+01
    endloop
  endfacet
  facet normal 0.000000e+00 0.000000e+00 -1.000000e+00
    outer loop
      vertex 7.058520e+01 -7.414665e+01 -1.800000e+01
      vertex -7.080864e+01 -7.336295e+01 -1.800000e+01
      vertex 7.081173e+01 -7.335481e+01 -1.800000e+01
    endloop
  endfacet
  facet normal 0.000000e+00 0.000000e+00 -1.000000e+00
    outer loop
      vertex 7.118794e+01 -7.261348e+01 -1.800000e+01
      vertex -7.117855e+01 -7.262725e+01 -1.800000e+01
      vertex -7.167879e+01 -7.196444e+01 -1.800000e+01
    endloop
  endfacet
  facet normal 0.000000e+00 0.000000e+00 -1.000000e+00
    outer loop
      vertex 7.081173e+01 -7.335481e+01 -1.800000e+01
      vertex -7.117855e+01 -7.262725e+01 -1.800000e+01
      vertex 7.118794e+01 -7.261348e+01 -1.800000e+01
    endloop
  endfacet
  facet normal 0.000000e+00 0.000000e+00 -1.000000e+00
    outer loop
      vertex 7.169646e+01 -7.194558e+01 -1.800000e+01
      vertex -7.167879e+01 -7.196444e+01 -1.800000e+01
      vertex -7.228255e+01 -7.141494e+01 -1.800000e+01
    endloop
  endfacet
  facet normal 0.000000e+00 0.000000e+00 -1.000000e+00
    outer loop
      vertex 7.118794e+01 -7.261348e+01 -1.800000e+01
      vertex -7.167879e+01 -7.196444e+01 -1.800000e+01
      vertex 7.169646e+01 -7.194558e+01 -1.800000e+01
    endloop
  endfacet
  facet normal 0.000000e+00 0.000000e+00 -1.000000e+00
    outer loop
      vertex 7.230775e+01 -7.139592e+01 -1.800000e+01
      vertex -7.228255e+01 -7.141494e+01 -1.800000e+01
      vertex -7.298586e+01 -7.097641e+01 -1.800000e+01
    endloop
  endfacet
  facet normal 0.000000e+00 0.000000e+00 -1.000000e+00
    outer loop
      vertex 7.169646e+01 -7.194558e+01 -1.800000e+01
      vertex -7.228255e+01 -7.141494e+01 -1.800000e+01
      vertex 7.230775e+01 -7.139592e+01 -1.800000e+01
    endloop
  endfacet
  facet normal 0.000000e+00 0.000000e+00 -1.000000e+00
    outer loop
      vertex 7.301792e+01 -7.096077e+01 -1.800000e+01
      vertex -7.298586e+01 -7.097641e+01 -1.800000e+01
      vertex -7.374875e+01 -7.067992e+01 -1.800000e+01
    endloop
  endfacet
  facet normal 0.000000e+00 0.000000e+00 -1.000000e+00
    outer loop
      vertex 7.230775e+01 -7.139592e+01 -1.800000e+01
      vertex -7.298586e+01 -7.097641e+01 -1.800000e+01
      vertex 7.301792e+01 -7.096077e+01 -1.800000e+01
    endloop
  endfacet
  facet normal 0.000000e+00 0.000000e+00 -1.000000e+00
    outer loop
      vertex 7.378397e+01 -7.066944e+01 -1.800000e+01
      vertex -7.374875e+01 -7.067992e+01 -1.800000e+01
      vertex -7.457200e+01 -7.052205e+01 -1.800000e+01
    endloop
  endfacet
  facet normal 0.000000e+00 0.000000e+00 -1.000000e+00
    outer loop
      vertex 7.301792e+01 -7.096077e+01 -1.800000e+01
      vertex -7.374875e+01 -7.067992e+01 -1.800000e+01
      vertex 7.378397e+01 -7.066944e+01 -1.800000e+01
    endloop
  endfacet
  facet normal 0.000000e+00 0.000000e+00 -1.000000e+00
    outer loop
      vertex 7.378397e+01 -7.066944e+01 -1.800000e+01
      vertex -7.457200e+01 -7.052205e+01 -1.800000e+01
      vertex -7.539268e+01 -7.051858e+01 -1.800000e+01
    endloop
  endfacet
  facet normal 0.000000e+00 0.000000e+00 -1.000000e+00
    outer loop
      vertex -9.000000e+01 3.000000e+02 -1.800000e+01
      vertex -7.539268e+01 -7.051858e+01 -1.800000e+01
      vertex -7.621603e+01 -7.066944e+01 -1.800000e+01
    endloop
  endfacet
  facet normal 0.000000e+00 0.000000e+00 -1.000000e+00
    outer loop
      vertex 7.378397e+01 -7.066944e+01 -1.800000e+01
      vertex -7.539268e+01 -7.051858e+01 -1.800000e+01
      vertex 7.460732e+01 -7.051858e+01 -1.800000e+01
    endloop
  endfacet
  facet normal 0.000000e+00 0.000000e+00 -1.000000e+00
    outer loop
      vertex -7.832121e+01 7.196444e+01 -1.800000e+01
      vertex 7.460732e+01 -7.051858e+01 -1.800000e+01
      vertex -7.539268e+01 -7.051858e+01 -1.800000e+01
    endloop
  endfacet
  facet normal 0.000000e+00 0.000000e+00 -1.000000e+00
    outer loop
      vertex -7.941499e+01 7.415050e+01 -1.800000e+01
      vertex -7.539268e+01 -7.051858e+01 -1.800000e+01
      vertex -7.950000e+01 7.500000e+01 -1.800000e+01
    endloop
  endfacet
  facet normal 0.000000e+00 0.000000e+00 -1.000000e+00
    outer loop
      vertex -9.000000e+01 3.000000e+02 -1.800000e+01
      vertex -7.950000e+01 7.500000e+01 -1.800000e+01
      vertex -7.539268e+01 -7.051858e+01 -1.800000e+01
    endloop
  endfacet
  facet normal 0.000000e+00 0.000000e+00 -1.000000e+00
    outer loop
      vertex -7.882145e+01 7.262725e+01 -1.800000e+01
      vertex -7.832121e+01 7.196444e+01 -1.800000e+01
      vertex -7.539268e+01 -7.051858e+01 -1.800000e+01
    endloop
  endfacet
  facet normal 0.000000e+00 0.000000e+00 -1.000000e+00
    outer loop
      vertex -7.919136e+01 7.336295e+01 -1.800000e+01
      vertex -7.882145e+01 7.262725e+01 -1.800000e+01
      vertex -7.539268e+01 -7.051858e+01 -1.800000e+01
    endloop
  endfacet
  facet normal 0.000000e+00 0.000000e+00 -1.000000e+00
    outer loop
      vertex -7.941499e+01 7.415050e+01 -1.800000e+01
      vertex -7.919136e+01 7.336295e+01 -1.800000e+01
      vertex -7.539268e+01 -7.051858e+01 -1.800000e+01
    endloop
  endfacet
  facet normal 0.000000e+00 0.000000e+00 -1.000000e+00
    outer loop
      vertex -9.000000e+01 3.000000e+02 -1.800000e+01
      vertex -7.621603e+01 -7.066944e+01 -1.800000e+01
      vertex -7.698208e+01 -7.096077e+01 -1.800000e+01
    endloop
  endfacet
  facet normal 0.000000e+00 0.000000e+00 -1.000000e+00
    outer loop
      vertex -9.000000e+01 3.000000e+02 -1.800000e+01
      vertex -7.698208e+01 -7.096077e+01 -1.800000e+01
      vertex -7.769225e+01 -7.139592e+01 -1.800000e+01
    endloop
  endfacet
  facet normal 0.000000e+00 0.000000e+00 -1.000000e+00
    outer loop
      vertex -9.000000e+01 3.000000e+02 -1.800000e+01
      vertex -7.769225e+01 -7.139592e+01 -1.800000e+01
      vertex -7.830354e+01 -7.194558e+01 -1.800000e+01
    endloop
  endfacet
  facet normal 0.000000e+00 0.000000e+00 -1.000000e+00
    outer loop
      vertex -9.000000e+01 3.000000e+02 -1.800000e+01
      vertex -7.830354e+01 -7.194558e+01 -1.800000e+01
      vertex -7.881206e+01 -7.261348e+01 -1.800000e+01
    endloop
  endfacet
  facet normal 0.000000e+00 0.000000e+00 -1.000000e+00
    outer loop
      vertex -9.000000e+01 3.000000e+02 -1.800000e+01
      vertex -7.881206e+01 -7.261348e+01 -1.800000e+01
      vertex -7.918827e+01 -7.335481e+01 -1.800000e+01
    endloop
  endfacet
  facet normal 0.000000e+00 0.000000e+00 -1.000000e+00
    outer loop
      vertex -9.000000e+01 3.000000e+02 -1.800000e+01
      vertex -7.918827e+01 -7.335481e+01 -1.800000e+01
      vertex -7.941480e+01 -7.414665e+01 -1.800000e+01
    endloop
  endfacet
  facet normal 0.000000e+00 0.000000e+00 -1.000000e+00
    outer loop
      vertex -9.000000e+01 3.000000e+02 -1.800000e+01
      vertex -7.941480e+01 -7.414665e+01 -1.800000e+01
      vertex -7.950000e+01 -7.500000e+01 -1.800000e+01
    endloop
  endfacet
  facet normal 9.950306e-01 9.956971e-02 1.088896e-05
    outer loop
      vertex -7.941499e+01 -7.584950e+01 -1.800000e+01
      vertex -7.950000e+01 -7.500000e+01 -1.800000e+01
      vertex -7.941480e+01 -7.585335e+01 0.000000e+00
    endloop
  endfacet
  facet normal 0.000000e+00 0.000000e+00 -1.000000e+00
    outer loop
      vertex -9.000000e+01 -3.000000e+02 -1.800000e+01
      vertex -7.950000e+01 -7.500000e+01 -1.800000e+01
      vertex -7.941499e+01 -7.584950e+01 -1.800000e+01
    endloop
  endfacet
  facet normal 0.000000e+00 0.000000e+00 -1.000000e+00
    outer loop
      vertex -9.000000e+01 -3.000000e+02 -1.800000e+01
      vertex -9.000000e+01 3.000000e+02 -1.800000e+01
      vertex -7.950000e+01 -7.500000e+01 -1.800000e+01
    endloop
  endfacet
  facet normal 0.000000e+00 0.000000e+00 1.000000e+00
    outer loop
      vertex 5.100000e+02 3.000000e+02 0.000000e+00
      vertex 7.941480e+01 -7.414665e+01 0.000000e+00
      vertex 7.950000e+01 -7.500000e+01 0.000000e+00
    endloop
  endfacet
  facet normal -9.950533e-01 -9.934230e-02 0.000000e+00
    outer loop
      vertex 7.950000e+01 -7.500000e+01 -1.800000e+01
      vertex 7.950000e+01 -7.500000e+01 0.000000e+00
      vertex 7.941480e+01 -7.414665e+01 0.000000e+00
    endloop
  endfacet
  facet normal 0.000000e+00 0.000000e+00 1.000000e+00
    outer loop
      vertex 5.100000e+02 3.000000e+02 0.000000e+00
      vertex 7.950000e+01 -7.500000e+01 0.000000e+00
      vertex 7.941499e+01 -7.584950e+01 0.000000e+00
    endloop
  endfacet
  facet normal -9.950306e-01 9.956971e-02 -1.088896e-05
    outer loop
      vertex 7.941480e+01 -7.585335e+01 -1.800000e+01
      vertex 7.941499e+01 -7.584950e+01 0.000000e+00
      vertex 7.950000e+01 -7.500000e+01 0.000000e+00
    endloop
  endfacet
  facet normal -9.950533e-01 9.934230e-02 0.000000e+00
    outer loop
      vertex 7.950000e+01 -7.500000e+01 -1.800000e+01
      vertex 7.941480e+01 -7.585335e+01 -1.800000e+01
      vertex 7.950000e+01 -7.500000e+01 0.000000e+00
    endloop
  endfacet
  facet normal 0.000000e+00 0.000000e+00 1.000000e+00
    outer loop
      vertex 5.100000e+02 3.000000e+02 0.000000e+00
      vertex 7.918827e+01 -7.335481e+01 0.000000e+00
      vertex 7.941480e+01 -7.414665e+01 0.000000e+00
    endloop
  endfacet
  facet normal -9.614303e-01 -2.750485e-01 -4.066926e-05
    outer loop
      vertex 7.919136e+01 -7.336295e+01 -1.800000e+01
      vertex 7.941480e+01 -7.414665e+01 0.000000e+00
      vertex 7.918827e+01 -7.335481e+01 0.000000e+00
    endloop
  endfacet
  facet normal -9.950306e-01 -9.956971e-02 1.088896e-05
    outer loop
      vertex 7.941499e+01 -7.415050e+01 -1.800000e+01
      vertex 7.950000e+01 -7.500000e+01 -1.800000e+01
      vertex 7.941480e+01 -7.414665e+01 0.000000e+00
    endloop
  endfacet
  facet normal -9.619693e-01 -2.731574e-01 4.835752e-05
    outer loop
      vertex 7.919136e+01 -7.336295e+01 -1.800000e+01
      vertex 7.941499e+01 -7.415050e+01 -1.800000e+01
      vertex 7.941480e+01 -7.414665e+01 0.000000e+00
    endloop
  endfacet
  facet normal 0.000000e+00 0.000000e+00 1.000000e+00
    outer loop
      vertex 5.100000e+02 3.000000e+02 0.000000e+00
      vertex 7.881206e+01 -7.261348e+01 0.000000e+00
      vertex 7.918827e+01 -7.335481e+01 0.000000e+00
    endloop
  endfacet
  facet normal -8.917404e-01 -4.525473e-01 -1.193746e-04
    outer loop
      vertex 7.882145e+01 -7.262725e+01 -1.800000e+01
      vertex 7.918827e+01 -7.335481e+01 0.000000e+00
      vertex 7.881206e+01 -7.261348e+01 0.000000e+00
    endloop
  endfacet
  facet normal -8.934249e-01 -4.492125e-01 4.974836e-05
    outer loop
      vertex 7.882145e+01 -7.262725e+01 -1.800000e+01
      vertex 7.919136e+01 -7.336295e+01 -1.800000e+01
      vertex 7.918827e+01 -7.335481e+01 0.000000e+00
    endloop
  endfacet
  facet normal 0.000000e+00 0.000000e+00 1.000000e+00
    outer loop
      vertex 5.100000e+02 3.000000e+02 0.000000e+00
      vertex 7.830354e+01 -7.194558e+01 0.000000e+00
      vertex 7.881206e+01 -7.261348e+01 0.000000e+00
    endloop
  endfacet
  facet normal -7.956379e-01 -6.057725e-01 -1.461520e-04
    outer loop
      vertex 7.832121e+01 -7.196444e+01 -1.800000e+01
      vertex 7.881206e+01 -7.261348e+01 0.000000e+00
      vertex 7.830354e+01 -7.194558e+01 0.000000e+00
    endloop
  endfacet
  facet normal -7.981805e-01 -6.024184e-01 4.412140e-05
    outer loop
      vertex 7.832121e+01 -7.196444e+01 -1.800000e+01
      vertex 7.882145e+01 -7.262725e+01 -1.800000e+01
      vertex 7.881206e+01 -7.261348e+01 0.000000e+00
    endloop
  endfacet
  facet normal 0.000000e+00 0.000000e+00 1.000000e+00
    outer loop
      vertex 5.100000e+02 3.000000e+02 0.000000e+00
      vertex 7.769225e+01 -7.139592e+01 0.000000e+00
      vertex 7.830354e+01 -7.194558e+01 0.000000e+00
    endloop
  endfacet
  facet normal -6.686201e-01 -7.436041e-01 -1.508143e-04
    outer loop
      vertex 7.771745e+01 -7.141494e+01 -1.800000e+01
      vertex 7.830354e+01 -7.194558e+01 0.000000e+00
      vertex 7.769225e+01 -7.139592e+01 0.000000e+00
    endloop
  endfacet
  facet normal -6.730969e-01 -7.395543e-01 1.143378e-04
    outer loop
      vertex 7.771745e+01 -7.141494e+01 -1.800000e+01
      vertex 7.832121e+01 -7.196444e+01 -1.800000e+01
      vertex 7.830354e+01 -7.194558e+01 0.000000e+00
    endloop
  endfacet
  facet normal 0.000000e+00 0.000000e+00 1.000000e+00
    outer loop
      vertex 5.100000e+02 3.000000e+02 0.000000e+00
      vertex 7.698208e+01 -7.096077e+01 0.000000e+00
      vertex 7.769225e+01 -7.139592e+01 0.000000e+00
    endloop
  endfacet
  facet normal -5.224692e-01 -8.526581e-01 -1.897711e-04
    outer loop
      vertex 7.701414e+01 -7.097641e+01 -1.800000e+01
      vertex 7.769225e+01 -7.139592e+01 0.000000e+00
      vertex 7.698208e+01 -7.096077e+01 0.000000e+00
    endloop
  endfacet
  facet normal -5.290973e-01 -8.485611e-01 1.554146e-04
    outer loop
      vertex 7.701414e+01 -7.097641e+01 -1.800000e+01
      vertex 7.771745e+01 -7.141494e+01 -1.800000e+01
      vertex 7.769225e+01 -7.139592e+01 0.000000e+00
    endloop
  endfacet
  facet normal 0.000000e+00 0.000000e+00 1.000000e+00
    outer loop
      vertex 5.100000e+02 3.000000e+02 0.000000e+00
      vertex 7.621603e+01 -7.066944e+01 0.000000e+00
      vertex 7.698208e+01 -7.096077e+01 0.000000e+00
    endloop
  endfacet
  facet normal -3.554609e-01 -9.346911e-01 -1.513522e-04
    outer loop
      vertex 7.625125e+01 -7.067992e+01 -1.800000e+01
      vertex 7.698208e+01 -7.096077e+01 0.000000e+00
      vertex 7.621603e+01 -7.066944e+01 0.000000e+00
    endloop
  endfacet
  facet normal -3.622408e-01 -9.320845e-01 1.645945e-04
    outer loop
      vertex 7.625125e+01 -7.067992e+01 -1.800000e+01
      vertex 7.701414e+01 -7.097641e+01 -1.800000e+01
      vertex 7.698208e+01 -7.096077e+01 0.000000e+00
    endloop
  endfacet
  facet normal 0.000000e+00 0.000000e+00 1.000000e+00
    outer loop
      vertex 5.100000e+02 3.000000e+02 0.000000e+00
      vertex 7.539268e+01 -7.051858e+01 0.000000e+00
      vertex 7.621603e+01 -7.066944e+01 0.000000e+00
    endloop
  endfacet
  facet normal -1.802259e-01 -9.836252e-01 -1.642725e-04
    outer loop
      vertex 7.542800e+01 -7.052205e+01 -1.800000e+01
      vertex 7.621603e+01 -7.066944e+01 0.000000e+00
      vertex 7.539268e+01 -7.051858e+01 0.000000e+00
    endloop
  endfacet
  facet normal -1.883369e-01 -9.821045e-01 2.032718e-04
    outer loop
      vertex 7.542800e+01 -7.052205e+01 -1.800000e+01
      vertex 7.625125e+01 -7.067992e+01 -1.800000e+01
      vertex 7.621603e+01 -7.066944e+01 0.000000e+00
    endloop
  endfacet
  facet normal 4.222734e-03 -9.999911e-01 -1.842421e-04
    outer loop
      vertex 7.460732e+01 -7.051858e+01 -1.800000e+01
      vertex 7.539268e+01 -7.051858e+01 0.000000e+00
      vertex 7.457200e+01 -7.052205e+01 0.000000e+00
    endloop
  endfacet
  facet normal -4.222734e-03 -9.999911e-01 1.842421e-04
    outer loop
      vertex 7.460732e+01 -7.051858e+01 -1.800000e+01
      vertex 7.542800e+01 -7.052205e+01 -1.800000e+01
      vertex 7.539268e+01 -7.051858e+01 0.000000e+00
    endloop
  endfacet
  facet normal 1.883369e-01 -9.821045e-01 -2.032718e-04
    outer loop
      vertex 7.378397e+01 -7.066944e+01 -1.800000e+01
      vertex 7.457200e+01 -7.052205e+01 0.000000e+00
      vertex 7.374875e+01 -7.067992e+01 0.000000e+00
    endloop
  endfacet
  facet normal 1.802259e-01 -9.836252e-01 1.642725e-04
    outer loop
      vertex 7.378397e+01 -7.066944e+01 -1.800000e+01
      vertex 7.460732e+01 -7.051858e+01 -1.800000e+01
      vertex 7.457200e+01 -7.052205e+01 0.000000e+00
    endloop
  endfacet
  facet normal 3.622408e-01 -9.320845e-01 -1.645945e-04
    outer loop
      vertex 7.301792e+01 -7.096077e+01 -1.800000e+01
      vertex 7.374875e+01 -7.067992e+01 0.000000e+00
      vertex 7.298586e+01 -7.097641e+01 0.000000e+00
    endloop
  endfacet
  facet normal 3.554609e-01 -9.346911e-01 1.513522e-04
    outer loop
      vertex 7.301792e+01 -7.096077e+01 -1.800000e+01
      vertex 7.378397e+01 -7.066944e+01 -1.800000e+01
      vertex 7.374875e+01 -7.067992e+01 0.000000e+00
    endloop
  endfacet
  facet normal 5.290973e-01 -8.485611e-01 -1.554146e-04
    outer loop
      vertex 7.230775e+01 -7.139592e+01 -1.800000e+01
      vertex 7.298586e+01 -7.097641e+01 0.000000e+00
      vertex 7.228255e+01 -7.141494e+01 0.000000e+00
    endloop
  endfacet
  facet normal 5.224692e-01 -8.526581e-01 1.897711e-04
    outer loop
      vertex 7.230775e+01 -7.139592e+01 -1.800000e+01
      vertex 7.301792e+01 -7.096077e+01 -1.800000e+01
      vertex 7.298586e+01 -7.097641e+01 0.000000e+00
    endloop
  endfacet
  facet normal 6.730969e-01 -7.395543e-01 -1.143378e-04
    outer loop
      vertex 7.169646e+01 -7.194558e+01 -1.800000e+01
      vertex 7.228255e+01 -7.141494e+01 0.000000e+00
      vertex 7.167879e+01 -7.196444e+01 0.000000e+00
    endloop
  endfacet
  facet normal 6.686201e-01 -7.436041e-01 1.508143e-04
    outer loop
      vertex 7.169646e+01 -7.194558e+01 -1.800000e+01
      vertex 7.230775e+01 -7.139592e+01 -1.800000e+01
      vertex 7.228255e+01 -7.141494e+01 0.000000e+00
    endloop
  endfacet
  facet normal 7.981805e-01 -6.024184e-01 -4.412140e-05
    outer loop
      vertex 7.118794e+01 -7.261348e+01 -1.800000e+01
      vertex 7.167879e+01 -7.196444e+01 0.000000e+00
      vertex 7.117855e+01 -7.262725e+01 0.000000e+00
    endloop
  endfacet
  facet normal 7.956379e-01 -6.057725e-01 1.461520e-04
    outer loop
      vertex 7.118794e+01 -7.261348e+01 -1.800000e+01
      vertex 7.169646e+01 -7.194558e+01 -1.800000e+01
      vertex 7.167879e+01 -7.196444e+01 0.000000e+00
    endloop
  endfacet
  facet normal 8.934249e-01 -4.492125e-01 -4.974836e-05
    outer loop
      vertex 7.081173e+01 -7.335481e+01 -1.800000e+01
      vertex 7.117855e+01 -7.262725e+01 0.000000e+00
      vertex 7.080864e+01 -7.336295e+01 0.000000e+00
    endloop
  endfacet
  facet normal 8.917404e-01 -4.525473e-01 1.193746e-04
    outer loop
      vertex 7.081173e+01 -7.335481e+01 -1.800000e+01
      vertex 7.118794e+01 -7.261348e+01 -1.800000e+01
      vertex 7.117855e+01 -7.262725e+01 0.000000e+00
    endloop
  endfacet
  facet normal 9.619693e-01 -2.731574e-01 -4.835752e-05
    outer loop
      vertex 7.058520e+01 -7.414665e+01 -1.800000e+01
      vertex 7.080864e+01 -7.336295e+01 0.000000e+00
      vertex 7.058501e+01 -7.415050e+01 0.000000e+00
    endloop
  endfacet
  facet normal 9.614303e-01 -2.750485e-01 4.066926e-05
    outer loop
      vertex 7.058520e+01 -7.414665e+01 -1.800000e+01
      vertex 7.081173e+01 -7.335481e+01 -1.800000e+01
      vertex 7.080864e+01 -7.336295e+01 0.000000e+00
    endloop
  endfacet
  facet normal 9.950306e-01 -9.956971e-02 -1.088896e-05
    outer loop
      vertex 7.058520e+01 -7.414665e+01 -1.800000e+01
      vertex 7.058501e+01 -7.415050e+01 0.000000e+00
      vertex 7.050000e+01 -7.500000e+01 0.000000e+00
    endloop
  endfacet
  facet normal 0.000000e+00 0.000000e+00 1.000000e+00
    outer loop
      vertex -7.058501e+01 -7.584950e+01 0.000000e+00
      vertex 7.058520e+01 -7.585335e+01 0.000000e+00
      vertex 7.050000e+01 -7.500000e+01 0.000000e+00
    endloop
  endfacet
  facet normal 9.950533e-01 9.934230e-02 0.000000e+00
    outer loop
      vertex 7.050000e+01 -7.500000e+01 -1.800000e+01
      vertex 7.050000e+01 -7.500000e+01 0.000000e+00
      vertex 7.058520e+01 -7.585335e+01 0.000000e+00
    endloop
  endfacet
  facet normal 9.950533e-01 -9.934230e-02 0.000000e+00
    outer loop
      vertex 7.058520e+01 -7.414665e+01 -1.800000e+01
      vertex 7.050000e+01 -7.500000e+01 0.000000e+00
      vertex 7.050000e+01 -7.500000e+01 -1.800000e+01
    endloop
  endfacet
  facet normal 0.000000e+00 0.000000e+00 1.000000e+00
    outer loop
      vertex -7.080864e+01 -7.663705e+01 0.000000e+00
      vertex 7.081173e+01 -7.664519e+01 0.000000e+00
      vertex 7.058520e+01 -7.585335e+01 0.000000e+00
    endloop
  endfacet
  facet normal 9.614303e-01 2.750485e-01 -4.066926e-05
    outer loop
      vertex 7.080864e+01 -7.663705e+01 -1.800000e+01
      vertex 7.058520e+01 -7.585335e+01 0.000000e+00
      vertex 7.081173e+01 -7.664519e+01 0.000000e+00
    endloop
  endfacet
  facet normal 0.000000e+00 0.000000e+00 1.000000e+00
    outer loop
      vertex -7.058501e+01 -7.584950e+01 0.000000e+00
      vertex -7.080864e+01 -7.663705e+01 0.000000e+00
      vertex 7.058520e+01 -7.585335e+01 0.000000e+00
    endloop
  endfacet
  facet normal 9.950306e-01 9.956971e-02 1.088896e-05
    outer loop
      vertex 7.058501e+01 -7.584950e+01 -1.800000e+01
      vertex 7.050000e+01 -7.500000e+01 -1.800000e+01
      vertex 7.058520e+01 -7.585335e+01 0.000000e+00
    endloop
  endfacet
  facet normal 9.619693e-01 2.731574e-01 4.835752e-05
    outer loop
      vertex 7.080864e+01 -7.663705e+01 -1.800000e+01
      vertex 7.058501e+01 -7.584950e+01 -1.800000e+01
      vertex 7.058520e+01 -7.585335e+01 0.000000e+00
    endloop
  endfacet
  facet normal 0.000000e+00 0.000000e+00 1.000000e+00
    outer loop
      vertex -7.117855e+01 -7.737275e+01 0.000000e+00
      vertex 7.118794e+01 -7.738652e+01 0.000000e+00
      vertex 7.081173e+01 -7.664519e+01 0.000000e+00
    endloop
  endfacet
  facet normal 8.917404e-01 4.525473e-01 -1.193746e-04
    outer loop
      vertex 7.117855e+01 -7.737275e+01 -1.800000e+01
      vertex 7.081173e+01 -7.664519e+01 0.000000e+00
      vertex 7.118794e+01 -7.738652e+01 0.000000e+00
    endloop
  endfacet
  facet normal 0.000000e+00 0.000000e+00 1.000000e+00
    outer loop
      vertex -7.080864e+01 -7.663705e+01 0.000000e+00
      vertex -7.117855e+01 -7.737275e+01 0.000000e+00
      vertex 7.081173e+01 -7.664519e+01 0.000000e+00
    endloop
  endfacet
  facet normal 8.934249e-01 4.492125e-01 4.974836e-05
    outer loop
      vertex 7.117855e+01 -7.737275e+01 -1.800000e+01
      vertex 7.080864e+01 -7.663705e+01 -1.800000e+01
      vertex 7.081173e+01 -7.664519e+01 0.000000e+00
    endloop
  endfacet
  facet normal 0.000000e+00 0.000000e+00 1.000000e+00
    outer loop
      vertex -5.756325e+01 -7.804836e+01 0.000000e+00
      vertex 7.169646e+01 -7.805442e+01 0.000000e+00
      vertex 7.118794e+01 -7.738652e+01 0.000000e+00
    endloop
  endfacet
  facet normal 7.956379e-01 6.057725e-01 -1.461520e-04
    outer loop
      vertex 7.167879e+01 -7.803556e+01 -1.800000e+01
      vertex 7.118794e+01 -7.738652e+01 0.000000e+00
      vertex 7.169646e+01 -7.805442e+01 0.000000e+00
    endloop
  endfacet
  facet normal 0.000000e+00 0.000000e+00 1.000000e+00
    outer loop
      vertex -5.800819e+01 -7.800288e+01 0.000000e+00
      vertex -5.756325e+01 -7.804836e+01 0.000000e+00
      vertex 7.118794e+01 -7.738652e+01 0.000000e+00
    endloop
  endfacet
  facet normal 0.000000e+00 0.000000e+00 1.000000e+00
    outer loop
      vertex -7.167879e+01 -7.803556e+01 0.000000e+00
      vertex -5.800819e+01 -7.800288e+01 0.000000e+00
      vertex 7.118794e+01 -7.738652e+01 0.000000e+00
    endloop
  endfacet
  facet normal 0.000000e+00 0.000000e+00 1.000000e+00
    outer loop
      vertex -7.117855e+01 -7.737275e+01 0.000000e+00
      vertex -7.167879e+01 -7.803556e+01 0.000000e+00
      vertex 7.118794e+01 -7.738652e+01 0.000000e+00
    endloop
  endfacet
  facet normal 7.981805e-01 6.024184e-01 4.412140e-05
    outer loop
      vertex 7.167879e+01 -7.803556e+01 -1.800000e+01
      vertex 7.117855e+01 -7.737275e+01 -1.800000e+01
      vertex 7.118794e+01 -7.738652e+01 0.000000e+00
    endloop
  endfacet
  facet normal 0.000000e+00 0.000000e+00 1.000000e+00
    outer loop
      vertex -5.676885e+01 -7.842393e+01 0.000000e+00
      vertex 7.230775e+01 -7.860408e+01 0.000000e+00
      vertex 7.169646e+01 -7.805442e+01 0.000000e+00
    endloop
  endfacet
  facet normal 6.686201e-01 7.436041e-01 -1.508143e-04
    outer loop
      vertex 7.228255e+01 -7.858506e+01 -1.800000e+01
      vertex 7.169646e+01 -7.805442e+01 0.000000e+00
      vertex 7.230775e+01 -7.860408e+01 0.000000e+00
    endloop
  endfacet
  facet normal 0.000000e+00 0.000000e+00 1.000000e+00
    outer loop
      vertex -5.714561e+01 -7.819274e+01 0.000000e+00
      vertex -5.676885e+01 -7.842393e+01 0.000000e+00
      vertex 7.169646e+01 -7.805442e+01 0.000000e+00
    endloop
  endfacet
  facet normal 0.000000e+00 0.000000e+00 1.000000e+00
    outer loop
      vertex -5.756325e+01 -7.804836e+01 0.000000e+00
      vertex -5.714561e+01 -7.819274e+01 0.000000e+00
      vertex 7.169646e+01 -7.805442e+01 0.000000e+00
    endloop
  endfacet
  facet normal 6.730969e-01 7.395543e-01 1.143378e-04
    outer loop
      vertex 7.228255e+01 -7.858506e+01 -1.800000e+01
      vertex 7.167879e+01 -7.803556e+01 -1.800000e+01
      vertex 7.169646e+01 -7.805442e+01 0.000000e+00
    endloop
  endfacet
  facet normal 0.000000e+00 0.000000e+00 1.000000e+00
    outer loop
      vertex -5.645098e+01 -7.873753e+01 0.000000e+00
      vertex 7.301792e+01 -7.903923e+01 0.000000e+00
      vertex 7.230775e+01 -7.860408e+01 0.000000e+00
    endloop
  endfacet
  facet normal 5.224692e-01 8.526581e-01 -1.897711e-04
    outer loop
      vertex 7.298586e+01 -7.902359e+01 -1.800000e+01
      vertex 7.230775e+01 -7.860408e+01 0.000000e+00
      vertex 7.301792e+01 -7.903923e+01 0.000000e+00
    endloop
  endfacet
  facet normal 0.000000e+00 0.000000e+00 1.000000e+00
    outer loop
      vertex -5.676885e+01 -7.842393e+01 0.000000e+00
      vertex -5.645098e+01 -7.873753e+01 0.000000e+00
      vertex 7.230775e+01 -7.860408e+01 0.000000e+00
    endloop
  endfacet
  facet normal 5.290973e-01 8.485611e-01 1.554146e-04
    outer loop
      vertex 7.298586e+01 -7.902359e+01 -1.800000e+01
      vertex 7.228255e+01 -7.858506e+01 -1.800000e+01
      vertex 7.230775e+01 -7.860408e+01 0.000000e+00
    endloop
  endfacet
  facet normal 0.000000e+00 0.000000e+00 1.000000e+00
    outer loop
      vertex -5.620658e+01 -7.911484e+01 0.000000e+00
      vertex 7.378397e+01 -7.933056e+01 0.000000e+00
      vertex 7.301792e+01 -7.903923e+01 0.000000e+00
    endloop
  endfacet
  facet normal 3.554609e-01 9.346911e-01 -1.513522e-04
    outer loop
      vertex 7.374875e+01 -7.932008e+01 -1.800000e+01
      vertex 7.301792e+01 -7.903923e+01 0.000000e+00
      vertex 7.378397e+01 -7.933056e+01 0.000000e+00
    endloop
  endfacet
  facet normal 0.000000e+00 0.000000e+00 1.000000e+00
    outer loop
      vertex -5.645098e+01 -7.873753e+01 0.000000e+00
      vertex -5.620658e+01 -7.911484e+01 0.000000e+00
      vertex 7.301792e+01 -7.903923e+01 0.000000e+00
    endloop
  endfacet
  facet normal 3.622408e-01 9.320845e-01 1.645945e-04
    outer loop
      vertex 7.374875e+01 -7.932008e+01 -1.800000e+01
      vertex 7.298586e+01 -7.902359e+01 -1.800000e+01
      vertex 7.301792e+01 -7.903923e+01 0.000000e+00
    endloop
  endfacet
  facet normal 0.000000e+00 0.000000e+00 1.000000e+00
    outer loop
      vertex -5.605883e+01 -7.953314e+01 0.000000e+00
      vertex 7.460732e+01 -7.948142e+01 0.000000e+00
      vertex 7.378397e+01 -7.933056e+01 0.000000e+00
    endloop
  endfacet
  facet normal 1.802259e-01 9.836252e-01 -1.642725e-04
    outer loop
      vertex 7.457200e+01 -7.947795e+01 -1.800000e+01
      vertex 7.378397e+01 -7.933056e+01 0.000000e+00
      vertex 7.460732e+01 -7.948142e+01 0.000000e+00
    endloop
  endfacet
  facet normal 0.000000e+00 0.000000e+00 1.000000e+00
    outer loop
      vertex -5.620658e+01 -7.911484e+01 0.000000e+00
      vertex -5.605883e+01 -7.953314e+01 0.000000e+00
      vertex 7.378397e+01 -7.933056e+01 0.000000e+00
    endloop
  endfacet
  facet normal 1.883369e-01 9.821045e-01 2.032718e-04
    outer loop
      vertex 7.457200e+01 -7.947795e+01 -1.800000e+01
      vertex 7.374875e+01 -7.932008e+01 -1.800000e+01
      vertex 7.378397e+01 -7.933056e+01 0.000000e+00
    endloop
  endfacet
  facet normal 0.000000e+00 0.000000e+00 1.000000e+00
    outer loop
      vertex -5.605842e+01 -8.046423e+01 0.000000e+00
      vertex 7.542800e+01 -7.947795e+01 0.000000e+00
      vertex 7.460732e+01 -7.948142e+01 0.000000e+00
    endloop
  endfacet
  facet normal -4.222734e-03 9.999911e-01 -1.842421e-04
    outer loop
      vertex 7.539268e+01 -7.948142e+01 -1.800000e+01
      vertex 7.460732e+01 -7.948142e+01 0.000000e+00
      vertex 7.542800e+01 -7.947795e+01 0.000000e+00
    endloop
  endfacet
  facet normal 0.000000e+00 0.000000e+00 1.000000e+00
    outer loop
      vertex -5.605883e+01 -7.953314e+01 0.000000e+00
      vertex -5.600000e+01 -8.000000e+01 0.000000e+00
      vertex 7.460732e+01 -7.948142e+01 0.000000e+00
    endloop
  endfacet
  facet normal 0.000000e+00 0.000000e+00 1.000000e+00
    outer loop
      vertex -5.605842e+01 -8.046423e+01 0.000000e+00
      vertex 7.460732e+01 -7.948142e+01 0.000000e+00
      vertex -5.600000e+01 -8.000000e+01 0.000000e+00
    endloop
  endfacet
  facet normal 4.222734e-03 9.999911e-01 1.842421e-04
    outer loop
      vertex 7.539268e+01 -7.948142e+01 -1.800000e+01
      vertex 7.457200e+01 -7.947795e+01 -1.800000e+01
      vertex 7.460732e+01 -7.948142e+01 0.000000e+00
    endloop
  endfacet
  facet normal 0.000000e+00 0.000000e+00 1.000000e+00
    outer loop
      vertex -9.000000e+01 -3.000000e+02 0.000000e+00
      vertex 7.625125e+01 -7.932008e+01 0.000000e+00
      vertex 7.542800e+01 -7.947795e+01 0.000000e+00
    endloop
  endfacet
  facet normal -1.883369e-01 9.821045e-01 -2.032718e-04
    outer loop
      vertex 7.621603e+01 -7.933056e+01 -1.800000e+01
      vertex 7.542800e+01 -7.947795e+01 0.000000e+00
      vertex 7.625125e+01 -7.932008e+01 0.000000e+00
    endloop
  endfacet
  facet normal 0.000000e+00 0.000000e+00 1.000000e+00
    outer loop
      vertex -5.754740e+01 -8.194803e+01 0.000000e+00
      vertex -5.799181e+01 -8.199712e+01 0.000000e+00
      vertex 7.542800e+01 -7.947795e+01 0.000000e+00
    endloop
  endfacet
  facet normal 0.000000e+00 0.000000e+00 1.000000e+00
    outer loop
      vertex -9.000000e+01 -3.000000e+02 0.000000e+00
      vertex 7.542800e+01 -7.947795e+01 0.000000e+00
      vertex -5.799181e+01 -8.199712e+01 0.000000e+00
    endloop
  endfacet
  facet normal 0.000000e+00 0.000000e+00 1.000000e+00
    outer loop
      vertex -5.713134e+01 -8.180021e+01 0.000000e+00
      vertex -5.754740e+01 -8.194803e+01 0.000000e+00
      vertex 7.542800e+01 -7.947795e+01 0.000000e+00
    endloop
  endfacet
  facet normal 0.000000e+00 0.000000e+00 1.000000e+00
    outer loop
      vertex -5.675730e+01 -8.156698e+01 0.000000e+00
      vertex -5.713134e+01 -8.180021e+01 0.000000e+00
      vertex 7.542800e+01 -7.947795e+01 0.000000e+00
    endloop
  endfacet
  facet normal 0.000000e+00 0.000000e+00 1.000000e+00
    outer loop
      vertex -5.644408e+01 -8.125475e+01 0.000000e+00
      vertex -5.675730e+01 -8.156698e+01 0.000000e+00
      vertex 7.542800e+01 -7.947795e+01 0.000000e+00
    endloop
  endfacet
  facet normal 0.000000e+00 0.000000e+00 1.000000e+00
    outer loop
      vertex -5.620411e+01 -8.088014e+01 0.000000e+00
      vertex -5.644408e+01 -8.125475e+01 0.000000e+00
      vertex 7.542800e+01 -7.947795e+01 0.000000e+00
    endloop
  endfacet
  facet normal 0.000000e+00 0.000000e+00 1.000000e+00
    outer loop
      vertex -5.605842e+01 -8.046423e+01 0.000000e+00
      vertex -5.620411e+01 -8.088014e+01 0.000000e+00
      vertex 7.542800e+01 -7.947795e+01 0.000000e+00
    endloop
  endfacet
  facet normal -1.802259e-01 9.836252e-01 1.642725e-04
    outer loop
      vertex 7.621603e+01 -7.933056e+01 -1.800000e+01
      vertex 7.539268e+01 -7.948142e+01 -1.800000e+01
      vertex 7.542800e+01 -7.947795e+01 0.000000e+00
    endloop
  endfacet
  facet normal 0.000000e+00 0.000000e+00 1.000000e+00
    outer loop
      vertex -9.000000e+01 -3.000000e+02 0.000000e+00
      vertex 7.701414e+01 -7.902359e+01 0.000000e+00
      vertex 7.625125e+01 -7.932008e+01 0.000000e+00
    endloop
  endfacet
  facet normal -3.622408e-01 9.320845e-01 -1.645945e-04
    outer loop
      vertex 7.698208e+01 -7.903923e+01 -1.800000e+01
      vertex 7.625125e+01 -7.932008e+01 0.000000e+00
      vertex 7.701414e+01 -7.902359e+01 0.000000e+00
    endloop
  endfacet
  facet normal -3.554609e-01 9.346911e-01 1.513522e-04
    outer loop
      vertex 7.698208e+01 -7.903923e+01 -1.800000e+01
      vertex 7.621603e+01 -7.933056e+01 -1.800000e+01
      vertex 7.625125e+01 -7.932008e+01 0.000000e+00
    endloop
  endfacet
  facet normal 0.000000e+00 0.000000e+00 1.000000e+00
    outer loop
      vertex -9.000000e+01 -3.000000e+02 0.000000e+00
      vertex 7.771745e+01 -7.858506e+01 0.000000e+00
      vertex 7.701414e+01 -7.902359e+01 0.000000e+00
    endloop
  endfacet
  facet normal -5.290973e-01 8.485611e-01 -1.554146e-04
    outer loop
      vertex 7.769225e+01 -7.860408e+01 -1.800000e+01
      vertex 7.701414e+01 -7.902359e+01 0.000000e+00
      vertex 7.771745e+01 -7.858506e+01 0.000000e+00
    endloop
  endfacet
  facet normal -5.224692e-01 8.526581e-01 1.897711e-04
    outer loop
      vertex 7.769225e+01 -7.860408e+01 -1.800000e+01
      vertex 7.698208e+01 -7.903923e+01 -1.800000e+01
      vertex 7.701414e+01 -7.902359e+01 0.000000e+00
    endloop
  endfacet
  facet normal 0.000000e+00 0.000000e+00 1.000000e+00
    outer loop
      vertex 5.100000e+02 3.000000e+02 0.000000e+00
      vertex 7.832121e+01 -7.803556e+01 0.000000e+00
      vertex 7.771745e+01 -7.858506e+01 0.000000e+00
    endloop
  endfacet
  facet normal -6.730969e-01 7.395543e-01 -1.143378e-04
    outer loop
      vertex 7.830354e+01 -7.805442e+01 -1.800000e+01
      vertex 7.771745e+01 -7.858506e+01 0.000000e+00
      vertex 7.832121e+01 -7.803556e+01 0.000000e+00
    endloop
  endfacet
  facet normal 0.000000e+00 0.000000e+00 1.000000e+00
    outer loop
      vertex 5.100000e+02 3.000000e+02 0.000000e+00
      vertex 7.771745e+01 -7.858506e+01 0.000000e+00
      vertex -9.000000e+01 -3.000000e+02 0.000000e+00
    endloop
  endfacet
  facet normal -6.686201e-01 7.436041e-01 1.508143e-04
    outer loop
      vertex 7.830354e+01 -7.805442e+01 -1.800000e+01
      vertex 7.769225e+01 -7.860408e+01 -1.800000e+01
      vertex 7.771745e+01 -7.858506e+01 0.000000e+00
    endloop
  endfacet
  facet normal 0.000000e+00 0.000000e+00 1.000000e+00
    outer loop
      vertex 5.100000e+02 3.000000e+02 0.000000e+00
      vertex 7.882145e+01 -7.737275e+01 0.000000e+00
      vertex 7.832121e+01 -7.803556e+01 0.000000e+00
    endloop
  endfacet
  facet normal -7.981805e-01 6.024184e-01 -4.412140e-05
    outer loop
      vertex 7.881206e+01 -7.738652e+01 -1.800000e+01
      vertex 7.832121e+01 -7.803556e+01 0.000000e+00
      vertex 7.882145e+01 -7.737275e+01 0.000000e+00
    endloop
  endfacet
  facet normal -7.956379e-01 6.057725e-01 1.461520e-04
    outer loop
      vertex 7.881206e+01 -7.738652e+01 -1.800000e+01
      vertex 7.830354e+01 -7.805442e+01 -1.800000e+01
      vertex 7.832121e+01 -7.803556e+01 0.000000e+00
    endloop
  endfacet
  facet normal 0.000000e+00 0.000000e+00 1.000000e+00
    outer loop
      vertex 5.100000e+02 3.000000e+02 0.000000e+00
      vertex 7.919136e+01 -7.663705e+01 0.000000e+00
      vertex 7.882145e+01 -7.737275e+01 0.000000e+00
    endloop
  endfacet
  facet normal -8.934249e-01 4.492125e-01 -4.974836e-05
    outer loop
      vertex 7.918827e+01 -7.664519e+01 -1.800000e+01
      vertex 7.882145e+01 -7.737275e+01 0.000000e+00
      vertex 7.919136e+01 -7.663705e+01 0.000000e+00
    endloop
  endfacet
  facet normal -8.917404e-01 4.525473e-01 1.193746e-04
    outer loop
      vertex 7.918827e+01 -7.664519e+01 -1.800000e+01
      vertex 7.881206e+01 -7.738652e+01 -1.800000e+01
      vertex 7.882145e+01 -7.737275e+01 0.000000e+00
    endloop
  endfacet
  facet normal 0.000000e+00 0.000000e+00 1.000000e+00
    outer loop
      vertex 5.100000e+02 3.000000e+02 0.000000e+00
      vertex 7.941499e+01 -7.584950e+01 0.000000e+00
      vertex 7.919136e+01 -7.663705e+01 0.000000e+00
    endloop
  endfacet
  facet normal -9.619693e-01 2.731574e-01 -4.835752e-05
    outer loop
      vertex 7.941480e+01 -7.585335e+01 -1.800000e+01
      vertex 7.919136e+01 -7.663705e+01 0.000000e+00
      vertex 7.941499e+01 -7.584950e+01 0.000000e+00
    endloop
  endfacet
  facet normal -9.614303e-01 2.750485e-01 4.066926e-05
    outer loop
      vertex 7.941480e+01 -7.585335e+01 -1.800000e+01
      vertex 7.918827e+01 -7.664519e+01 -1.800000e+01
      vertex 7.919136e+01 -7.663705e+01 0.000000e+00
    endloop
  endfacet
  facet normal 0.000000e+00 0.000000e+00 1.000000e+00
    outer loop
      vertex 5.100000e+02 3.000000e+02 0.000000e+00
      vertex 7.941480e+01 7.585335e+01 0.000000e+00
      vertex 7.950000e+01 7.500000e+01 0.000000e+00
    endloop
  endfacet
  facet normal -9.950533e-01 -9.934230e-02 0.000000e+00
    outer loop
      vertex 7.950000e+01 7.500000e+01 -1.800000e+01
      vertex 7.950000e+01 7.500000e+01 0.000000e+00
      vertex 7.941480e+01 7.585335e+01 0.000000e+00
    endloop
  endfacet
  facet normal 0.000000e+00 0.000000e+00 1.000000e+00
    outer loop
      vertex 5.100000e+02 3.000000e+02 0.000000e+00
      vertex 7.950000e+01 7.500000e+01 0.000000e+00
      vertex 7.941499e+01 7.415050e+01 0.000000e+00
    endloop
  endfacet
  facet normal -9.950306e-01 9.956971e-02 -1.088896e-05
    outer loop
      vertex 7.941480e+01 7.414665e+01 -1.800000e+01
      vertex 7.941499e+01 7.415050e+01 0.000000e+00
      vertex 7.950000e+01 7.500000e+01 0.000000e+00
    endloop
  endfacet
  facet normal -9.950533e-01 9.934230e-02 0.000000e+00
    outer loop
      vertex 7.941480e+01 7.414665e+01 -1.800000e+01
      vertex 7.950000e+01 7.500000e+01 0.000000e+00
      vertex 7.950000e+01 7.500000e+01 -1.800000e+01
    endloop
  endfacet
  facet normal 0.000000e+00 0.000000e+00 1.000000e+00
    outer loop
      vertex 5.100000e+02 3.000000e+02 0.000000e+00
      vertex 7.918827e+01 7.664519e+01 0.000000e+00
      vertex 7.941480e+01 7.585335e+01 0.000000e+00
    endloop
  endfacet
  facet normal -9.614303e-01 -2.750485e-01 -4.066926e-05
    outer loop
      vertex 7.919136e+01 7.663705e+01 -1.800000e+01
      vertex 7.941480e+01 7.585335e+01 0.000000e+00
      vertex 7.918827e+01 7.664519e+01 0.000000e+00
    endloop
  endfacet
  facet normal -9.619693e-01 -2.731574e-01 4.835752e-05
    outer loop
      vertex 7.941499e+01 7.584950e+01 -1.800000e+01
      vertex 7.941480e+01 7.585335e+01 0.000000e+00
      vertex 7.919136e+01 7.663705e+01 -1.800000e+01
    endloop
  endfacet
  facet normal -9.950306e-01 -9.956971e-02 1.088896e-05
    outer loop
      vertex 7.950000e+01 7.500000e+01 -1.800000e+01
      vertex 7.941480e+01 7.585335e+01 0.000000e+00
      vertex 7.941499e+01 7.584950e+01 -1.800000e+01
    endloop
  endfacet
  facet normal 0.000000e+00 0.000000e+00 1.000000e+00
    outer loop
      vertex 5.100000e+02 3.000000e+02 0.000000e+00
      vertex 7.881206e+01 7.738652e+01 0.000000e+00
      vertex 7.918827e+01 7.664519e+01 0.000000e+00
    endloop
  endfacet
  facet normal -8.917404e-01 -4.525473e-01 -1.193746e-04
    outer loop
      vertex 7.882145e+01 7.737275e+01 -1.800000e+01
      vertex 7.918827e+01 7.664519e+01 0.000000e+00
      vertex 7.881206e+01 7.738652e+01 0.000000e+00
    endloop
  endfacet
  facet normal -8.934249e-01 -4.492125e-01 4.974836e-05
    outer loop
      vertex 7.919136e+01 7.663705e+01 -1.800000e+01
      vertex 7.918827e+01 7.664519e+01 0.000000e+00
      vertex 7.882145e+01 7.737275e+01 -1.800000e+01
    endloop
  endfacet
  facet normal 0.000000e+00 0.000000e+00 1.000000e+00
    outer loop
      vertex 5.100000e+02 3.000000e+02 0.000000e+00
      vertex 7.830354e+01 7.805442e+01 0.000000e+00
      vertex 7.881206e+01 7.738652e+01 0.000000e+00
    endloop
  endfacet
  facet normal -7.956379e-01 -6.057725e-01 -1.461520e-04
    outer loop
      vertex 7.832121e+01 7.803556e+01 -1.800000e+01
      vertex 7.881206e+01 7.738652e+01 0.000000e+00
      vertex 7.830354e+01 7.805442e+01 0.000000e+00
    endloop
  endfacet
  facet normal -7.981805e-01 -6.024184e-01 4.412140e-05
    outer loop
      vertex 7.882145e+01 7.737275e+01 -1.800000e+01
      vertex 7.881206e+01 7.738652e+01 0.000000e+00
      vertex 7.832121e+01 7.803556e+01 -1.800000e+01
    endloop
  endfacet
  facet normal 0.000000e+00 0.000000e+00 1.000000e+00
    outer loop
      vertex 5.100000e+02 3.000000e+02 0.000000e+00
      vertex 7.769225e+01 7.860408e+01 0.000000e+00
      vertex 7.830354e+01 7.805442e+01 0.000000e+00
    endloop
  endfacet
  facet normal -6.686201e-01 -7.436041e-01 -1.508143e-04
    outer loop
      vertex 7.771745e+01 7.858506e+01 -1.800000e+01
      vertex 7.830354e+01 7.805442e+01 0.000000e+00
      vertex 7.769225e+01 7.860408e+01 0.000000e+00
    endloop
  endfacet
  facet normal -6.730969e-01 -7.395543e-01 1.143378e-04
    outer loop
      vertex 7.832121e+01 7.803556e+01 -1.800000e+01
      vertex 7.830354e+01 7.805442e+01 0.000000e+00
      vertex 7.771745e+01 7.858506e+01 -1.800000e+01
    endloop
  endfacet
  facet normal 0.000000e+00 0.000000e+00 1.000000e+00
    outer loop
      vertex 5.100000e+02 3.000000e+02 0.000000e+00
      vertex 7.698208e+01 7.903923e+01 0.000000e+00
      vertex 7.769225e+01 7.860408e+01 0.000000e+00
    endloop
  endfacet
  facet normal -5.224692e-01 -8.526581e-01 -1.897711e-04
    outer loop
      vertex 7.701414e+01 7.902359e+01 -1.800000e+01
      vertex 7.769225e+01 7.860408e+01 0.000000e+00
      vertex 7.698208e+01 7.903923e+01 0.000000e+00
    endloop
  endfacet
  facet normal -5.290973e-01 -8.485611e-01 1.554146e-04
    outer loop
      vertex 7.771745e+01 7.858506e+01 -1.800000e+01
      vertex 7.769225e+01 7.860408e+01 0.000000e+00
      vertex 7.701414e+01 7.902359e+01 -1.800000e+01
    endloop
  endfacet
  facet normal 0.000000e+00 0.000000e+00 1.000000e+00
    outer loop
      vertex 5.100000e+02 3.000000e+02 0.000000e+00
      vertex 7.621603e+01 7.933056e+01 0.000000e+00
      vertex 7.698208e+01 7.903923e+01 0.000000e+00
    endloop
  endfacet
  facet normal -3.554609e-01 -9.346911e-01 -1.513522e-04
    outer loop
      vertex 7.625125e+01 7.932008e+01 -1.800000e+01
      vertex 7.698208e+01 7.903923e+01 0.000000e+00
      vertex 7.621603e+01 7.933056e+01 0.000000e+00
    endloop
  endfacet
  facet normal -3.622408e-01 -9.320845e-01 1.645945e-04
    outer loop
      vertex 7.701414e+01 7.902359e+01 -1.800000e+01
      vertex 7.698208e+01 7.903923e+01 0.000000e+00
      vertex 7.625125e+01 7.932008e+01 -1.800000e+01
    endloop
  endfacet
  facet normal 0.000000e+00 0.000000e+00 1.000000e+00
    outer loop
      vertex 5.100000e+02 3.000000e+02 0.000000e+00
      vertex 7.539268e+01 7.948142e+01 0.000000e+00
      vertex 7.621603e+01 7.933056e+01 0.000000e+00
    endloop
  endfacet
  facet normal -1.802259e-01 -9.836252e-01 -1.642725e-04
    outer loop
      vertex 7.542800e+01 7.947795e+01 -1.800000e+01
      vertex 7.621603e+01 7.933056e+01 0.000000e+00
      vertex 7.539268e+01 7.948142e+01 0.000000e+00
    endloop
  endfacet
  facet normal -1.883369e-01 -9.821045e-01 2.032718e-04
    outer loop
      vertex 7.625125e+01 7.932008e+01 -1.800000e+01
      vertex 7.621603e+01 7.933056e+01 0.000000e+00
      vertex 7.542800e+01 7.947795e+01 -1.800000e+01
    endloop
  endfacet
  facet normal 0.000000e+00 0.000000e+00 1.000000e+00
    outer loop
      vertex 6.100000e+01 8.000000e+01 0.000000e+00
      vertex 7.457200e+01 7.947795e+01 0.000000e+00
      vertex 7.539268e+01 7.948142e+01 0.000000e+00
    endloop
  endfacet
  facet normal 4.222734e-03 -9.999911e-01 -1.842421e-04
    outer loop
      vertex 7.460732e+01 7.948142e+01 -1.800000e+01
      vertex 7.539268e+01 7.948142e+01 0.000000e+00
      vertex 7.457200e+01 7.947795e+01 0.000000e+00
    endloop
  endfacet
  facet normal 0.000000e+00 0.000000e+00 1.000000e+00
    outer loop
      vertex 5.100000e+02 3.000000e+02 0.000000e+00
      vertex 6.100000e+01 8.000000e+01 0.000000e+00
      vertex 7.539268e+01 7.948142e+01 0.000000e+00
    endloop
  endfacet
  facet normal -4.222734e-03 -9.999911e-01 1.842421e-04
    outer loop
      vertex 7.542800e+01 7.947795e+01 -1.800000e+01
      vertex 7.539268e+01 7.948142e+01 0.000000e+00
      vertex 7.460732e+01 7.948142e+01 -1.800000e+01
    endloop
  endfacet
  facet normal 0.000000e+00 0.000000e+00 1.000000e+00
    outer loop
      vertex 6.093672e+01 7.939964e+01 0.000000e+00
      vertex 7.374875e+01 7.932008e+01 0.000000e+00
      vertex 7.457200e+01 7.947795e+01 0.000000e+00
    endloop
  endfacet
  facet normal 1.883369e-01 -9.821045e-01 -2.032718e-04
    outer loop
      vertex 7.378397e+01 7.933056e+01 -1.800000e+01
      vertex 7.457200e+01 7.947795e+01 0.000000e+00
      vertex 7.374875e+01 7.932008e+01 0.000000e+00
    endloop
  endfacet
  facet normal 0.000000e+00 0.000000e+00 1.000000e+00
    outer loop
      vertex 6.093672e+01 7.939964e+01 0.000000e+00
      vertex 7.457200e+01 7.947795e+01 0.000000e+00
      vertex 6.100000e+01 8.000000e+01 0.000000e+00
    endloop
  endfacet
  facet normal 1.802259e-01 -9.836252e-01 1.642725e-04
    outer loop
      vertex 7.460732e+01 7.948142e+01 -1.800000e+01
      vertex 7.457200e+01 7.947795e+01 0.000000e+00
      vertex 7.378397e+01 7.933056e+01 -1.800000e+01
    endloop
  endfacet
  facet normal 0.000000e+00 0.000000e+00 1.000000e+00
    outer loop
      vertex 6.076911e+01 7.884591e+01 0.000000e+00
      vertex 7.298586e+01 7.902359e+01 0.000000e+00
      vertex 7.374875e+01 7.932008e+01 0.000000e+00
    endloop
  endfacet
  facet normal 3.622408e-01 -9.320845e-01 -1.645945e-04
    outer loop
      vertex 7.301792e+01 7.903923e+01 -1.800000e+01
      vertex 7.374875e+01 7.932008e+01 0.000000e+00
      vertex 7.298586e+01 7.902359e+01 0.000000e+00
    endloop
  endfacet
  facet normal 0.000000e+00 0.000000e+00 1.000000e+00
    outer loop
      vertex 6.093672e+01 7.939964e+01 0.000000e+00
      vertex 6.076911e+01 7.884591e+01 0.000000e+00
      vertex 7.374875e+01 7.932008e+01 0.000000e+00
    endloop
  endfacet
  facet normal 3.554609e-01 -9.346911e-01 1.513522e-04
    outer loop
      vertex 7.378397e+01 7.933056e+01 -1.800000e+01
      vertex 7.374875e+01 7.932008e+01 0.000000e+00
      vertex 7.301792e+01 7.903923e+01 -1.800000e+01
    endloop
  endfacet
  facet normal 0.000000e+00 0.000000e+00 1.000000e+00
    outer loop
      vertex 6.076911e+01 7.884591e+01 0.000000e+00
      vertex 7.228255e+01 7.858506e+01 0.000000e+00
      vertex 7.298586e+01 7.902359e+01 0.000000e+00
    endloop
  endfacet
  facet normal 5.290973e-01 -8.485611e-01 -1.554146e-04
    outer loop
      vertex 7.230775e+01 7.860408e+01 -1.800000e+01
      vertex 7.298586e+01 7.902359e+01 0.000000e+00
      vertex 7.228255e+01 7.858506e+01 0.000000e+00
    endloop
  endfacet
  facet normal 5.224692e-01 -8.526581e-01 1.897711e-04
    outer loop
      vertex 7.301792e+01 7.903923e+01 -1.800000e+01
      vertex 7.298586e+01 7.902359e+01 0.000000e+00
      vertex 7.230775e+01 7.860408e+01 -1.800000e+01
    endloop
  endfacet
  facet normal 0.000000e+00 0.000000e+00 1.000000e+00
    outer loop
      vertex 6.049077e+01 7.833036e+01 0.000000e+00
      vertex 7.167879e+01 7.803556e+01 0.000000e+00
      vertex 7.228255e+01 7.858506e+01 0.000000e+00
    endloop
  endfacet
  facet normal 6.730969e-01 -7.395543e-01 -1.143378e-04
    outer loop
      vertex 7.169646e+01 7.805442e+01 -1.800000e+01
      vertex 7.228255e+01 7.858506e+01 0.000000e+00
      vertex 7.167879e+01 7.803556e+01 0.000000e+00
    endloop
  endfacet
  facet normal 0.000000e+00 0.000000e+00 1.000000e+00
    outer loop
      vertex 6.076911e+01 7.884591e+01 0.000000e+00
      vertex 6.049077e+01 7.833036e+01 0.000000e+00
      vertex 7.228255e+01 7.858506e+01 0.000000e+00
    endloop
  endfacet
  facet normal 6.686201e-01 -7.436041e-01 1.508143e-04
    outer loop
      vertex 7.230775e+01 7.860408e+01 -1.800000e+01
      vertex 7.228255e+01 7.858506e+01 0.000000e+00
      vertex 7.169646e+01 7.805442e+01 -1.800000e+01
    endloop
  endfacet
  facet normal 0.000000e+00 0.000000e+00 1.000000e+00
    outer loop
      vertex 5.967048e+01 7.750947e+01 0.000000e+00
      vertex 7.117855e+01 7.737275e+01 0.000000e+00
      vertex 7.167879e+01 7.803556e+01 0.000000e+00
    endloop
  endfacet
  facet normal 7.981805e-01 -6.024184e-01 -4.412140e-05
    outer loop
      vertex 7.118794e+01 7.738652e+01 -1.800000e+01
      vertex 7.167879e+01 7.803556e+01 0.000000e+00
      vertex 7.117855e+01 7.737275e+01 0.000000e+00
    endloop
  endfacet
  facet normal 0.000000e+00 0.000000e+00 1.000000e+00
    outer loop
      vertex 6.012091e+01 7.787833e+01 0.000000e+00
      vertex 5.967048e+01 7.750947e+01 0.000000e+00
      vertex 7.167879e+01 7.803556e+01 0.000000e+00
    endloop
  endfacet
  facet normal 0.000000e+00 0.000000e+00 1.000000e+00
    outer loop
      vertex 6.049077e+01 7.833036e+01 0.000000e+00
      vertex 6.012091e+01 7.787833e+01 0.000000e+00
      vertex 7.167879e+01 7.803556e+01 0.000000e+00
    endloop
  endfacet
  facet normal 7.956379e-01 -6.057725e-01 1.461520e-04
    outer loop
      vertex 7.169646e+01 7.805442e+01 -1.800000e+01
      vertex 7.167879e+01 7.803556e+01 0.000000e+00
      vertex 7.118794e+01 7.738652e+01 -1.800000e+01
    endloop
  endfacet
  facet normal 0.000000e+00 0.000000e+00 1.000000e+00
    outer loop
      vertex 5.801173e+01 7.700010e+01 0.000000e+00
      vertex 7.080864e+01 7.663705e+01 0.000000e+00
      vertex 7.117855e+01 7.737275e+01 0.000000e+00
    endloop
  endfacet
  facet normal 8.934249e-01 -4.492125e-01 -4.974836e-05
    outer loop
      vertex 7.081173e+01 7.664519e+01 -1.800000e+01
      vertex 7.117855e+01 7.737275e+01 0.000000e+00
      vertex 7.080864e+01 7.663705e+01 0.000000e+00
    endloop
  endfacet
  facet normal 0.000000e+00 0.000000e+00 1.000000e+00
    outer loop
      vertex 5.859627e+01 7.706199e+01 0.000000e+00
      vertex 5.801173e+01 7.700010e+01 0.000000e+00
      vertex 7.117855e+01 7.737275e+01 0.000000e+00
    endloop
  endfacet
  facet normal 0.000000e+00 0.000000e+00 1.000000e+00
    outer loop
      vertex 5.915781e+01 7.723250e+01 0.000000e+00
      vertex 5.859627e+01 7.706199e+01 0.000000e+00
      vertex 7.117855e+01 7.737275e+01 0.000000e+00
    endloop
  endfacet
  facet normal 0.000000e+00 0.000000e+00 1.000000e+00
    outer loop
      vertex 5.967048e+01 7.750947e+01 0.000000e+00
      vertex 5.915781e+01 7.723250e+01 0.000000e+00
      vertex 7.117855e+01 7.737275e+01 0.000000e+00
    endloop
  endfacet
  facet normal 8.917404e-01 -4.525473e-01 1.193746e-04
    outer loop
      vertex 7.118794e+01 7.738652e+01 -1.800000e+01
      vertex 7.117855e+01 7.737275e+01 0.000000e+00
      vertex 7.081173e+01 7.664519e+01 -1.800000e+01
    endloop
  endfacet
  facet normal 0.000000e+00 0.000000e+00 1.000000e+00
    outer loop
      vertex -7.058520e+01 7.585335e+01 0.000000e+00
      vertex 7.058501e+01 7.584950e+01 0.000000e+00
      vertex 7.080864e+01 7.663705e+01 0.000000e+00
    endloop
  endfacet
  facet normal 9.619693e-01 -2.731574e-01 -4.835752e-05
    outer loop
      vertex 7.058520e+01 7.585335e+01 -1.800000e+01
      vertex 7.080864e+01 7.663705e+01 0.000000e+00
      vertex 7.058501e+01 7.584950e+01 0.000000e+00
    endloop
  endfacet
  facet normal 0.000000e+00 0.000000e+00 1.000000e+00
    outer loop
      vertex -7.081173e+01 7.664519e+01 0.000000e+00
      vertex 7.080864e+01 7.663705e+01 0.000000e+00
      vertex 5.801173e+01 7.700010e+01 0.000000e+00
    endloop
  endfacet
  facet normal 0.000000e+00 0.000000e+00 1.000000e+00
    outer loop
      vertex -7.081173e+01 7.664519e+01 0.000000e+00
      vertex -7.058520e+01 7.585335e+01 0.000000e+00
      vertex 7.080864e+01 7.663705e+01 0.000000e+00
    endloop
  endfacet
  facet normal 9.614303e-01 -2.750485e-01 4.066926e-05
    outer loop
      vertex 7.081173e+01 7.664519e+01 -1.800000e+01
      vertex 7.080864e+01 7.663705e+01 0.000000e+00
      vertex 7.058520e+01 7.585335e+01 -1.800000e+01
    endloop
  endfacet
  facet normal 0.000000e+00 0.000000e+00 1.000000e+00
    outer loop
      vertex -7.050000e+01 7.500000e+01 0.000000e+00
      vertex 7.050000e+01 7.500000e+01 0.000000e+00
      vertex 7.058501e+01 7.584950e+01 0.000000e+00
    endloop
  endfacet
  facet normal 9.950306e-01 -9.956971e-02 -1.088896e-05
    outer loop
      vertex 7.058520e+01 7.585335e+01 -1.800000e+01
      vertex 7.058501e+01 7.584950e+01 0.000000e+00
      vertex 7.050000e+01 7.500000e+01 0.000000e+00
    endloop
  endfacet
  facet normal 0.000000e+00 0.000000e+00 1.000000e+00
    outer loop
      vertex -7.058520e+01 7.585335e+01 0.000000e+00
      vertex -7.050000e+01 7.500000e+01 0.000000e+00
      vertex 7.058501e+01 7.584950e+01 0.000000e+00
    endloop
  endfacet
  facet normal 0.000000e+00 0.000000e+00 1.000000e+00
    outer loop
      vertex -7.058501e+01 7.415050e+01 0.000000e+00
      vertex 7.058520e+01 7.414665e+01 0.000000e+00
      vertex 7.050000e+01 7.500000e+01 0.000000e+00
    endloop
  endfacet
  facet normal 9.950533e-01 9.934230e-02 0.000000e+00
    outer loop
      vertex 7.050000e+01 7.500000e+01 -1.800000e+01
      vertex 7.050000e+01 7.500000e+01 0.000000e+00
      vertex 7.058520e+01 7.414665e+01 0.000000e+00
    endloop
  endfacet
  facet normal 0.000000e+00 0.000000e+00 1.000000e+00
    outer loop
      vertex -7.058501e+01 7.415050e+01 0.000000e+00
      vertex 7.050000e+01 7.500000e+01 0.000000e+00
      vertex -7.050000e+01 7.500000e+01 0.000000e+00
    endloop
  endfacet
  facet normal 9.950533e-01 -9.934230e-02 0.000000e+00
    outer loop
      vertex 7.058520e+01 7.585335e+01 -1.800000e+01
      vertex 7.050000e+01 7.500000e+01 0.000000e+00
      vertex 7.050000e+01 7.500000e+01 -1.800000e+01
    endloop
  endfacet
  facet normal 0.000000e+00 0.000000e+00 1.000000e+00
    outer loop
      vertex -7.080864e+01 7.336295e+01 0.000000e+00
      vertex 7.081173e+01 7.335481e+01 0.000000e+00
      vertex 7.058520e+01 7.414665e+01 0.000000e+00
    endloop
  endfacet
  facet normal 9.614303e-01 2.750485e-01 -4.066926e-05
    outer loop
      vertex 7.080864e+01 7.336295e+01 -1.800000e+01
      vertex 7.058520e+01 7.414665e+01 0.000000e+00
      vertex 7.081173e+01 7.335481e+01 0.000000e+00
    endloop
  endfacet
  facet normal 0.000000e+00 0.000000e+00 1.000000e+00
    outer loop
      vertex -7.058501e+01 7.415050e+01 0.000000e+00
      vertex -7.080864e+01 7.336295e+01 0.000000e+00
      vertex 7.058520e+01 7.414665e+01 0.000000e+00
    endloop
  endfacet
  facet normal 9.950306e-01 9.956971e-02 1.088896e-05
    outer loop
      vertex 7.058501e+01 7.415050e+01 -1.800000e+01
      vertex 7.050000e+01 7.500000e+01 -1.800000e+01
      vertex 7.058520e+01 7.414665e+01 0.000000e+00
    endloop
  endfacet
  facet normal 9.619693e-01 2.731574e-01 4.835752e-05
    outer loop
      vertex 7.058501e+01 7.415050e+01 -1.800000e+01
      vertex 7.058520e+01 7.414665e+01 0.000000e+00
      vertex 7.080864e+01 7.336295e+01 -1.800000e+01
    endloop
  endfacet
  facet normal 0.000000e+00 0.000000e+00 1.000000e+00
    outer loop
      vertex -7.117855e+01 7.262725e+01 0.000000e+00
      vertex 7.118794e+01 7.261348e+01 0.000000e+00
      vertex 7.081173e+01 7.335481e+01 0.000000e+00
    endloop
  endfacet
  facet normal 8.917404e-01 4.525473e-01 -1.193746e-04
    outer loop
      vertex 7.117855e+01 7.262725e+01 -1.800000e+01
      vertex 7.081173e+01 7.335481e+01 0.000000e+00
      vertex 7.118794e+01 7.261348e+01 0.000000e+00
    endloop
  endfacet
  facet normal 0.000000e+00 0.000000e+00 1.000000e+00
    outer loop
      vertex -7.080864e+01 7.336295e+01 0.000000e+00
      vertex -7.117855e+01 7.262725e+01 0.000000e+00
      vertex 7.081173e+01 7.335481e+01 0.000000e+00
    endloop
  endfacet
  facet normal 8.934249e-01 4.492125e-01 4.974836e-05
    outer loop
      vertex 7.080864e+01 7.336295e+01 -1.800000e+01
      vertex 7.081173e+01 7.335481e+01 0.000000e+00
      vertex 7.117855e+01 7.262725e+01 -1.800000e+01
    endloop
  endfacet
  facet normal 0.000000e+00 0.000000e+00 1.000000e+00
    outer loop
      vertex -7.167879e+01 7.196444e+01 0.000000e+00
      vertex 7.169646e+01 7.194558e+01 0.000000e+00
      vertex 7.118794e+01 7.261348e+01 0.000000e+00
    endloop
  endfacet
  facet normal 7.956379e-01 6.057725e-01 -1.461520e-04
    outer loop
      vertex 7.167879e+01 7.196444e+01 -1.800000e+01
      vertex 7.118794e+01 7.261348e+01 0.000000e+00
      vertex 7.169646e+01 7.194558e+01 0.000000e+00
    endloop
  endfacet
  facet normal 0.000000e+00 0.000000e+00 1.000000e+00
    outer loop
      vertex -7.117855e+01 7.262725e+01 0.000000e+00
      vertex -7.167879e+01 7.196444e+01 0.000000e+00
      vertex 7.118794e+01 7.261348e+01 0.000000e+00
    endloop
  endfacet
  facet normal 7.981805e-01 6.024184e-01 4.412140e-05
    outer loop
      vertex 7.117855e+01 7.262725e+01 -1.800000e+01
      vertex 7.118794e+01 7.261348e+01 0.000000e+00
      vertex 7.167879e+01 7.196444e+01 -1.800000e+01
    endloop
  endfacet
  facet normal 0.000000e+00 0.000000e+00 1.000000e+00
    outer loop
      vertex -7.228255e+01 7.141494e+01 0.000000e+00
      vertex 7.230775e+01 7.139592e+01 0.000000e+00
      vertex 7.169646e+01 7.194558e+01 0.000000e+00
    endloop
  endfacet
  facet normal 6.686201e-01 7.436041e-01 -1.508143e-04
    outer loop
      vertex 7.228255e+01 7.141494e+01 -1.800000e+01
      vertex 7.169646e+01 7.194558e+01 0.000000e+00
      vertex 7.230775e+01 7.139592e+01 0.000000e+00
    endloop
  endfacet
  facet normal 0.000000e+00 0.000000e+00 1.000000e+00
    outer loop
      vertex -7.167879e+01 7.196444e+01 0.000000e+00
      vertex -7.228255e+01 7.141494e+01 0.000000e+00
      vertex 7.169646e+01 7.194558e+01 0.000000e+00
    endloop
  endfacet
  facet normal 6.730969e-01 7.395543e-01 1.143378e-04
    outer loop
      vertex 7.167879e+01 7.196444e+01 -1.800000e+01
      vertex 7.169646e+01 7.194558e+01 0.000000e+00
      vertex 7.228255e+01 7.141494e+01 -1.800000e+01
    endloop
  endfacet
  facet normal 0.000000e+00 0.000000e+00 1.000000e+00
    outer loop
      vertex -7.298586e+01 7.097641e+01 0.000000e+00
      vertex 7.301792e+01 7.096077e+01 0.000000e+00
      vertex 7.230775e+01 7.139592e+01 0.000000e+00
    endloop
  endfacet
  facet normal 5.224692e-01 8.526581e-01 -1.897711e-04
    outer loop
      vertex 7.298586e+01 7.097641e+01 -1.800000e+01
      vertex 7.230775e+01 7.139592e+01 0.000000e+00
      vertex 7.301792e+01 7.096077e+01 0.000000e+00
    endloop
  endfacet
  facet normal 0.000000e+00 0.000000e+00 1.000000e+00
    outer loop
      vertex -7.228255e+01 7.141494e+01 0.000000e+00
      vertex -7.298586e+01 7.097641e+01 0.000000e+00
      vertex 7.230775e+01 7.139592e+01 0.000000e+00
    endloop
  endfacet
  facet normal 5.290973e-01 8.485611e-01 1.554146e-04
    outer loop
      vertex 7.228255e+01 7.141494e+01 -1.800000e+01
      vertex 7.230775e+01 7.139592e+01 0.000000e+00
      vertex 7.298586e+01 7.097641e+01 -1.800000e+01
    endloop
  endfacet
  facet normal 0.000000e+00 0.000000e+00 1.000000e+00
    outer loop
      vertex -7.374875e+01 7.067992e+01 0.000000e+00
      vertex 7.378397e+01 7.066944e+01 0.000000e+00
      vertex 7.301792e+01 7.096077e+01 0.000000e+00
    endloop
  endfacet
  facet normal 3.554609e-01 9.346911e-01 -1.513522e-04
    outer loop
      vertex 7.374875e+01 7.067992e+01 -1.800000e+01
      vertex 7.301792e+01 7.096077e+01 0.000000e+00
      vertex 7.378397e+01 7.066944e+01 0.000000e+00
    endloop
  endfacet
  facet normal 0.000000e+00 0.000000e+00 1.000000e+00
    outer loop
      vertex -7.298586e+01 7.097641e+01 0.000000e+00
      vertex -7.374875e+01 7.067992e+01 0.000000e+00
      vertex 7.301792e+01 7.096077e+01 0.000000e+00
    endloop
  endfacet
  facet normal 3.622408e-01 9.320845e-01 1.645945e-04
    outer loop
      vertex 7.298586e+01 7.097641e+01 -1.800000e+01
      vertex 7.301792e+01 7.096077e+01 0.000000e+00
      vertex 7.374875e+01 7.067992e+01 -1.800000e+01
    endloop
  endfacet
  facet normal 0.000000e+00 0.000000e+00 1.000000e+00
    outer loop
      vertex -7.539268e+01 7.051858e+01 0.000000e+00
      vertex 7.460732e+01 7.051858e+01 0.000000e+00
      vertex 7.378397e+01 7.066944e+01 0.000000e+00
    endloop
  endfacet
  facet normal 1.802259e-01 9.836252e-01 -1.642725e-04
    outer loop
      vertex 7.457200e+01 7.052205e+01 -1.800000e+01
      vertex 7.378397e+01 7.066944e+01 0.000000e+00
      vertex 7.460732e+01 7.051858e+01 0.000000e+00
    endloop
  endfacet
  facet normal 0.000000e+00 0.000000e+00 1.000000e+00
    outer loop
      vertex -7.457200e+01 7.052205e+01 0.000000e+00
      vertex -7.539268e+01 7.051858e+01 0.000000e+00
      vertex 7.378397e+01 7.066944e+01 0.000000e+00
    endloop
  endfacet
  facet normal 0.000000e+00 0.000000e+00 1.000000e+00
    outer loop
      vertex -7.374875e+01 7.067992e+01 0.000000e+00
      vertex -7.457200e+01 7.052205e+01 0.000000e+00
      vertex 7.378397e+01 7.066944e+01 0.000000e+00
    endloop
  endfacet
  facet normal 1.883369e-01 9.821045e-01 2.032718e-04
    outer loop
      vertex 7.374875e+01 7.067992e+01 -1.800000e+01
      vertex 7.378397e+01 7.066944e+01 0.000000e+00
      vertex 7.457200e+01 7.052205e+01 -1.800000e+01
    endloop
  endfacet
  facet normal -4.222734e-03 9.999911e-01 -1.842421e-04
    outer loop
      vertex 7.539268e+01 7.051858e+01 -1.800000e+01
      vertex 7.460732e+01 7.051858e+01 0.000000e+00
      vertex 7.542800e+01 7.052205e+01 0.000000e+00
    endloop
  endfacet
  facet normal 4.222734e-03 9.999911e-01 1.842421e-04
    outer loop
      vertex 7.457200e+01 7.052205e+01 -1.800000e+01
      vertex 7.460732e+01 7.051858e+01 0.000000e+00
      vertex 7.539268e+01 7.051858e+01 -1.800000e+01
    endloop
  endfacet
  facet normal -1.883369e-01 9.821045e-01 -2.032718e-04
    outer loop
      vertex 7.621603e+01 7.066944e+01 -1.800000e+01
      vertex 7.542800e+01 7.052205e+01 0.000000e+00
      vertex 7.625125e+01 7.067992e+01 0.000000e+00
    endloop
  endfacet
  facet normal -1.802259e-01 9.836252e-01 1.642725e-04
    outer loop
      vertex 7.539268e+01 7.051858e+01 -1.800000e+01
      vertex 7.542800e+01 7.052205e+01 0.000000e+00
      vertex 7.621603e+01 7.066944e+01 -1.800000e+01
    endloop
  endfacet
  facet normal -3.622408e-01 9.320845e-01 -1.645945e-04
    outer loop
      vertex 7.698208e+01 7.096077e+01 -1.800000e+01
      vertex 7.625125e+01 7.067992e+01 0.000000e+00
      vertex 7.701414e+01 7.097641e+01 0.000000e+00
    endloop
  endfacet
  facet normal -3.554609e-01 9.346911e-01 1.513522e-04
    outer loop
      vertex 7.621603e+01 7.066944e+01 -1.800000e+01
      vertex 7.625125e+01 7.067992e+01 0.000000e+00
      vertex 7.698208e+01 7.096077e+01 -1.800000e+01
    endloop
  endfacet
  facet normal 0.000000e+00 0.000000e+00 1.000000e+00
    outer loop
      vertex 5.100000e+02 3.000000e+02 0.000000e+00
      vertex 7.771745e+01 7.141494e+01 0.000000e+00
      vertex 7.701414e+01 7.097641e+01 0.000000e+00
    endloop
  endfacet
  facet normal -5.290973e-01 8.485611e-01 -1.554146e-04
    outer loop
      vertex 7.769225e+01 7.139592e+01 -1.800000e+01
      vertex 7.701414e+01 7.097641e+01 0.000000e+00
      vertex 7.771745e+01 7.141494e+01 0.000000e+00
    endloop
  endfacet
  facet normal -5.224692e-01 8.526581e-01 1.897711e-04
    outer loop
      vertex 7.698208e+01 7.096077e+01 -1.800000e+01
      vertex 7.701414e+01 7.097641e+01 0.000000e+00
      vertex 7.769225e+01 7.139592e+01 -1.800000e+01
    endloop
  endfacet
  facet normal 0.000000e+00 0.000000e+00 1.000000e+00
    outer loop
      vertex 5.100000e+02 3.000000e+02 0.000000e+00
      vertex 7.832121e+01 7.196444e+01 0.000000e+00
      vertex 7.771745e+01 7.141494e+01 0.000000e+00
    endloop
  endfacet
  facet normal -6.730969e-01 7.395543e-01 -1.143378e-04
    outer loop
      vertex 7.830354e+01 7.194558e+01 -1.800000e+01
      vertex 7.771745e+01 7.141494e+01 0.000000e+00
      vertex 7.832121e+01 7.196444e+01 0.000000e+00
    endloop
  endfacet
  facet normal -6.686201e-01 7.436041e-01 1.508143e-04
    outer loop
      vertex 7.769225e+01 7.139592e+01 -1.800000e+01
      vertex 7.771745e+01 7.141494e+01 0.000000e+00
      vertex 7.830354e+01 7.194558e+01 -1.800000e+01
    endloop
  endfacet
  facet normal 0.000000e+00 0.000000e+00 1.000000e+00
    outer loop
      vertex 5.100000e+02 3.000000e+02 0.000000e+00
      vertex 7.882145e+01 7.262725e+01 0.000000e+00
      vertex 7.832121e+01 7.196444e+01 0.000000e+00
    endloop
  endfacet
  facet normal -7.981805e-01 6.024184e-01 -4.412140e-05
    outer loop
      vertex 7.881206e+01 7.261348e+01 -1.800000e+01
      vertex 7.832121e+01 7.196444e+01 0.000000e+00
      vertex 7.882145e+01 7.262725e+01 0.000000e+00
    endloop
  endfacet
  facet normal -7.956379e-01 6.057725e-01 1.461520e-04
    outer loop
      vertex 7.830354e+01 7.194558e+01 -1.800000e+01
      vertex 7.832121e+01 7.196444e+01 0.000000e+00
      vertex 7.881206e+01 7.261348e+01 -1.800000e+01
    endloop
  endfacet
  facet normal 0.000000e+00 0.000000e+00 1.000000e+00
    outer loop
      vertex 5.100000e+02 3.000000e+02 0.000000e+00
      vertex 7.919136e+01 7.336295e+01 0.000000e+00
      vertex 7.882145e+01 7.262725e+01 0.000000e+00
    endloop
  endfacet
  facet normal -8.934249e-01 4.492125e-01 -4.974836e-05
    outer loop
      vertex 7.918827e+01 7.335481e+01 -1.800000e+01
      vertex 7.882145e+01 7.262725e+01 0.000000e+00
      vertex 7.919136e+01 7.336295e+01 0.000000e+00
    endloop
  endfacet
  facet normal -8.917404e-01 4.525473e-01 1.193746e-04
    outer loop
      vertex 7.881206e+01 7.261348e+01 -1.800000e+01
      vertex 7.882145e+01 7.262725e+01 0.000000e+00
      vertex 7.918827e+01 7.335481e+01 -1.800000e+01
    endloop
  endfacet
  facet normal 0.000000e+00 0.000000e+00 1.000000e+00
    outer loop
      vertex 5.100000e+02 3.000000e+02 0.000000e+00
      vertex 7.941499e+01 7.415050e+01 0.000000e+00
      vertex 7.919136e+01 7.336295e+01 0.000000e+00
    endloop
  endfacet
  facet normal -9.619693e-01 2.731574e-01 -4.835752e-05
    outer loop
      vertex 7.941480e+01 7.414665e+01 -1.800000e+01
      vertex 7.919136e+01 7.336295e+01 0.000000e+00
      vertex 7.941499e+01 7.415050e+01 0.000000e+00
    endloop
  endfacet
  facet normal -9.614303e-01 2.750485e-01 4.066926e-05
    outer loop
      vertex 7.918827e+01 7.335481e+01 -1.800000e+01
      vertex 7.919136e+01 7.336295e+01 0.000000e+00
      vertex 7.941480e+01 7.414665e+01 -1.800000e+01
    endloop
  endfacet
  facet normal 0.000000e+00 0.000000e+00 1.000000e+00
    outer loop
      vertex 5.100000e+02 3.000000e+02 0.000000e+00
      vertex 6.093652e+01 8.060310e+01 0.000000e+00
      vertex 6.100000e+01 8.000000e+01 0.000000e+00
    endloop
  endfacet
  facet normal -9.945069e-01 -1.046708e-01 0.000000e+00
    outer loop
      vertex 6.100000e+01 8.000000e+01 -1.800000e+01
      vertex 6.100000e+01 8.000000e+01 0.000000e+00
      vertex 6.093652e+01 8.060310e+01 0.000000e+00
    endloop
  endfacet
  facet normal -9.944906e-01 1.048259e-01 -5.251702e-06
    outer loop
      vertex 6.093652e+01 7.939690e+01 -1.800000e+01
      vertex 6.093672e+01 7.939964e+01 0.000000e+00
      vertex 6.100000e+01 8.000000e+01 0.000000e+00
    endloop
  endfacet
  facet normal -9.945069e-01 1.046708e-01 0.000000e+00
    outer loop
      vertex 6.093652e+01 7.939690e+01 -1.800000e+01
      vertex 6.100000e+01 8.000000e+01 0.000000e+00
      vertex 6.100000e+01 8.000000e+01 -1.800000e+01
    endloop
  endfacet
  facet normal 0.000000e+00 0.000000e+00 1.000000e+00
    outer loop
      vertex 5.100000e+02 3.000000e+02 0.000000e+00
      vertex 6.076668e+01 8.115989e+01 0.000000e+00
      vertex 6.093652e+01 8.060310e+01 0.000000e+00
    endloop
  endfacet
  facet normal -9.564899e-01 -2.917656e-01 -3.498771e-05
    outer loop
      vertex 6.076911e+01 8.115409e+01 -1.800000e+01
      vertex 6.093652e+01 8.060310e+01 0.000000e+00
      vertex 6.076668e+01 8.115989e+01 0.000000e+00
    endloop
  endfacet
  facet normal -9.571146e-01 -2.897095e-01 3.375965e-05
    outer loop
      vertex 6.093672e+01 8.060036e+01 -1.800000e+01
      vertex 6.093652e+01 8.060310e+01 0.000000e+00
      vertex 6.076911e+01 8.115409e+01 -1.800000e+01
    endloop
  endfacet
  facet normal -9.944906e-01 -1.048259e-01 5.251702e-06
    outer loop
      vertex 6.100000e+01 8.000000e+01 -1.800000e+01
      vertex 6.093652e+01 8.060310e+01 0.000000e+00
      vertex 6.093672e+01 8.060036e+01 -1.800000e+01
    endloop
  endfacet
  facet normal 0.000000e+00 0.000000e+00 1.000000e+00
    outer loop
      vertex 5.100000e+02 3.000000e+02 0.000000e+00
      vertex 6.048349e+01 8.167960e+01 0.000000e+00
      vertex 6.076668e+01 8.115989e+01 0.000000e+00
    endloop
  endfacet
  facet normal -8.780961e-01 -4.784844e-01 -9.074654e-05
    outer loop
      vertex 6.049077e+01 8.166964e+01 -1.800000e+01
      vertex 6.076668e+01 8.115989e+01 0.000000e+00
      vertex 6.048349e+01 8.167960e+01 0.000000e+00
    endloop
  endfacet
  facet normal -8.799496e-01 -4.750671e-01 3.443996e-05
    outer loop
      vertex 6.076911e+01 8.115409e+01 -1.800000e+01
      vertex 6.076668e+01 8.115989e+01 0.000000e+00
      vertex 6.049077e+01 8.166964e+01 -1.800000e+01
    endloop
  endfacet
  facet normal 0.000000e+00 0.000000e+00 1.000000e+00
    outer loop
      vertex 5.100000e+02 3.000000e+02 0.000000e+00
      vertex 6.010788e+01 8.213460e+01 0.000000e+00
      vertex 6.048349e+01 8.167960e+01 0.000000e+00
    endloop
  endfacet
  facet normal -7.711808e-01 -6.366162e-01 -1.007406e-04
    outer loop
      vertex 6.012091e+01 8.212167e+01 -1.800000e+01
      vertex 6.048349e+01 8.167960e+01 0.000000e+00
      vertex 6.010788e+01 8.213460e+01 0.000000e+00
    endloop
  endfacet
  facet normal -7.739347e-01 -6.332654e-01 3.702324e-05
    outer loop
      vertex 6.049077e+01 8.166964e+01 -1.800000e+01
      vertex 6.048349e+01 8.167960e+01 0.000000e+00
      vertex 6.012091e+01 8.212167e+01 -1.800000e+01
    endloop
  endfacet
  facet normal 0.000000e+00 0.000000e+00 1.000000e+00
    outer loop
      vertex 5.100000e+02 3.000000e+02 0.000000e+00
      vertex 5.965210e+01 8.250268e+01 0.000000e+00
      vertex 6.010788e+01 8.213460e+01 0.000000e+00
    endloop
  endfacet
  facet normal -6.282851e-01 -7.779832e-01 -1.164800e-04
    outer loop
      vertex 5.967048e+01 8.249053e+01 -1.800000e+01
      vertex 6.010788e+01 8.213460e+01 0.000000e+00
      vertex 5.965210e+01 8.250268e+01 0.000000e+00
    endloop
  endfacet
  facet normal -6.335789e-01 -7.736781e-01 9.729010e-05
    outer loop
      vertex 6.012091e+01 8.212167e+01 -1.800000e+01
      vertex 6.010788e+01 8.213460e+01 0.000000e+00
      vertex 5.967048e+01 8.249053e+01 -1.800000e+01
    endloop
  endfacet
  facet normal 0.000000e+00 0.000000e+00 1.000000e+00
    outer loop
      vertex 5.100000e+02 3.000000e+02 0.000000e+00
      vertex 5.913529e+01 8.277681e+01 0.000000e+00
      vertex 5.965210e+01 8.250268e+01 0.000000e+00
    endloop
  endfacet
  facet normal -4.685878e-01 -8.834169e-01 -1.294837e-04
    outer loop
      vertex 5.915781e+01 8.276750e+01 -1.800000e+01
      vertex 5.965210e+01 8.250268e+01 0.000000e+00
      vertex 5.913529e+01 8.277681e+01 0.000000e+00
    endloop
  endfacet
  facet normal -4.753198e-01 -8.798131e-01 1.084024e-04
    outer loop
      vertex 5.967048e+01 8.249053e+01 -1.800000e+01
      vertex 5.965210e+01 8.250268e+01 0.000000e+00
      vertex 5.915781e+01 8.276750e+01 -1.800000e+01
    endloop
  endfacet
  facet normal 0.000000e+00 0.000000e+00 1.000000e+00
    outer loop
      vertex 5.100000e+02 3.000000e+02 0.000000e+00
      vertex 5.857262e+01 8.294301e+01 0.000000e+00
      vertex 5.913529e+01 8.277681e+01 0.000000e+00
    endloop
  endfacet
  facet normal -2.832902e-01 -9.590342e-01 -1.051917e-04
    outer loop
      vertex 5.859627e+01 8.293801e+01 -1.800000e+01
      vertex 5.913529e+01 8.277681e+01 0.000000e+00
      vertex 5.857262e+01 8.294301e+01 0.000000e+00
    endloop
  endfacet
  facet normal -2.905373e-01 -9.568637e-01 1.312680e-04
    outer loop
      vertex 5.915781e+01 8.276750e+01 -1.800000e+01
      vertex 5.913529e+01 8.277681e+01 0.000000e+00
      vertex 5.859627e+01 8.293801e+01 -1.800000e+01
    endloop
  endfacet
  facet normal 0.000000e+00 0.000000e+00 1.000000e+00
    outer loop
      vertex 5.100000e+02 3.000000e+02 0.000000e+00
      vertex 5.798827e+01 8.299990e+01 0.000000e+00
      vertex 5.857262e+01 8.294301e+01 0.000000e+00
    endloop
  endfacet
  facet normal -9.688191e-02 -9.952959e-01 -1.262552e-04
    outer loop
      vertex 5.801173e+01 8.299990e+01 -1.800000e+01
      vertex 5.857262e+01 8.294301e+01 0.000000e+00
      vertex 5.798827e+01 8.299990e+01 0.000000e+00
    endloop
  endfacet
  facet normal -1.052900e-01 -9.944415e-01 1.384479e-04
    outer loop
      vertex 5.859627e+01 8.293801e+01 -1.800000e+01
      vertex 5.857262e+01 8.294301e+01 0.000000e+00
      vertex 5.801173e+01 8.299990e+01 -1.800000e+01
    endloop
  endfacet
  facet normal 0.000000e+00 0.000000e+00 1.000000e+00
    outer loop
      vertex -7.542800e+01 7.947795e+01 0.000000e+00
      vertex 5.740373e+01 8.293801e+01 0.000000e+00
      vertex 5.798827e+01 8.299990e+01 0.000000e+00
    endloop
  endfacet
  facet normal 1.052900e-01 -9.944415e-01 -1.384479e-04
    outer loop
      vertex 5.742738e+01 8.294301e+01 -1.800000e+01
      vertex 5.798827e+01 8.299990e+01 0.000000e+00
      vertex 5.740373e+01 8.293801e+01 0.000000e+00
    endloop
  endfacet
  facet normal 0.000000e+00 0.000000e+00 1.000000e+00
    outer loop
      vertex 5.100000e+02 3.000000e+02 0.000000e+00
      vertex -7.542800e+01 7.947795e+01 0.000000e+00
      vertex 5.798827e+01 8.299990e+01 0.000000e+00
    endloop
  endfacet
  facet normal 9.688191e-02 -9.952959e-01 1.262552e-04
    outer loop
      vertex 5.801173e+01 8.299990e+01 -1.800000e+01
      vertex 5.798827e+01 8.299990e+01 0.000000e+00
      vertex 5.742738e+01 8.294301e+01 -1.800000e+01
    endloop
  endfacet
  facet normal 0.000000e+00 0.000000e+00 1.000000e+00
    outer loop
      vertex -7.542800e+01 7.947795e+01 0.000000e+00
      vertex 5.684219e+01 8.276750e+01 0.000000e+00
      vertex 5.740373e+01 8.293801e+01 0.000000e+00
    endloop
  endfacet
  facet normal 2.905373e-01 -9.568637e-01 -1.312680e-04
    outer loop
      vertex 5.686471e+01 8.277681e+01 -1.800000e+01
      vertex 5.740373e+01 8.293801e+01 0.000000e+00
      vertex 5.684219e+01 8.276750e+01 0.000000e+00
    endloop
  endfacet
  facet normal 2.832902e-01 -9.590342e-01 1.051917e-04
    outer loop
      vertex 5.742738e+01 8.294301e+01 -1.800000e+01
      vertex 5.740373e+01 8.293801e+01 0.000000e+00
      vertex 5.686471e+01 8.277681e+01 -1.800000e+01
    endloop
  endfacet
  facet normal 0.000000e+00 0.000000e+00 1.000000e+00
    outer loop
      vertex -7.542800e+01 7.947795e+01 0.000000e+00
      vertex 5.632952e+01 8.249053e+01 0.000000e+00
      vertex 5.684219e+01 8.276750e+01 0.000000e+00
    endloop
  endfacet
  facet normal 4.753198e-01 -8.798131e-01 -1.084024e-04
    outer loop
      vertex 5.634790e+01 8.250268e+01 -1.800000e+01
      vertex 5.684219e+01 8.276750e+01 0.000000e+00
      vertex 5.632952e+01 8.249053e+01 0.000000e+00
    endloop
  endfacet
  facet normal 4.685878e-01 -8.834169e-01 1.294837e-04
    outer loop
      vertex 5.686471e+01 8.277681e+01 -1.800000e+01
      vertex 5.684219e+01 8.276750e+01 0.000000e+00
      vertex 5.634790e+01 8.250268e+01 -1.800000e+01
    endloop
  endfacet
  facet normal 0.000000e+00 0.000000e+00 1.000000e+00
    outer loop
      vertex -7.542800e+01 7.947795e+01 0.000000e+00
      vertex 5.587909e+01 8.212167e+01 0.000000e+00
      vertex 5.632952e+01 8.249053e+01 0.000000e+00
    endloop
  endfacet
  facet normal 6.335789e-01 -7.736781e-01 -9.729010e-05
    outer loop
      vertex 5.589212e+01 8.213460e+01 -1.800000e+01
      vertex 5.632952e+01 8.249053e+01 0.000000e+00
      vertex 5.587909e+01 8.212167e+01 0.000000e+00
    endloop
  endfacet
  facet normal 6.282851e-01 -7.779832e-01 1.164800e-04
    outer loop
      vertex 5.634790e+01 8.250268e+01 -1.800000e+01
      vertex 5.632952e+01 8.249053e+01 0.000000e+00
      vertex 5.589212e+01 8.213460e+01 -1.800000e+01
    endloop
  endfacet
  facet normal 0.000000e+00 0.000000e+00 1.000000e+00
    outer loop
      vertex -7.542800e+01 7.947795e+01 0.000000e+00
      vertex 5.550923e+01 8.166964e+01 0.000000e+00
      vertex 5.587909e+01 8.212167e+01 0.000000e+00
    endloop
  endfacet
  facet normal 7.739347e-01 -6.332654e-01 -3.702324e-05
    outer loop
      vertex 5.551651e+01 8.167960e+01 -1.800000e+01
      vertex 5.587909e+01 8.212167e+01 0.000000e+00
      vertex 5.550923e+01 8.166964e+01 0.000000e+00
    endloop
  endfacet
  facet normal 7.711808e-01 -6.366162e-01 1.007406e-04
    outer loop
      vertex 5.589212e+01 8.213460e+01 -1.800000e+01
      vertex 5.587909e+01 8.212167e+01 0.000000e+00
      vertex 5.551651e+01 8.167960e+01 -1.800000e+01
    endloop
  endfacet
  facet normal 0.000000e+00 0.000000e+00 1.000000e+00
    outer loop
      vertex -7.542800e+01 7.947795e+01 0.000000e+00
      vertex 5.523089e+01 8.115409e+01 0.000000e+00
      vertex 5.550923e+01 8.166964e+01 0.000000e+00
    endloop
  endfacet
  facet normal 8.799496e-01 -4.750671e-01 -3.443996e-05
    outer loop
      vertex 5.523332e+01 8.115989e+01 -1.800000e+01
      vertex 5.550923e+01 8.166964e+01 0.000000e+00
      vertex 5.523089e+01 8.115409e+01 0.000000e+00
    endloop
  endfacet
  facet normal 8.780961e-01 -4.784844e-01 9.074654e-05
    outer loop
      vertex 5.551651e+01 8.167960e+01 -1.800000e+01
      vertex 5.550923e+01 8.166964e+01 0.000000e+00
      vertex 5.523332e+01 8.115989e+01 -1.800000e+01
    endloop
  endfacet
  facet normal 0.000000e+00 0.000000e+00 1.000000e+00
    outer loop
      vertex -7.542800e+01 7.947795e+01 0.000000e+00
      vertex 5.506328e+01 8.060036e+01 0.000000e+00
      vertex 5.523089e+01 8.115409e+01 0.000000e+00
    endloop
  endfacet
  facet normal 9.571146e-01 -2.897095e-01 -3.375965e-05
    outer loop
      vertex 5.506348e+01 8.060310e+01 -1.800000e+01
      vertex 5.523089e+01 8.115409e+01 0.000000e+00
      vertex 5.506328e+01 8.060036e+01 0.000000e+00
    endloop
  endfacet
  facet normal 9.564899e-01 -2.917656e-01 3.498771e-05
    outer loop
      vertex 5.523332e+01 8.115989e+01 -1.800000e+01
      vertex 5.523089e+01 8.115409e+01 0.000000e+00
      vertex 5.506348e+01 8.060310e+01 -1.800000e+01
    endloop
  endfacet
  facet normal 0.000000e+00 0.000000e+00 1.000000e+00
    outer loop
      vertex -7.460732e+01 7.948142e+01 0.000000e+00
      vertex 5.500000e+01 8.000000e+01 0.000000e+00
      vertex 5.506328e+01 8.060036e+01 0.000000e+00
    endloop
  endfacet
  facet normal 9.944906e-01 -1.048259e-01 -5.251702e-06
    outer loop
      vertex 5.506348e+01 8.060310e+01 -1.800000e+01
      vertex 5.506328e+01 8.060036e+01 0.000000e+00
      vertex 5.500000e+01 8.000000e+01 0.000000e+00
    endloop
  endfacet
  facet normal 0.000000e+00 0.000000e+00 1.000000e+00
    outer loop
      vertex -7.542800e+01 7.947795e+01 0.000000e+00
      vertex -7.460732e+01 7.948142e+01 0.000000e+00
      vertex 5.506328e+01 8.060036e+01 0.000000e+00
    endloop
  endfacet
  facet normal 0.000000e+00 0.000000e+00 1.000000e+00
    outer loop
      vertex -7.460732e+01 7.948142e+01 0.000000e+00
      vertex 5.506348e+01 7.939690e+01 0.000000e+00
      vertex 5.500000e+01 8.000000e+01 0.000000e+00
    endloop
  endfacet
  facet normal 9.945069e-01 1.046708e-01 0.000000e+00
    outer loop
      vertex 5.500000e+01 8.000000e+01 -1.800000e+01
      vertex 5.500000e+01 8.000000e+01 0.000000e+00
      vertex 5.506348e+01 7.939690e+01 0.000000e+00
    endloop
  endfacet
  facet normal 9.945069e-01 -1.046708e-01 0.000000e+00
    outer loop
      vertex 5.506348e+01 8.060310e+01 -1.800000e+01
      vertex 5.500000e+01 8.000000e+01 0.000000e+00
      vertex 5.500000e+01 8.000000e+01 -1.800000e+01
    endloop
  endfacet
  facet normal 0.000000e+00 0.000000e+00 1.000000e+00
    outer loop
      vertex -7.301792e+01 7.903923e+01 0.000000e+00
      vertex 5.523332e+01 7.884011e+01 0.000000e+00
      vertex 5.506348e+01 7.939690e+01 0.000000e+00
    endloop
  endfacet
  facet normal 9.564899e-01 2.917656e-01 -3.498771e-05
    outer loop
      vertex 5.523089e+01 7.884591e+01 -1.800000e+01
      vertex 5.506348e+01 7.939690e+01 0.000000e+00
      vertex 5.523332e+01 7.884011e+01 0.000000e+00
    endloop
  endfacet
  facet normal 0.000000e+00 0.000000e+00 1.000000e+00
    outer loop
      vertex -7.378397e+01 7.933056e+01 0.000000e+00
      vertex -7.301792e+01 7.903923e+01 0.000000e+00
      vertex 5.506348e+01 7.939690e+01 0.000000e+00
    endloop
  endfacet
  facet normal 0.000000e+00 0.000000e+00 1.000000e+00
    outer loop
      vertex -7.460732e+01 7.948142e+01 0.000000e+00
      vertex -7.378397e+01 7.933056e+01 0.000000e+00
      vertex 5.506348e+01 7.939690e+01 0.000000e+00
    endloop
  endfacet
  facet normal 9.944906e-01 1.048259e-01 5.251702e-06
    outer loop
      vertex 5.506328e+01 7.939964e+01 -1.800000e+01
      vertex 5.500000e+01 8.000000e+01 -1.800000e+01
      vertex 5.506348e+01 7.939690e+01 0.000000e+00
    endloop
  endfacet
  facet normal 9.571146e-01 2.897095e-01 3.375965e-05
    outer loop
      vertex 5.506328e+01 7.939964e+01 -1.800000e+01
      vertex 5.506348e+01 7.939690e+01 0.000000e+00
      vertex 5.523089e+01 7.884591e+01 -1.800000e+01
    endloop
  endfacet
  facet normal 0.000000e+00 0.000000e+00 1.000000e+00
    outer loop
      vertex -7.230775e+01 7.860408e+01 0.000000e+00
      vertex 5.551651e+01 7.832040e+01 0.000000e+00
      vertex 5.523332e+01 7.884011e+01 0.000000e+00
    endloop
  endfacet
  facet normal 8.780961e-01 4.784844e-01 -9.074654e-05
    outer loop
      vertex 5.550923e+01 7.833036e+01 -1.800000e+01
      vertex 5.523332e+01 7.884011e+01 0.000000e+00
      vertex 5.551651e+01 7.832040e+01 0.000000e+00
    endloop
  endfacet
  facet normal 0.000000e+00 0.000000e+00 1.000000e+00
    outer loop
      vertex -7.301792e+01 7.903923e+01 0.000000e+00
      vertex -7.230775e+01 7.860408e+01 0.000000e+00
      vertex 5.523332e+01 7.884011e+01 0.000000e+00
    endloop
  endfacet
  facet normal 8.799496e-01 4.750671e-01 3.443996e-05
    outer loop
      vertex 5.523089e+01 7.884591e+01 -1.800000e+01
      vertex 5.523332e+01 7.884011e+01 0.000000e+00
      vertex 5.550923e+01 7.833036e+01 -1.800000e+01
    endloop
  endfacet
  facet normal 0.000000e+00 0.000000e+00 1.000000e+00
    outer loop
      vertex -7.169646e+01 7.805442e+01 0.000000e+00
      vertex 5.589212e+01 7.786540e+01 0.000000e+00
      vertex 5.551651e+01 7.832040e+01 0.000000e+00
    endloop
  endfacet
  facet normal 7.711808e-01 6.366162e-01 -1.007406e-04
    outer loop
      vertex 5.587909e+01 7.787833e+01 -1.800000e+01
      vertex 5.551651e+01 7.832040e+01 0.000000e+00
      vertex 5.589212e+01 7.786540e+01 0.000000e+00
    endloop
  endfacet
  facet normal 0.000000e+00 0.000000e+00 1.000000e+00
    outer loop
      vertex -7.230775e+01 7.860408e+01 0.000000e+00
      vertex -7.169646e+01 7.805442e+01 0.000000e+00
      vertex 5.551651e+01 7.832040e+01 0.000000e+00
    endloop
  endfacet
  facet normal 7.739347e-01 6.332654e-01 3.702324e-05
    outer loop
      vertex 5.550923e+01 7.833036e+01 -1.800000e+01
      vertex 5.551651e+01 7.832040e+01 0.000000e+00
      vertex 5.587909e+01 7.787833e+01 -1.800000e+01
    endloop
  endfacet
  facet normal 0.000000e+00 0.000000e+00 1.000000e+00
    outer loop
      vertex -7.118794e+01 7.738652e+01 0.000000e+00
      vertex 5.634790e+01 7.749732e+01 0.000000e+00
      vertex 5.589212e+01 7.786540e+01 0.000000e+00
    endloop
  endfacet
  facet normal 6.282851e-01 7.779832e-01 -1.164800e-04
    outer loop
      vertex 5.632952e+01 7.750947e+01 -1.800000e+01
      vertex 5.589212e+01 7.786540e+01 0.000000e+00
      vertex 5.634790e+01 7.749732e+01 0.000000e+00
    endloop
  endfacet
  facet normal 0.000000e+00 0.000000e+00 1.000000e+00
    outer loop
      vertex -7.169646e+01 7.805442e+01 0.000000e+00
      vertex -7.118794e+01 7.738652e+01 0.000000e+00
      vertex 5.589212e+01 7.786540e+01 0.000000e+00
    endloop
  endfacet
  facet normal 6.335789e-01 7.736781e-01 9.729010e-05
    outer loop
      vertex 5.587909e+01 7.787833e+01 -1.800000e+01
      vertex 5.589212e+01 7.786540e+01 0.000000e+00
      vertex 5.632952e+01 7.750947e+01 -1.800000e+01
    endloop
  endfacet
  facet normal 0.000000e+00 0.000000e+00 1.000000e+00
    outer loop
      vertex -7.118794e+01 7.738652e+01 0.000000e+00
      vertex 5.686471e+01 7.722319e+01 0.000000e+00
      vertex 5.634790e+01 7.749732e+01 0.000000e+00
    endloop
  endfacet
  facet normal 4.685878e-01 8.834169e-01 -1.294837e-04
    outer loop
      vertex 5.684219e+01 7.723250e+01 -1.800000e+01
      vertex 5.634790e+01 7.749732e+01 0.000000e+00
      vertex 5.686471e+01 7.722319e+01 0.000000e+00
    endloop
  endfacet
  facet normal 4.753198e-01 8.798131e-01 1.084024e-04
    outer loop
      vertex 5.632952e+01 7.750947e+01 -1.800000e+01
      vertex 5.634790e+01 7.749732e+01 0.000000e+00
      vertex 5.684219e+01 7.723250e+01 -1.800000e+01
    endloop
  endfacet
  facet normal 0.000000e+00 0.000000e+00 1.000000e+00
    outer loop
      vertex -7.081173e+01 7.664519e+01 0.000000e+00
      vertex 5.742738e+01 7.705699e+01 0.000000e+00
      vertex 5.686471e+01 7.722319e+01 0.000000e+00
    endloop
  endfacet
  facet normal 2.832902e-01 9.590342e-01 -1.051917e-04
    outer loop
      vertex 5.740373e+01 7.706199e+01 -1.800000e+01
      vertex 5.686471e+01 7.722319e+01 0.000000e+00
      vertex 5.742738e+01 7.705699e+01 0.000000e+00
    endloop
  endfacet
  facet normal 0.000000e+00 0.000000e+00 1.000000e+00
    outer loop
      vertex -7.118794e+01 7.738652e+01 0.000000e+00
      vertex -7.081173e+01 7.664519e+01 0.000000e+00
      vertex 5.686471e+01 7.722319e+01 0.000000e+00
    endloop
  endfacet
  facet normal 2.905373e-01 9.568637e-01 1.312680e-04
    outer loop
      vertex 5.684219e+01 7.723250e+01 -1.800000e+01
      vertex 5.686471e+01 7.722319e+01 0.000000e+00
      vertex 5.740373e+01 7.706199e+01 -1.800000e+01
    endloop
  endfacet
  facet normal 0.000000e+00 0.000000e+00 1.000000e+00
    outer loop
      vertex -7.081173e+01 7.664519e+01 0.000000e+00
      vertex 5.801173e+01 7.700010e+01 0.000000e+00
      vertex 5.742738e+01 7.705699e+01 0.000000e+00
    endloop
  endfacet
  facet normal 9.688191e-02 9.952959e-01 -1.262552e-04
    outer loop
      vertex 5.798827e+01 7.700010e+01 -1.800000e+01
      vertex 5.742738e+01 7.705699e+01 0.000000e+00
      vertex 5.801173e+01 7.700010e+01 0.000000e+00
    endloop
  endfacet
  facet normal 1.052900e-01 9.944415e-01 1.384479e-04
    outer loop
      vertex 5.740373e+01 7.706199e+01 -1.800000e+01
      vertex 5.742738e+01 7.705699e+01 0.000000e+00
      vertex 5.798827e+01 7.700010e+01 -1.800000e+01
    endloop
  endfacet
  facet normal -1.052900e-01 9.944415e-01 -1.384479e-04
    outer loop
      vertex 5.857262e+01 7.705699e+01 -1.800000e+01
      vertex 5.801173e+01 7.700010e+01 0.000000e+00
      vertex 5.859627e+01 7.706199e+01 0.000000e+00
    endloop
  endfacet
  facet normal -9.688191e-02 9.952959e-01 1.262552e-04
    outer loop
      vertex 5.798827e+01 7.700010e+01 -1.800000e+01
      vertex 5.801173e+01 7.700010e+01 0.000000e+00
      vertex 5.857262e+01 7.705699e+01 -1.800000e+01
    endloop
  endfacet
  facet normal -2.905373e-01 9.568637e-01 -1.312680e-04
    outer loop
      vertex 5.913529e+01 7.722319e+01 -1.800000e+01
      vertex 5.859627e+01 7.706199e+01 0.000000e+00
      vertex 5.915781e+01 7.723250e+01 0.000000e+00
    endloop
  endfacet
  facet normal -2.832902e-01 9.590342e-01 1.051917e-04
    outer loop
      vertex 5.857262e+01 7.705699e+01 -1.800000e+01
      vertex 5.859627e+01 7.706199e+01 0.000000e+00
      vertex 5.913529e+01 7.722319e+01 -1.800000e+01
    endloop
  endfacet
  facet normal -4.753198e-01 8.798131e-01 -1.084024e-04
    outer loop
      vertex 5.965210e+01 7.749732e+01 -1.800000e+01
      vertex 5.915781e+01 7.723250e+01 0.000000e+00
      vertex 5.967048e+01 7.750947e+01 0.000000e+00
    endloop
  endfacet
  facet normal -4.685878e-01 8.834169e-01 1.294837e-04
    outer loop
      vertex 5.913529e+01 7.722319e+01 -1.800000e+01
      vertex 5.915781e+01 7.723250e+01 0.000000e+00
      vertex 5.965210e+01 7.749732e+01 -1.800000e+01
    endloop
  endfacet
  facet normal -6.335789e-01 7.736781e-01 -9.729010e-05
    outer loop
      vertex 6.010788e+01 7.786540e+01 -1.800000e+01
      vertex 5.967048e+01 7.750947e+01 0.000000e+00
      vertex 6.012091e+01 7.787833e+01 0.000000e+00
    endloop
  endfacet
  facet normal -6.282851e-01 7.779832e-01 1.164800e-04
    outer loop
      vertex 5.965210e+01 7.749732e+01 -1.800000e+01
      vertex 5.967048e+01 7.750947e+01 0.000000e+00
      vertex 6.010788e+01 7.786540e+01 -1.800000e+01
    endloop
  endfacet
  facet normal -7.739347e-01 6.332654e-01 -3.702324e-05
    outer loop
      vertex 6.048349e+01 7.832040e+01 -1.800000e+01
      vertex 6.012091e+01 7.787833e+01 0.000000e+00
      vertex 6.049077e+01 7.833036e+01 0.000000e+00
    endloop
  endfacet
  facet normal -7.711808e-01 6.366162e-01 1.007406e-04
    outer loop
      vertex 6.010788e+01 7.786540e+01 -1.800000e+01
      vertex 6.012091e+01 7.787833e+01 0.000000e+00
      vertex 6.048349e+01 7.832040e+01 -1.800000e+01
    endloop
  endfacet
  facet normal -8.799496e-01 4.750671e-01 -3.443996e-05
    outer loop
      vertex 6.076668e+01 7.884011e+01 -1.800000e+01
      vertex 6.049077e+01 7.833036e+01 0.000000e+00
      vertex 6.076911e+01 7.884591e+01 0.000000e+00
    endloop
  endfacet
  facet normal -8.780961e-01 4.784844e-01 9.074654e-05
    outer loop
      vertex 6.048349e+01 7.832040e+01 -1.800000e+01
      vertex 6.049077e+01 7.833036e+01 0.000000e+00
      vertex 6.076668e+01 7.884011e+01 -1.800000e+01
    endloop
  endfacet
  facet normal -9.571146e-01 2.897095e-01 -3.375965e-05
    outer loop
      vertex 6.093652e+01 7.939690e+01 -1.800000e+01
      vertex 6.076911e+01 7.884591e+01 0.000000e+00
      vertex 6.093672e+01 7.939964e+01 0.000000e+00
    endloop
  endfacet
  facet normal -9.564899e-01 2.917656e-01 3.498771e-05
    outer loop
      vertex 6.076668e+01 7.884011e+01 -1.800000e+01
      vertex 6.076911e+01 7.884591e+01 0.000000e+00
      vertex 6.093652e+01 7.939690e+01 -1.800000e+01
    endloop
  endfacet
  facet normal -9.950533e-01 -9.934230e-02 0.000000e+00
    outer loop
      vertex -7.050000e+01 7.500000e+01 -1.800000e+01
      vertex -7.050000e+01 7.500000e+01 0.000000e+00
      vertex -7.058520e+01 7.585335e+01 0.000000e+00
    endloop
  endfacet
  facet normal -9.950306e-01 9.956971e-02 -1.088896e-05
    outer loop
      vertex -7.058520e+01 7.414665e+01 -1.800000e+01
      vertex -7.058501e+01 7.415050e+01 0.000000e+00
      vertex -7.050000e+01 7.500000e+01 0.000000e+00
    endloop
  endfacet
  facet normal -9.950533e-01 9.934230e-02 0.000000e+00
    outer loop
      vertex -7.058520e+01 7.414665e+01 -1.800000e+01
      vertex -7.050000e+01 7.500000e+01 0.000000e+00
      vertex -7.050000e+01 7.500000e+01 -1.800000e+01
    endloop
  endfacet
  facet normal -9.614303e-01 -2.750485e-01 -4.066926e-05
    outer loop
      vertex -7.080864e+01 7.663705e+01 -1.800000e+01
      vertex -7.058520e+01 7.585335e+01 0.000000e+00
      vertex -7.081173e+01 7.664519e+01 0.000000e+00
    endloop
  endfacet
  facet normal -9.619693e-01 -2.731574e-01 4.835752e-05
    outer loop
      vertex -7.058501e+01 7.584950e+01 -1.800000e+01
      vertex -7.058520e+01 7.585335e+01 0.000000e+00
      vertex -7.080864e+01 7.663705e+01 -1.800000e+01
    endloop
  endfacet
  facet normal -9.950306e-01 -9.956971e-02 1.088896e-05
    outer loop
      vertex -7.050000e+01 7.500000e+01 -1.800000e+01
      vertex -7.058520e+01 7.585335e+01 0.000000e+00
      vertex -7.058501e+01 7.584950e+01 -1.800000e+01
    endloop
  endfacet
  facet normal -8.917404e-01 -4.525473e-01 -1.193746e-04
    outer loop
      vertex -7.117855e+01 7.737275e+01 -1.800000e+01
      vertex -7.081173e+01 7.664519e+01 0.000000e+00
      vertex -7.118794e+01 7.738652e+01 0.000000e+00
    endloop
  endfacet
  facet normal -8.934249e-01 -4.492125e-01 4.974836e-05
    outer loop
      vertex -7.080864e+01 7.663705e+01 -1.800000e+01
      vertex -7.081173e+01 7.664519e+01 0.000000e+00
      vertex -7.117855e+01 7.737275e+01 -1.800000e+01
    endloop
  endfacet
  facet normal -7.956379e-01 -6.057725e-01 -1.461520e-04
    outer loop
      vertex -7.167879e+01 7.803556e+01 -1.800000e+01
      vertex -7.118794e+01 7.738652e+01 0.000000e+00
      vertex -7.169646e+01 7.805442e+01 0.000000e+00
    endloop
  endfacet
  facet normal -7.981805e-01 -6.024184e-01 4.412140e-05
    outer loop
      vertex -7.117855e+01 7.737275e+01 -1.800000e+01
      vertex -7.118794e+01 7.738652e+01 0.000000e+00
      vertex -7.167879e+01 7.803556e+01 -1.800000e+01
    endloop
  endfacet
  facet normal -6.686201e-01 -7.436041e-01 -1.508143e-04
    outer loop
      vertex -7.228255e+01 7.858506e+01 -1.800000e+01
      vertex -7.169646e+01 7.805442e+01 0.000000e+00
      vertex -7.230775e+01 7.860408e+01 0.000000e+00
    endloop
  endfacet
  facet normal -6.730969e-01 -7.395543e-01 1.143378e-04
    outer loop
      vertex -7.167879e+01 7.803556e+01 -1.800000e+01
      vertex -7.169646e+01 7.805442e+01 0.000000e+00
      vertex -7.228255e+01 7.858506e+01 -1.800000e+01
    endloop
  endfacet
  facet normal -5.224692e-01 -8.526581e-01 -1.897711e-04
    outer loop
      vertex -7.298586e+01 7.902359e+01 -1.800000e+01
      vertex -7.230775e+01 7.860408e+01 0.000000e+00
      vertex -7.301792e+01 7.903923e+01 0.000000e+00
    endloop
  endfacet
  facet normal -5.290973e-01 -8.485611e-01 1.554146e-04
    outer loop
      vertex -7.228255e+01 7.858506e+01 -1.800000e+01
      vertex -7.230775e+01 7.860408e+01 0.000000e+00
      vertex -7.298586e+01 7.902359e+01 -1.800000e+01
    endloop
  endfacet
  facet normal -3.554609e-01 -9.346911e-01 -1.513522e-04
    outer loop
      vertex -7.374875e+01 7.932008e+01 -1.800000e+01
      vertex -7.301792e+01 7.903923e+01 0.000000e+00
      vertex -7.378397e+01 7.933056e+01 0.000000e+00
    endloop
  endfacet
  facet normal -3.622408e-01 -9.320845e-01 1.645945e-04
    outer loop
      vertex -7.298586e+01 7.902359e+01 -1.800000e+01
      vertex -7.301792e+01 7.903923e+01 0.000000e+00
      vertex -7.374875e+01 7.932008e+01 -1.800000e+01
    endloop
  endfacet
  facet normal -1.802259e-01 -9.836252e-01 -1.642725e-04
    outer loop
      vertex -7.457200e+01 7.947795e+01 -1.800000e+01
      vertex -7.378397e+01 7.933056e+01 0.000000e+00
      vertex -7.460732e+01 7.948142e+01 0.000000e+00
    endloop
  endfacet
  facet normal -1.883369e-01 -9.821045e-01 2.032718e-04
    outer loop
      vertex -7.374875e+01 7.932008e+01 -1.800000e+01
      vertex -7.378397e+01 7.933056e+01 0.000000e+00
      vertex -7.457200e+01 7.947795e+01 -1.800000e+01
    endloop
  endfacet
  facet normal 4.222734e-03 -9.999911e-01 -1.842421e-04
    outer loop
      vertex -7.539268e+01 7.948142e+01 -1.800000e+01
      vertex -7.460732e+01 7.948142e+01 0.000000e+00
      vertex -7.542800e+01 7.947795e+01 0.000000e+00
    endloop
  endfacet
  facet normal -4.222734e-03 -9.999911e-01 1.842421e-04
    outer loop
      vertex -7.457200e+01 7.947795e+01 -1.800000e+01
      vertex -7.460732e+01 7.948142e+01 0.000000e+00
      vertex -7.539268e+01 7.948142e+01 -1.800000e+01
    endloop
  endfacet
  facet normal 0.000000e+00 0.000000e+00 1.000000e+00
    outer loop
      vertex 5.100000e+02 3.000000e+02 0.000000e+00
      vertex -7.625125e+01 7.932008e+01 0.000000e+00
      vertex -7.542800e+01 7.947795e+01 0.000000e+00
    endloop
  endfacet
  facet normal 1.883369e-01 -9.821045e-01 -2.032718e-04
    outer loop
      vertex -7.621603e+01 7.933056e+01 -1.800000e+01
      vertex -7.542800e+01 7.947795e+01 0.000000e+00
      vertex -7.625125e+01 7.932008e+01 0.000000e+00
    endloop
  endfacet
  facet normal 1.802259e-01 -9.836252e-01 1.642725e-04
    outer loop
      vertex -7.539268e+01 7.948142e+01 -1.800000e+01
      vertex -7.542800e+01 7.947795e+01 0.000000e+00
      vertex -7.621603e+01 7.933056e+01 -1.800000e+01
    endloop
  endfacet
  facet normal 0.000000e+00 0.000000e+00 1.000000e+00
    outer loop
      vertex -9.000000e+01 3.000000e+02 0.000000e+00
      vertex -7.701414e+01 7.902359e+01 0.000000e+00
      vertex -7.625125e+01 7.932008e+01 0.000000e+00
    endloop
  endfacet
  facet normal 3.622408e-01 -9.320845e-01 -1.645945e-04
    outer loop
      vertex -7.698208e+01 7.903923e+01 -1.800000e+01
      vertex -7.625125e+01 7.932008e+01 0.000000e+00
      vertex -7.701414e+01 7.902359e+01 0.000000e+00
    endloop
  endfacet
  facet normal 0.000000e+00 0.000000e+00 1.000000e+00
    outer loop
      vertex 5.100000e+02 3.000000e+02 0.000000e+00
      vertex -9.000000e+01 3.000000e+02 0.000000e+00
      vertex -7.625125e+01 7.932008e+01 0.000000e+00
    endloop
  endfacet
  facet normal 3.554609e-01 -9.346911e-01 1.513522e-04
    outer loop
      vertex -7.621603e+01 7.933056e+01 -1.800000e+01
      vertex -7.625125e+01 7.932008e+01 0.000000e+00
      vertex -7.698208e+01 7.903923e+01 -1.800000e+01
    endloop
  endfacet
  facet normal 0.000000e+00 0.000000e+00 1.000000e+00
    outer loop
      vertex -9.000000e+01 3.000000e+02 0.000000e+00
      vertex -7.771745e+01 7.858506e+01 0.000000e+00
      vertex -7.701414e+01 7.902359e+01 0.000000e+00
    endloop
  endfacet
  facet normal 5.290973e-01 -8.485611e-01 -1.554146e-04
    outer loop
      vertex -7.769225e+01 7.860408e+01 -1.800000e+01
      vertex -7.701414e+01 7.902359e+01 0.000000e+00
      vertex -7.771745e+01 7.858506e+01 0.000000e+00
    endloop
  endfacet
  facet normal 5.224692e-01 -8.526581e-01 1.897711e-04
    outer loop
      vertex -7.698208e+01 7.903923e+01 -1.800000e+01
      vertex -7.701414e+01 7.902359e+01 0.000000e+00
      vertex -7.769225e+01 7.860408e+01 -1.800000e+01
    endloop
  endfacet
  facet normal 0.000000e+00 0.000000e+00 1.000000e+00
    outer loop
      vertex -9.000000e+01 3.000000e+02 0.000000e+00
      vertex -7.832121e+01 7.803556e+01 0.000000e+00
      vertex -7.771745e+01 7.858506e+01 0.000000e+00
    endloop
  endfacet
  facet normal 6.730969e-01 -7.395543e-01 -1.143378e-04
    outer loop
      vertex -7.830354e+01 7.805442e+01 -1.800000e+01
      vertex -7.771745e+01 7.858506e+01 0.000000e+00
      vertex -7.832121e+01 7.803556e+01 0.000000e+00
    endloop
  endfacet
  facet normal 6.686201e-01 -7.436041e-01 1.508143e-04
    outer loop
      vertex -7.769225e+01 7.860408e+01 -1.800000e+01
      vertex -7.771745e+01 7.858506e+01 0.000000e+00
      vertex -7.830354e+01 7.805442e+01 -1.800000e+01
    endloop
  endfacet
  facet normal 0.000000e+00 0.000000e+00 1.000000e+00
    outer loop
      vertex -9.000000e+01 3.000000e+02 0.000000e+00
      vertex -7.882145e+01 7.737275e+01 0.000000e+00
      vertex -7.832121e+01 7.803556e+01 0.000000e+00
    endloop
  endfacet
  facet normal 7.981805e-01 -6.024184e-01 -4.412140e-05
    outer loop
      vertex -7.881206e+01 7.738652e+01 -1.800000e+01
      vertex -7.832121e+01 7.803556e+01 0.000000e+00
      vertex -7.882145e+01 7.737275e+01 0.000000e+00
    endloop
  endfacet
  facet normal 7.956379e-01 -6.057725e-01 1.461520e-04
    outer loop
      vertex -7.830354e+01 7.805442e+01 -1.800000e+01
      vertex -7.832121e+01 7.803556e+01 0.000000e+00
      vertex -7.881206e+01 7.738652e+01 -1.800000e+01
    endloop
  endfacet
  facet normal 0.000000e+00 0.000000e+00 1.000000e+00
    outer loop
      vertex -9.000000e+01 3.000000e+02 0.000000e+00
      vertex -7.919136e+01 7.663705e+01 0.000000e+00
      vertex -7.882145e+01 7.737275e+01 0.000000e+00
    endloop
  endfacet
  facet normal 8.934249e-01 -4.492125e-01 -4.974836e-05
    outer loop
      vertex -7.918827e+01 7.664519e+01 -1.800000e+01
      vertex -7.882145e+01 7.737275e+01 0.000000e+00
      vertex -7.919136e+01 7.663705e+01 0.000000e+00
    endloop
  endfacet
  facet normal 8.917404e-01 -4.525473e-01 1.193746e-04
    outer loop
      vertex -7.881206e+01 7.738652e+01 -1.800000e+01
      vertex -7.882145e+01 7.737275e+01 0.000000e+00
      vertex -7.918827e+01 7.664519e+01 -1.800000e+01
    endloop
  endfacet
  facet normal 0.000000e+00 0.000000e+00 1.000000e+00
    outer loop
      vertex -9.000000e+01 3.000000e+02 0.000000e+00
      vertex -7.941499e+01 7.584950e+01 0.000000e+00
      vertex -7.919136e+01 7.663705e+01 0.000000e+00
    endloop
  endfacet
  facet normal 9.619693e-01 -2.731574e-01 -4.835752e-05
    outer loop
      vertex -7.941480e+01 7.585335e+01 -1.800000e+01
      vertex -7.919136e+01 7.663705e+01 0.000000e+00
      vertex -7.941499e+01 7.584950e+01 0.000000e+00
    endloop
  endfacet
  facet normal 9.614303e-01 -2.750485e-01 4.066926e-05
    outer loop
      vertex -7.918827e+01 7.664519e+01 -1.800000e+01
      vertex -7.919136e+01 7.663705e+01 0.000000e+00
      vertex -7.941480e+01 7.585335e+01 -1.800000e+01
    endloop
  endfacet
  facet normal 0.000000e+00 0.000000e+00 1.000000e+00
    outer loop
      vertex -9.000000e+01 3.000000e+02 0.000000e+00
      vertex -7.950000e+01 7.500000e+01 0.000000e+00
      vertex -7.941499e+01 7.584950e+01 0.000000e+00
    endloop
  endfacet
  facet normal 9.950306e-01 -9.956971e-02 -1.088896e-05
    outer loop
      vertex -7.941480e+01 7.585335e+01 -1.800000e+01
      vertex -7.941499e+01 7.584950e+01 0.000000e+00
      vertex -7.950000e+01 7.500000e+01 0.000000e+00
    endloop
  endfacet
  facet normal 0.000000e+00 0.000000e+00 1.000000e+00
    outer loop
      vertex -9.000000e+01 -3.000000e+02 0.000000e+00
      vertex -7.941480e+01 7.414665e+01 0.000000e+00
      vertex -7.950000e+01 7.500000e+01 0.000000e+00
    endloop
  endfacet
  facet normal 9.950533e-01 9.934230e-02 0.000000e+00
    outer loop
      vertex -7.950000e+01 7.500000e+01 -1.800000e+01
      vertex -7.950000e+01 7.500000e+01 0.000000e+00
      vertex -7.941480e+01 7.414665e+01 0.000000e+00
    endloop
  endfacet
  facet normal 0.000000e+00 0.000000e+00 1.000000e+00
    outer loop
      vertex -9.000000e+01 3.000000e+02 0.000000e+00
      vertex -9.000000e+01 -3.000000e+02 0.000000e+00
      vertex -7.950000e+01 7.500000e+01 0.000000e+00
    endloop
  endfacet
  facet normal 9.950533e-01 -9.934230e-02 0.000000e+00
    outer loop
      vertex -7.941480e+01 7.585335e+01 -1.800000e+01
      vertex -7.950000e+01 7.500000e+01 0.000000e+00
      vertex -7.950000e+01 7.500000e+01 -1.800000e+01
    endloop
  endfacet
  facet normal 0.000000e+00 0.000000e+00 1.000000e+00
    outer loop
      vertex -9.000000e+01 -3.000000e+02 0.000000e+00
      vertex -7.918827e+01 7.335481e+01 0.000000e+00
      vertex -7.941480e+01 7.414665e+01 0.000000e+00
    endloop
  endfacet
  facet normal 9.614303e-01 2.750485e-01 -4.066926e-05
    outer loop
      vertex -7.919136e+01 7.336295e+01 -1.800000e+01
      vertex -7.941480e+01 7.414665e+01 0.000000e+00
      vertex -7.918827e+01 7.335481e+01 0.000000e+00
    endloop
  endfacet
  facet normal 9.950306e-01 9.956971e-02 1.088896e-05
    outer loop
      vertex -7.941499e+01 7.415050e+01 -1.800000e+01
      vertex -7.950000e+01 7.500000e+01 -1.800000e+01
      vertex -7.941480e+01 7.414665e+01 0.000000e+00
    endloop
  endfacet
  facet normal 9.619693e-01 2.731574e-01 4.835752e-05
    outer loop
      vertex -7.941499e+01 7.415050e+01 -1.800000e+01
      vertex -7.941480e+01 7.414665e+01 0.000000e+00
      vertex -7.919136e+01 7.336295e+01 -1.800000e+01
    endloop
  endfacet
  facet normal 0.000000e+00 0.000000e+00 1.000000e+00
    outer loop
      vertex -9.000000e+01 -3.000000e+02 0.000000e+00
      vertex -7.881206e+01 7.261348e+01 0.000000e+00
      vertex -7.918827e+01 7.335481e+01 0.000000e+00
    endloop
  endfacet
  facet normal 8.917404e-01 4.525473e-01 -1.193746e-04
    outer loop
      vertex -7.882145e+01 7.262725e+01 -1.800000e+01
      vertex -7.918827e+01 7.335481e+01 0.000000e+00
      vertex -7.881206e+01 7.261348e+01 0.000000e+00
    endloop
  endfacet
  facet normal 8.934249e-01 4.492125e-01 4.974836e-05
    outer loop
      vertex -7.919136e+01 7.336295e+01 -1.800000e+01
      vertex -7.918827e+01 7.335481e+01 0.000000e+00
      vertex -7.882145e+01 7.262725e+01 -1.800000e+01
    endloop
  endfacet
  facet normal 0.000000e+00 0.000000e+00 1.000000e+00
    outer loop
      vertex -9.000000e+01 -3.000000e+02 0.000000e+00
      vertex -7.830354e+01 7.194558e+01 0.000000e+00
      vertex -7.881206e+01 7.261348e+01 0.000000e+00
    endloop
  endfacet
  facet normal 7.956379e-01 6.057725e-01 -1.461520e-04
    outer loop
      vertex -7.832121e+01 7.196444e+01 -1.800000e+01
      vertex -7.881206e+01 7.261348e+01 0.000000e+00
      vertex -7.830354e+01 7.194558e+01 0.000000e+00
    endloop
  endfacet
  facet normal 7.981805e-01 6.024184e-01 4.412140e-05
    outer loop
      vertex -7.882145e+01 7.262725e+01 -1.800000e+01
      vertex -7.881206e+01 7.261348e+01 0.000000e+00
      vertex -7.832121e+01 7.196444e+01 -1.800000e+01
    endloop
  endfacet
  facet normal 0.000000e+00 0.000000e+00 1.000000e+00
    outer loop
      vertex -9.000000e+01 -3.000000e+02 0.000000e+00
      vertex -7.769225e+01 7.139592e+01 0.000000e+00
      vertex -7.830354e+01 7.194558e+01 0.000000e+00
    endloop
  endfacet
  facet normal 6.686201e-01 7.436041e-01 -1.508143e-04
    outer loop
      vertex -7.771745e+01 7.141494e+01 -1.800000e+01
      vertex -7.830354e+01 7.194558e+01 0.000000e+00
      vertex -7.769225e+01 7.139592e+01 0.000000e+00
    endloop
  endfacet
  facet normal 6.730969e-01 7.395543e-01 1.143378e-04
    outer loop
      vertex -7.832121e+01 7.196444e+01 -1.800000e+01
      vertex -7.830354e+01 7.194558e+01 0.000000e+00
      vertex -7.771745e+01 7.141494e+01 -1.800000e+01
    endloop
  endfacet
  facet normal 0.000000e+00 0.000000e+00 1.000000e+00
    outer loop
      vertex -9.000000e+01 -3.000000e+02 0.000000e+00
      vertex -7.698208e+01 7.096077e+01 0.000000e+00
      vertex -7.769225e+01 7.139592e+01 0.000000e+00
    endloop
  endfacet
  facet normal 5.224692e-01 8.526581e-01 -1.897711e-04
    outer loop
      vertex -7.701414e+01 7.097641e+01 -1.800000e+01
      vertex -7.769225e+01 7.139592e+01 0.000000e+00
      vertex -7.698208e+01 7.096077e+01 0.000000e+00
    endloop
  endfacet
  facet normal 5.290973e-01 8.485611e-01 1.554146e-04
    outer loop
      vertex -7.771745e+01 7.141494e+01 -1.800000e+01
      vertex -7.769225e+01 7.139592e+01 0.000000e+00
      vertex -7.701414e+01 7.097641e+01 -1.800000e+01
    endloop
  endfacet
  facet normal 0.000000e+00 0.000000e+00 1.000000e+00
    outer loop
      vertex -9.000000e+01 -3.000000e+02 0.000000e+00
      vertex -7.621603e+01 7.066944e+01 0.000000e+00
      vertex -7.698208e+01 7.096077e+01 0.000000e+00
    endloop
  endfacet
  facet normal 3.554609e-01 9.346911e-01 -1.513522e-04
    outer loop
      vertex -7.625125e+01 7.067992e+01 -1.800000e+01
      vertex -7.698208e+01 7.096077e+01 0.000000e+00
      vertex -7.621603e+01 7.066944e+01 0.000000e+00
    endloop
  endfacet
  facet normal 3.622408e-01 9.320845e-01 1.645945e-04
    outer loop
      vertex -7.701414e+01 7.097641e+01 -1.800000e+01
      vertex -7.698208e+01 7.096077e+01 0.000000e+00
      vertex -7.625125e+01 7.067992e+01 -1.800000e+01
    endloop
  endfacet
  facet normal 0.000000e+00 0.000000e+00 1.000000e+00
    outer loop
      vertex -9.000000e+01 -3.000000e+02 0.000000e+00
      vertex -7.539268e+01 7.051858e+01 0.000000e+00
      vertex -7.621603e+01 7.066944e+01 0.000000e+00
    endloop
  endfacet
  facet normal 1.802259e-01 9.836252e-01 -1.642725e-04
    outer loop
      vertex -7.542800e+01 7.052205e+01 -1.800000e+01
      vertex -7.621603e+01 7.066944e+01 0.000000e+00
      vertex -7.539268e+01 7.051858e+01 0.000000e+00
    endloop
  endfacet
  facet normal 1.883369e-01 9.821045e-01 2.032718e-04
    outer loop
      vertex -7.625125e+01 7.067992e+01 -1.800000e+01
      vertex -7.621603e+01 7.066944e+01 0.000000e+00
      vertex -7.542800e+01 7.052205e+01 -1.800000e+01
    endloop
  endfacet
  facet normal -4.222734e-03 9.999911e-01 -1.842421e-04
    outer loop
      vertex -7.460732e+01 7.051858e+01 -1.800000e+01
      vertex -7.539268e+01 7.051858e+01 0.000000e+00
      vertex -7.457200e+01 7.052205e+01 0.000000e+00
    endloop
  endfacet
  facet normal 4.222734e-03 9.999911e-01 1.842421e-04
    outer loop
      vertex -7.542800e+01 7.052205e+01 -1.800000e+01
      vertex -7.539268e+01 7.051858e+01 0.000000e+00
      vertex -7.460732e+01 7.051858e+01 -1.800000e+01
    endloop
  endfacet
  facet normal -1.883369e-01 9.821045e-01 -2.032718e-04
    outer loop
      vertex -7.378397e+01 7.066944e+01 -1.800000e+01
      vertex -7.457200e+01 7.052205e+01 0.000000e+00
      vertex -7.374875e+01 7.067992e+01 0.000000e+00
    endloop
  endfacet
  facet normal -1.802259e-01 9.836252e-01 1.642725e-04
    outer loop
      vertex -7.460732e+01 7.051858e+01 -1.800000e+01
      vertex -7.457200e+01 7.052205e+01 0.000000e+00
      vertex -7.378397e+01 7.066944e+01 -1.800000e+01
    endloop
  endfacet
  facet normal -3.622408e-01 9.320845e-01 -1.645945e-04
    outer loop
      vertex -7.301792e+01 7.096077e+01 -1.800000e+01
      vertex -7.374875e+01 7.067992e+01 0.000000e+00
      vertex -7.298586e+01 7.097641e+01 0.000000e+00
    endloop
  endfacet
  facet normal -3.554609e-01 9.346911e-01 1.513522e-04
    outer loop
      vertex -7.378397e+01 7.066944e+01 -1.800000e+01
      vertex -7.374875e+01 7.067992e+01 0.000000e+00
      vertex -7.301792e+01 7.096077e+01 -1.800000e+01
    endloop
  endfacet
  facet normal -5.290973e-01 8.485611e-01 -1.554146e-04
    outer loop
      vertex -7.230775e+01 7.139592e+01 -1.800000e+01
      vertex -7.298586e+01 7.097641e+01 0.000000e+00
      vertex -7.228255e+01 7.141494e+01 0.000000e+00
    endloop
  endfacet
  facet normal -5.224692e-01 8.526581e-01 1.897711e-04
    outer loop
      vertex -7.301792e+01 7.096077e+01 -1.800000e+01
      vertex -7.298586e+01 7.097641e+01 0.000000e+00
      vertex -7.230775e+01 7.139592e+01 -1.800000e+01
    endloop
  endfacet
  facet normal -6.730969e-01 7.395543e-01 -1.143378e-04
    outer loop
      vertex -7.169646e+01 7.194558e+01 -1.800000e+01
      vertex -7.228255e+01 7.141494e+01 0.000000e+00
      vertex -7.167879e+01 7.196444e+01 0.000000e+00
    endloop
  endfacet
  facet normal -6.686201e-01 7.436041e-01 1.508143e-04
    outer loop
      vertex -7.230775e+01 7.139592e+01 -1.800000e+01
      vertex -7.228255e+01 7.141494e+01 0.000000e+00
      vertex -7.169646e+01 7.194558e+01 -1.800000e+01
    endloop
  endfacet
  facet normal -7.981805e-01 6.024184e-01 -4.412140e-05
    outer loop
      vertex -7.118794e+01 7.261348e+01 -1.800000e+01
      vertex -7.167879e+01 7.196444e+01 0.000000e+00
      vertex -7.117855e+01 7.262725e+01 0.000000e+00
    endloop
  endfacet
  facet normal -7.956379e-01 6.057725e-01 1.461520e-04
    outer loop
      vertex -7.169646e+01 7.194558e+01 -1.800000e+01
      vertex -7.167879e+01 7.196444e+01 0.000000e+00
      vertex -7.118794e+01 7.261348e+01 -1.800000e+01
    endloop
  endfacet
  facet normal -8.934249e-01 4.492125e-01 -4.974836e-05
    outer loop
      vertex -7.081173e+01 7.335481e+01 -1.800000e+01
      vertex -7.117855e+01 7.262725e+01 0.000000e+00
      vertex -7.080864e+01 7.336295e+01 0.000000e+00
    endloop
  endfacet
  facet normal -8.917404e-01 4.525473e-01 1.193746e-04
    outer loop
      vertex -7.118794e+01 7.261348e+01 -1.800000e+01
      vertex -7.117855e+01 7.262725e+01 0.000000e+00
      vertex -7.081173e+01 7.335481e+01 -1.800000e+01
    endloop
  endfacet
  facet normal -9.619693e-01 2.731574e-01 -4.835752e-05
    outer loop
      vertex -7.058520e+01 7.414665e+01 -1.800000e+01
      vertex -7.080864e+01 7.336295e+01 0.000000e+00
      vertex -7.058501e+01 7.415050e+01 0.000000e+00
    endloop
  endfacet
  facet normal -9.614303e-01 2.750485e-01 4.066926e-05
    outer loop
      vertex -7.081173e+01 7.335481e+01 -1.800000e+01
      vertex -7.080864e+01 7.336295e+01 0.000000e+00
      vertex -7.058520e+01 7.414665e+01 -1.800000e+01
    endloop
  endfacet
  facet normal -9.921540e-01 -1.250217e-01 0.000000e+00
    outer loop
      vertex -5.600000e+01 -8.000000e+01 -1.800000e+01
      vertex -5.600000e+01 -8.000000e+01 0.000000e+00
      vertex -5.605883e+01 -7.953314e+01 0.000000e+00
    endloop
  endfacet
  facet normal -9.921753e-01 1.248525e-01 4.459459e-06
    outer loop
      vertex -5.605883e+01 -8.046686e+01 -1.800000e+01
      vertex -5.605842e+01 -8.046423e+01 0.000000e+00
      vertex -5.600000e+01 -8.000000e+01 0.000000e+00
    endloop
  endfacet
  facet normal -9.921540e-01 1.250217e-01 0.000000e+00
    outer loop
      vertex -5.605883e+01 -8.046686e+01 -1.800000e+01
      vertex -5.600000e+01 -8.000000e+01 0.000000e+00
      vertex -5.600000e+01 -8.000000e+01 -1.800000e+01
    endloop
  endfacet
  facet normal -9.429076e-01 -3.330543e-01 -3.669868e-05
    outer loop
      vertex -5.620411e+01 -7.911986e+01 -1.800000e+01
      vertex -5.605883e+01 -7.953314e+01 0.000000e+00
      vertex -5.620658e+01 -7.911484e+01 0.000000e+00
    endloop
  endfacet
  facet normal -9.437727e-01 -3.305950e-01 2.674858e-05
    outer loop
      vertex -5.605842e+01 -7.953577e+01 -1.800000e+01
      vertex -5.605883e+01 -7.953314e+01 0.000000e+00
      vertex -5.620411e+01 -7.911986e+01 -1.800000e+01
    endloop
  endfacet
  facet normal -9.921753e-01 -1.248525e-01 -4.459459e-06
    outer loop
      vertex -5.600000e+01 -8.000000e+01 -1.800000e+01
      vertex -5.605883e+01 -7.953314e+01 0.000000e+00
      vertex -5.605842e+01 -7.953577e+01 -1.800000e+01
    endloop
  endfacet
  facet normal -8.393057e-01 -5.436597e-01 -8.891527e-05
    outer loop
      vertex -5.644408e+01 -7.874525e+01 -1.800000e+01
      vertex -5.620658e+01 -7.911484e+01 0.000000e+00
      vertex -5.645098e+01 -7.873753e+01 0.000000e+00
    endloop
  endfacet
  facet normal -8.420503e-01 -5.393990e-01 3.478031e-05
    outer loop
      vertex -5.620411e+01 -7.911986e+01 -1.800000e+01
      vertex -5.620658e+01 -7.911484e+01 0.000000e+00
      vertex -5.644408e+01 -7.874525e+01 -1.800000e+01
    endloop
  endfacet
  facet normal -7.023081e-01 -7.118731e-01 -9.156312e-05
    outer loop
      vertex -5.675730e+01 -7.843302e+01 -1.800000e+01
      vertex -5.645098e+01 -7.873753e+01 0.000000e+00
      vertex -5.676885e+01 -7.842393e+01 0.000000e+00
    endloop
  endfacet
  facet normal -7.059853e-01 -7.082265e-01 3.270693e-05
    outer loop
      vertex -5.644408e+01 -7.874525e+01 -1.800000e+01
      vertex -5.645098e+01 -7.873753e+01 0.000000e+00
      vertex -5.675730e+01 -7.843302e+01 -1.800000e+01
    endloop
  endfacet
  facet normal -5.230195e-01 -8.523207e-01 -8.066683e-05
    outer loop
      vertex -5.713134e+01 -7.819979e+01 -1.800000e+01
      vertex -5.676885e+01 -7.842393e+01 0.000000e+00
      vertex -5.714561e+01 -7.819274e+01 0.000000e+00
    endloop
  endfacet
  facet normal -5.291000e-01 -8.485595e-01 8.861921e-05
    outer loop
      vertex -5.675730e+01 -7.843302e+01 -1.800000e+01
      vertex -5.676885e+01 -7.842393e+01 0.000000e+00
      vertex -5.713134e+01 -7.819979e+01 -1.800000e+01
    endloop
  endfacet
  facet normal -3.267277e-01 -9.451185e-01 -9.810204e-05
    outer loop
      vertex -5.754740e+01 -7.805197e+01 -1.800000e+01
      vertex -5.714561e+01 -7.819274e+01 0.000000e+00
      vertex -5.756325e+01 -7.804836e+01 0.000000e+00
    endloop
  endfacet
  facet normal -3.347840e-01 -9.422949e-01 1.038098e-04
    outer loop
      vertex -5.713134e+01 -7.819979e+01 -1.800000e+01
      vertex -5.714561e+01 -7.819274e+01 0.000000e+00
      vertex -5.754740e+01 -7.805197e+01 -1.800000e+01
    endloop
  endfacet
  facet normal -1.016926e-01 -9.948159e-01 -9.256907e-05
    outer loop
      vertex -5.799181e+01 -7.800288e+01 -1.800000e+01
      vertex -5.756325e+01 -7.804836e+01 0.000000e+00
      vertex -5.800819e+01 -7.800288e+01 0.000000e+00
    endloop
  endfacet
  facet normal -1.098022e-01 -9.939535e-01 1.026898e-04
    outer loop
      vertex -5.754740e+01 -7.805197e+01 -1.800000e+01
      vertex -5.756325e+01 -7.804836e+01 0.000000e+00
      vertex -5.799181e+01 -7.800288e+01 -1.800000e+01
    endloop
  endfacet
  facet normal 0.000000e+00 0.000000e+00 1.000000e+00
    outer loop
      vertex -7.167879e+01 -7.803556e+01 0.000000e+00
      vertex -5.845260e+01 -7.805197e+01 0.000000e+00
      vertex -5.800819e+01 -7.800288e+01 0.000000e+00
    endloop
  endfacet
  facet normal 1.098022e-01 -9.939535e-01 -1.026898e-04
    outer loop
      vertex -5.843675e+01 -7.804836e+01 -1.800000e+01
      vertex -5.800819e+01 -7.800288e+01 0.000000e+00
      vertex -5.845260e+01 -7.805197e+01 0.000000e+00
    endloop
  endfacet
  facet normal 1.016926e-01 -9.948159e-01 9.256907e-05
    outer loop
      vertex -5.799181e+01 -7.800288e+01 -1.800000e+01
      vertex -5.800819e+01 -7.800288e+01 0.000000e+00
      vertex -5.843675e+01 -7.804836e+01 -1.800000e+01
    endloop
  endfacet
  facet normal 0.000000e+00 0.000000e+00 1.000000e+00
    outer loop
      vertex -7.228255e+01 -7.858506e+01 0.000000e+00
      vertex -5.886866e+01 -7.819979e+01 0.000000e+00
      vertex -5.845260e+01 -7.805197e+01 0.000000e+00
    endloop
  endfacet
  facet normal 3.347840e-01 -9.422949e-01 -1.038098e-04
    outer loop
      vertex -5.885439e+01 -7.819274e+01 -1.800000e+01
      vertex -5.845260e+01 -7.805197e+01 0.000000e+00
      vertex -5.886866e+01 -7.819979e+01 0.000000e+00
    endloop
  endfacet
  facet normal 0.000000e+00 0.000000e+00 1.000000e+00
    outer loop
      vertex -7.167879e+01 -7.803556e+01 0.000000e+00
      vertex -7.228255e+01 -7.858506e+01 0.000000e+00
      vertex -5.845260e+01 -7.805197e+01 0.000000e+00
    endloop
  endfacet
  facet normal 3.267277e-01 -9.451185e-01 9.810204e-05
    outer loop
      vertex -5.843675e+01 -7.804836e+01 -1.800000e+01
      vertex -5.845260e+01 -7.805197e+01 0.000000e+00
      vertex -5.885439e+01 -7.819274e+01 -1.800000e+01
    endloop
  endfacet
  facet normal 0.000000e+00 0.000000e+00 1.000000e+00
    outer loop
      vertex -7.228255e+01 -7.858506e+01 0.000000e+00
      vertex -5.924270e+01 -7.843302e+01 0.000000e+00
      vertex -5.886866e+01 -7.819979e+01 0.000000e+00
    endloop
  endfacet
  facet normal 5.291000e-01 -8.485595e-01 -8.861921e-05
    outer loop
      vertex -5.923115e+01 -7.842393e+01 -1.800000e+01
      vertex -5.886866e+01 -7.819979e+01 0.000000e+00
      vertex -5.924270e+01 -7.843302e+01 0.000000e+00
    endloop
  endfacet
  facet normal 5.230195e-01 -8.523207e-01 8.066683e-05
    outer loop
      vertex -5.885439e+01 -7.819274e+01 -1.800000e+01
      vertex -5.886866e+01 -7.819979e+01 0.000000e+00
      vertex -5.923115e+01 -7.842393e+01 -1.800000e+01
    endloop
  endfacet
  facet normal 0.000000e+00 0.000000e+00 1.000000e+00
    outer loop
      vertex -7.228255e+01 -7.858506e+01 0.000000e+00
      vertex -5.955592e+01 -7.874525e+01 0.000000e+00
      vertex -5.924270e+01 -7.843302e+01 0.000000e+00
    endloop
  endfacet
  facet normal 7.059853e-01 -7.082265e-01 -3.270693e-05
    outer loop
      vertex -5.954902e+01 -7.873753e+01 -1.800000e+01
      vertex -5.924270e+01 -7.843302e+01 0.000000e+00
      vertex -5.955592e+01 -7.874525e+01 0.000000e+00
    endloop
  endfacet
  facet normal 7.023081e-01 -7.118731e-01 9.156312e-05
    outer loop
      vertex -5.923115e+01 -7.842393e+01 -1.800000e+01
      vertex -5.924270e+01 -7.843302e+01 0.000000e+00
      vertex -5.954902e+01 -7.873753e+01 -1.800000e+01
    endloop
  endfacet
  facet normal 0.000000e+00 0.000000e+00 1.000000e+00
    outer loop
      vertex -7.298586e+01 -7.902359e+01 0.000000e+00
      vertex -5.979589e+01 -7.911986e+01 0.000000e+00
      vertex -5.955592e+01 -7.874525e+01 0.000000e+00
    endloop
  endfacet
  facet normal 8.420503e-01 -5.393990e-01 -3.478031e-05
    outer loop
      vertex -5.979342e+01 -7.911484e+01 -1.800000e+01
      vertex -5.955592e+01 -7.874525e+01 0.000000e+00
      vertex -5.979589e+01 -7.911986e+01 0.000000e+00
    endloop
  endfacet
  facet normal 0.000000e+00 0.000000e+00 1.000000e+00
    outer loop
      vertex -7.228255e+01 -7.858506e+01 0.000000e+00
      vertex -7.298586e+01 -7.902359e+01 0.000000e+00
      vertex -5.955592e+01 -7.874525e+01 0.000000e+00
    endloop
  endfacet
  facet normal 8.393057e-01 -5.436597e-01 8.891527e-05
    outer loop
      vertex -5.954902e+01 -7.873753e+01 -1.800000e+01
      vertex -5.955592e+01 -7.874525e+01 0.000000e+00
      vertex -5.979342e+01 -7.911484e+01 -1.800000e+01
    endloop
  endfacet
  facet normal 0.000000e+00 0.000000e+00 1.000000e+00
    outer loop
      vertex -7.457200e+01 -7.947795e+01 0.000000e+00
      vertex -5.994158e+01 -7.953577e+01 0.000000e+00
      vertex -5.979589e+01 -7.911986e+01 0.000000e+00
    endloop
  endfacet
  facet normal 9.437727e-01 -3.305950e-01 -2.674858e-05
    outer loop
      vertex -5.994117e+01 -7.953314e+01 -1.800000e+01
      vertex -5.979589e+01 -7.911986e+01 0.000000e+00
      vertex -5.994158e+01 -7.953577e+01 0.000000e+00
    endloop
  endfacet
  facet normal 0.000000e+00 0.000000e+00 1.000000e+00
    outer loop
      vertex -7.374875e+01 -7.932008e+01 0.000000e+00
      vertex -7.457200e+01 -7.947795e+01 0.000000e+00
      vertex -5.979589e+01 -7.911986e+01 0.000000e+00
    endloop
  endfacet
  facet normal 0.000000e+00 0.000000e+00 1.000000e+00
    outer loop
      vertex -7.298586e+01 -7.902359e+01 0.000000e+00
      vertex -7.374875e+01 -7.932008e+01 0.000000e+00
      vertex -5.979589e+01 -7.911986e+01 0.000000e+00
    endloop
  endfacet
  facet normal 9.429076e-01 -3.330543e-01 3.669868e-05
    outer loop
      vertex -5.979342e+01 -7.911484e+01 -1.800000e+01
      vertex -5.979589e+01 -7.911986e+01 0.000000e+00
      vertex -5.994117e+01 -7.953314e+01 -1.800000e+01
    endloop
  endfacet
  facet normal 0.000000e+00 0.000000e+00 1.000000e+00
    outer loop
      vertex -9.000000e+01 -3.000000e+02 0.000000e+00
      vertex -6.000000e+01 -8.000000e+01 0.000000e+00
      vertex -5.994158e+01 -7.953577e+01 0.000000e+00
    endloop
  endfacet
  facet normal 9.921753e-01 -1.248525e-01 4.459459e-06
    outer loop
      vertex -5.994117e+01 -7.953314e+01 -1.800000e+01
      vertex -5.994158e+01 -7.953577e+01 0.000000e+00
      vertex -6.000000e+01 -8.000000e+01 0.000000e+00
    endloop
  endfacet
  facet normal 0.000000e+00 0.000000e+00 1.000000e+00
    outer loop
      vertex -7.457200e+01 -7.947795e+01 0.000000e+00
      vertex -7.539268e+01 -7.948142e+01 0.000000e+00
      vertex -5.994158e+01 -7.953577e+01 0.000000e+00
    endloop
  endfacet
  facet normal 0.000000e+00 0.000000e+00 1.000000e+00
    outer loop
      vertex -9.000000e+01 -3.000000e+02 0.000000e+00
      vertex -5.994158e+01 -7.953577e+01 0.000000e+00
      vertex -7.539268e+01 -7.948142e+01 0.000000e+00
    endloop
  endfacet
  facet normal 0.000000e+00 0.000000e+00 1.000000e+00
    outer loop
      vertex -9.000000e+01 -3.000000e+02 0.000000e+00
      vertex -5.994117e+01 -8.046686e+01 0.000000e+00
      vertex -6.000000e+01 -8.000000e+01 0.000000e+00
    endloop
  endfacet
  facet normal 9.921540e-01 1.250217e-01 0.000000e+00
    outer loop
      vertex -6.000000e+01 -8.000000e+01 -1.800000e+01
      vertex -6.000000e+01 -8.000000e+01 0.000000e+00
      vertex -5.994117e+01 -8.046686e+01 0.000000e+00
    endloop
  endfacet
  facet normal 9.921540e-01 -1.250217e-01 0.000000e+00
    outer loop
      vertex -5.994117e+01 -7.953314e+01 -1.800000e+01
      vertex -6.000000e+01 -8.000000e+01 0.000000e+00
      vertex -6.000000e+01 -8.000000e+01 -1.800000e+01
    endloop
  endfacet
  facet normal 0.000000e+00 0.000000e+00 1.000000e+00
    outer loop
      vertex -9.000000e+01 -3.000000e+02 0.000000e+00
      vertex -5.979342e+01 -8.088516e+01 0.000000e+00
      vertex -5.994117e+01 -8.046686e+01 0.000000e+00
    endloop
  endfacet
  facet normal 9.429076e-01 3.330543e-01 -3.669868e-05
    outer loop
      vertex -5.979589e+01 -8.088014e+01 -1.800000e+01
      vertex -5.994117e+01 -8.046686e+01 0.000000e+00
      vertex -5.979342e+01 -8.088516e+01 0.000000e+00
    endloop
  endfacet
  facet normal 9.921753e-01 1.248525e-01 -4.459459e-06
    outer loop
      vertex -5.994158e+01 -8.046423e+01 -1.800000e+01
      vertex -6.000000e+01 -8.000000e+01 -1.800000e+01
      vertex -5.994117e+01 -8.046686e+01 0.000000e+00
    endloop
  endfacet
  facet normal 9.437727e-01 3.305950e-01 2.674858e-05
    outer loop
      vertex -5.994158e+01 -8.046423e+01 -1.800000e+01
      vertex -5.994117e+01 -8.046686e+01 0.000000e+00
      vertex -5.979589e+01 -8.088014e+01 -1.800000e+01
    endloop
  endfacet
  facet normal 0.000000e+00 0.000000e+00 1.000000e+00
    outer loop
      vertex -9.000000e+01 -3.000000e+02 0.000000e+00
      vertex -5.954902e+01 -8.126247e+01 0.000000e+00
      vertex -5.979342e+01 -8.088516e+01 0.000000e+00
    endloop
  endfacet
  facet normal 8.393057e-01 5.436597e-01 -8.891527e-05
    outer loop
      vertex -5.955592e+01 -8.125475e+01 -1.800000e+01
      vertex -5.979342e+01 -8.088516e+01 0.000000e+00
      vertex -5.954902e+01 -8.126247e+01 0.000000e+00
    endloop
  endfacet
  facet normal 8.420503e-01 5.393990e-01 3.478031e-05
    outer loop
      vertex -5.979589e+01 -8.088014e+01 -1.800000e+01
      vertex -5.979342e+01 -8.088516e+01 0.000000e+00
      vertex -5.955592e+01 -8.125475e+01 -1.800000e+01
    endloop
  endfacet
  facet normal 0.000000e+00 0.000000e+00 1.000000e+00
    outer loop
      vertex -9.000000e+01 -3.000000e+02 0.000000e+00
      vertex -5.923115e+01 -8.157607e+01 0.000000e+00
      vertex -5.954902e+01 -8.126247e+01 0.000000e+00
    endloop
  endfacet
  facet normal 7.023081e-01 7.118731e-01 -9.156312e-05
    outer loop
      vertex -5.924270e+01 -8.156698e+01 -1.800000e+01
      vertex -5.954902e+01 -8.126247e+01 0.000000e+00
      vertex -5.923115e+01 -8.157607e+01 0.000000e+00
    endloop
  endfacet
  facet normal 7.059853e-01 7.082265e-01 3.270693e-05
    outer loop
      vertex -5.955592e+01 -8.125475e+01 -1.800000e+01
      vertex -5.954902e+01 -8.126247e+01 0.000000e+00
      vertex -5.924270e+01 -8.156698e+01 -1.800000e+01
    endloop
  endfacet
  facet normal 0.000000e+00 0.000000e+00 1.000000e+00
    outer loop
      vertex -9.000000e+01 -3.000000e+02 0.000000e+00
      vertex -5.885439e+01 -8.180726e+01 0.000000e+00
      vertex -5.923115e+01 -8.157607e+01 0.000000e+00
    endloop
  endfacet
  facet normal 5.230195e-01 8.523207e-01 -8.066683e-05
    outer loop
      vertex -5.886866e+01 -8.180021e+01 -1.800000e+01
      vertex -5.923115e+01 -8.157607e+01 0.000000e+00
      vertex -5.885439e+01 -8.180726e+01 0.000000e+00
    endloop
  endfacet
  facet normal 5.291000e-01 8.485595e-01 8.861921e-05
    outer loop
      vertex -5.924270e+01 -8.156698e+01 -1.800000e+01
      vertex -5.923115e+01 -8.157607e+01 0.000000e+00
      vertex -5.886866e+01 -8.180021e+01 -1.800000e+01
    endloop
  endfacet
  facet normal 0.000000e+00 0.000000e+00 1.000000e+00
    outer loop
      vertex -9.000000e+01 -3.000000e+02 0.000000e+00
      vertex -5.843675e+01 -8.195164e+01 0.000000e+00
      vertex -5.885439e+01 -8.180726e+01 0.000000e+00
    endloop
  endfacet
  facet normal 3.267277e-01 9.451185e-01 -9.810204e-05
    outer loop
      vertex -5.845260e+01 -8.194803e+01 -1.800000e+01
      vertex -5.885439e+01 -8.180726e+01 0.000000e+00
      vertex -5.843675e+01 -8.195164e+01 0.000000e+00
    endloop
  endfacet
  facet normal 3.347840e-01 9.422949e-01 1.038098e-04
    outer loop
      vertex -5.886866e+01 -8.180021e+01 -1.800000e+01
      vertex -5.885439e+01 -8.180726e+01 0.000000e+00
      vertex -5.845260e+01 -8.194803e+01 -1.800000e+01
    endloop
  endfacet
  facet normal 0.000000e+00 0.000000e+00 1.000000e+00
    outer loop
      vertex -9.000000e+01 -3.000000e+02 0.000000e+00
      vertex -5.799181e+01 -8.199712e+01 0.000000e+00
      vertex -5.843675e+01 -8.195164e+01 0.000000e+00
    endloop
  endfacet
  facet normal 1.016926e-01 9.948159e-01 -9.256907e-05
    outer loop
      vertex -5.800819e+01 -8.199712e+01 -1.800000e+01
      vertex -5.843675e+01 -8.195164e+01 0.000000e+00
      vertex -5.799181e+01 -8.199712e+01 0.000000e+00
    endloop
  endfacet
  facet normal 1.098022e-01 9.939535e-01 1.026898e-04
    outer loop
      vertex -5.845260e+01 -8.194803e+01 -1.800000e+01
      vertex -5.843675e+01 -8.195164e+01 0.000000e+00
      vertex -5.800819e+01 -8.199712e+01 -1.800000e+01
    endloop
  endfacet
  facet normal -1.098022e-01 9.939535e-01 -1.026898e-04
    outer loop
      vertex -5.756325e+01 -8.195164e+01 -1.800000e+01
      vertex -5.799181e+01 -8.199712e+01 0.000000e+00
      vertex -5.754740e+01 -8.194803e+01 0.000000e+00
    endloop
  endfacet
  facet normal -1.016926e-01 9.948159e-01 9.256907e-05
    outer loop
      vertex -5.800819e+01 -8.199712e+01 -1.800000e+01
      vertex -5.799181e+01 -8.199712e+01 0.000000e+00
      vertex -5.756325e+01 -8.195164e+01 -1.800000e+01
    endloop
  endfacet
  facet normal -3.347840e-01 9.422949e-01 -1.038098e-04
    outer loop
      vertex -5.714561e+01 -8.180726e+01 -1.800000e+01
      vertex -5.754740e+01 -8.194803e+01 0.000000e+00
      vertex -5.713134e+01 -8.180021e+01 0.000000e+00
    endloop
  endfacet
  facet normal -3.267277e-01 9.451185e-01 9.810204e-05
    outer loop
      vertex -5.756325e+01 -8.195164e+01 -1.800000e+01
      vertex -5.754740e+01 -8.194803e+01 0.000000e+00
      vertex -5.714561e+01 -8.180726e+01 -1.800000e+01
    endloop
  endfacet
  facet normal -5.291000e-01 8.485595e-01 -8.861921e-05
    outer loop
      vertex -5.676885e+01 -8.157607e+01 -1.800000e+01
      vertex -5.713134e+01 -8.180021e+01 0.000000e+00
      vertex -5.675730e+01 -8.156698e+01 0.000000e+00
    endloop
  endfacet
  facet normal -5.230195e-01 8.523207e-01 8.066683e-05
    outer loop
      vertex -5.714561e+01 -8.180726e+01 -1.800000e+01
      vertex -5.713134e+01 -8.180021e+01 0.000000e+00
      vertex -5.676885e+01 -8.157607e+01 -1.800000e+01
    endloop
  endfacet
  facet normal -7.059853e-01 7.082265e-01 -3.270693e-05
    outer loop
      vertex -5.645098e+01 -8.126247e+01 -1.800000e+01
      vertex -5.675730e+01 -8.156698e+01 0.000000e+00
      vertex -5.644408e+01 -8.125475e+01 0.000000e+00
    endloop
  endfacet
  facet normal -7.023081e-01 7.118731e-01 9.156312e-05
    outer loop
      vertex -5.676885e+01 -8.157607e+01 -1.800000e+01
      vertex -5.675730e+01 -8.156698e+01 0.000000e+00
      vertex -5.645098e+01 -8.126247e+01 -1.800000e+01
    endloop
  endfacet
  facet normal -8.420503e-01 5.393990e-01 -3.478031e-05
    outer loop
      vertex -5.620658e+01 -8.088516e+01 -1.800000e+01
      vertex -5.644408e+01 -8.125475e+01 0.000000e+00
      vertex -5.620411e+01 -8.088014e+01 0.000000e+00
    endloop
  endfacet
  facet normal -8.393057e-01 5.436597e-01 8.891527e-05
    outer loop
      vertex -5.645098e+01 -8.126247e+01 -1.800000e+01
      vertex -5.644408e+01 -8.125475e+01 0.000000e+00
      vertex -5.620658e+01 -8.088516e+01 -1.800000e+01
    endloop
  endfacet
  facet normal -9.437727e-01 3.305950e-01 -2.674858e-05
    outer loop
      vertex -5.605883e+01 -8.046686e+01 -1.800000e+01
      vertex -5.620411e+01 -8.088014e+01 0.000000e+00
      vertex -5.605842e+01 -8.046423e+01 0.000000e+00
    endloop
  endfacet
  facet normal -9.429076e-01 3.330543e-01 3.669868e-05
    outer loop
      vertex -5.620658e+01 -8.088516e+01 -1.800000e+01
      vertex -5.620411e+01 -8.088014e+01 0.000000e+00
      vertex -5.605883e+01 -8.046686e+01 -1.800000e+01
    endloop
  endfacet
  facet normal 0.000000e+00 0.000000e+00 1.000000e+00
    outer loop
      vertex -9.000000e+01 -3.000000e+02 0.000000e+00
      vertex -7.918827e+01 -7.664519e+01 0.000000e+00
      vertex -7.941480e+01 -7.585335e+01 0.000000e+00
    endloop
  endfacet
  facet normal 9.614303e-01 2.750485e-01 -4.066926e-05
    outer loop
      vertex -7.919136e+01 -7.663705e+01 -1.800000e+01
      vertex -7.941480e+01 -7.585335e+01 0.000000e+00
      vertex -7.918827e+01 -7.664519e+01 0.000000e+00
    endloop
  endfacet
  facet normal 9.619693e-01 2.731574e-01 4.835752e-05
    outer loop
      vertex -7.941499e+01 -7.584950e+01 -1.800000e+01
      vertex -7.941480e+01 -7.585335e+01 0.000000e+00
      vertex -7.919136e+01 -7.663705e+01 -1.800000e+01
    endloop
  endfacet
  facet normal 0.000000e+00 0.000000e+00 1.000000e+00
    outer loop
      vertex -9.000000e+01 -3.000000e+02 0.000000e+00
      vertex -7.881206e+01 -7.738652e+01 0.000000e+00
      vertex -7.918827e+01 -7.664519e+01 0.000000e+00
    endloop
  endfacet
  facet normal 8.917404e-01 4.525473e-01 -1.193746e-04
    outer loop
      vertex -7.882145e+01 -7.737275e+01 -1.800000e+01
      vertex -7.918827e+01 -7.664519e+01 0.000000e+00
      vertex -7.881206e+01 -7.738652e+01 0.000000e+00
    endloop
  endfacet
  facet normal 8.934249e-01 4.492125e-01 4.974836e-05
    outer loop
      vertex -7.919136e+01 -7.663705e+01 -1.800000e+01
      vertex -7.918827e+01 -7.664519e+01 0.000000e+00
      vertex -7.882145e+01 -7.737275e+01 -1.800000e+01
    endloop
  endfacet
  facet normal 0.000000e+00 0.000000e+00 1.000000e+00
    outer loop
      vertex -9.000000e+01 -3.000000e+02 0.000000e+00
      vertex -7.830354e+01 -7.805442e+01 0.000000e+00
      vertex -7.881206e+01 -7.738652e+01 0.000000e+00
    endloop
  endfacet
  facet normal 7.956379e-01 6.057725e-01 -1.461520e-04
    outer loop
      vertex -7.832121e+01 -7.803556e+01 -1.800000e+01
      vertex -7.881206e+01 -7.738652e+01 0.000000e+00
      vertex -7.830354e+01 -7.805442e+01 0.000000e+00
    endloop
  endfacet
  facet normal 7.981805e-01 6.024184e-01 4.412140e-05
    outer loop
      vertex -7.882145e+01 -7.737275e+01 -1.800000e+01
      vertex -7.881206e+01 -7.738652e+01 0.000000e+00
      vertex -7.832121e+01 -7.803556e+01 -1.800000e+01
    endloop
  endfacet
  facet normal 0.000000e+00 0.000000e+00 1.000000e+00
    outer loop
      vertex -9.000000e+01 -3.000000e+02 0.000000e+00
      vertex -7.769225e+01 -7.860408e+01 0.000000e+00
      vertex -7.830354e+01 -7.805442e+01 0.000000e+00
    endloop
  endfacet
  facet normal 6.686201e-01 7.436041e-01 -1.508143e-04
    outer loop
      vertex -7.771745e+01 -7.858506e+01 -1.800000e+01
      vertex -7.830354e+01 -7.805442e+01 0.000000e+00
      vertex -7.769225e+01 -7.860408e+01 0.000000e+00
    endloop
  endfacet
  facet normal 6.730969e-01 7.395543e-01 1.143378e-04
    outer loop
      vertex -7.832121e+01 -7.803556e+01 -1.800000e+01
      vertex -7.830354e+01 -7.805442e+01 0.000000e+00
      vertex -7.771745e+01 -7.858506e+01 -1.800000e+01
    endloop
  endfacet
  facet normal 0.000000e+00 0.000000e+00 1.000000e+00
    outer loop
      vertex -9.000000e+01 -3.000000e+02 0.000000e+00
      vertex -7.698208e+01 -7.903923e+01 0.000000e+00
      vertex -7.769225e+01 -7.860408e+01 0.000000e+00
    endloop
  endfacet
  facet normal 5.224692e-01 8.526581e-01 -1.897711e-04
    outer loop
      vertex -7.701414e+01 -7.902359e+01 -1.800000e+01
      vertex -7.769225e+01 -7.860408e+01 0.000000e+00
      vertex -7.698208e+01 -7.903923e+01 0.000000e+00
    endloop
  endfacet
  facet normal 5.290973e-01 8.485611e-01 1.554146e-04
    outer loop
      vertex -7.771745e+01 -7.858506e+01 -1.800000e+01
      vertex -7.769225e+01 -7.860408e+01 0.000000e+00
      vertex -7.701414e+01 -7.902359e+01 -1.800000e+01
    endloop
  endfacet
  facet normal 0.000000e+00 0.000000e+00 1.000000e+00
    outer loop
      vertex -9.000000e+01 -3.000000e+02 0.000000e+00
      vertex -7.621603e+01 -7.933056e+01 0.000000e+00
      vertex -7.698208e+01 -7.903923e+01 0.000000e+00
    endloop
  endfacet
  facet normal 3.554609e-01 9.346911e-01 -1.513522e-04
    outer loop
      vertex -7.625125e+01 -7.932008e+01 -1.800000e+01
      vertex -7.698208e+01 -7.903923e+01 0.000000e+00
      vertex -7.621603e+01 -7.933056e+01 0.000000e+00
    endloop
  endfacet
  facet normal 3.622408e-01 9.320845e-01 1.645945e-04
    outer loop
      vertex -7.701414e+01 -7.902359e+01 -1.800000e+01
      vertex -7.698208e+01 -7.903923e+01 0.000000e+00
      vertex -7.625125e+01 -7.932008e+01 -1.800000e+01
    endloop
  endfacet
  facet normal 0.000000e+00 0.000000e+00 1.000000e+00
    outer loop
      vertex -9.000000e+01 -3.000000e+02 0.000000e+00
      vertex -7.539268e+01 -7.948142e+01 0.000000e+00
      vertex -7.621603e+01 -7.933056e+01 0.000000e+00
    endloop
  endfacet
  facet normal 1.802259e-01 9.836252e-01 -1.642725e-04
    outer loop
      vertex -7.542800e+01 -7.947795e+01 -1.800000e+01
      vertex -7.621603e+01 -7.933056e+01 0.000000e+00
      vertex -7.539268e+01 -7.948142e+01 0.000000e+00
    endloop
  endfacet
  facet normal 1.883369e-01 9.821045e-01 2.032718e-04
    outer loop
      vertex -7.625125e+01 -7.932008e+01 -1.800000e+01
      vertex -7.621603e+01 -7.933056e+01 0.000000e+00
      vertex -7.542800e+01 -7.947795e+01 -1.800000e+01
    endloop
  endfacet
  facet normal -4.222734e-03 9.999911e-01 -1.842421e-04
    outer loop
      vertex -7.460732e+01 -7.948142e+01 -1.800000e+01
      vertex -7.539268e+01 -7.948142e+01 0.000000e+00
      vertex -7.457200e+01 -7.947795e+01 0.000000e+00
    endloop
  endfacet
  facet normal 4.222734e-03 9.999911e-01 1.842421e-04
    outer loop
      vertex -7.542800e+01 -7.947795e+01 -1.800000e+01
      vertex -7.539268e+01 -7.948142e+01 0.000000e+00
      vertex -7.460732e+01 -7.948142e+01 -1.800000e+01
    endloop
  endfacet
  facet normal -1.883369e-01 9.821045e-01 -2.032718e-04
    outer loop
      vertex -7.378397e+01 -7.933056e+01 -1.800000e+01
      vertex -7.457200e+01 -7.947795e+01 0.000000e+00
      vertex -7.374875e+01 -7.932008e+01 0.000000e+00
    endloop
  endfacet
  facet normal -1.802259e-01 9.836252e-01 1.642725e-04
    outer loop
      vertex -7.460732e+01 -7.948142e+01 -1.800000e+01
      vertex -7.457200e+01 -7.947795e+01 0.000000e+00
      vertex -7.378397e+01 -7.933056e+01 -1.800000e+01
    endloop
  endfacet
  facet normal -3.622408e-01 9.320845e-01 -1.645945e-04
    outer loop
      vertex -7.301792e+01 -7.903923e+01 -1.800000e+01
      vertex -7.374875e+01 -7.932008e+01 0.000000e+00
      vertex -7.298586e+01 -7.902359e+01 0.000000e+00
    endloop
  endfacet
  facet normal -3.554609e-01 9.346911e-01 1.513522e-04
    outer loop
      vertex -7.378397e+01 -7.933056e+01 -1.800000e+01
      vertex -7.374875e+01 -7.932008e+01 0.000000e+00
      vertex -7.301792e+01 -7.903923e+01 -1.800000e+01
    endloop
  endfacet
  facet normal -5.290973e-01 8.485611e-01 -1.554146e-04
    outer loop
      vertex -7.230775e+01 -7.860408e+01 -1.800000e+01
      vertex -7.298586e+01 -7.902359e+01 0.000000e+00
      vertex -7.228255e+01 -7.858506e+01 0.000000e+00
    endloop
  endfacet
  facet normal -5.224692e-01 8.526581e-01 1.897711e-04
    outer loop
      vertex -7.301792e+01 -7.903923e+01 -1.800000e+01
      vertex -7.298586e+01 -7.902359e+01 0.000000e+00
      vertex -7.230775e+01 -7.860408e+01 -1.800000e+01
    endloop
  endfacet
  facet normal -6.730969e-01 7.395543e-01 -1.143378e-04
    outer loop
      vertex -7.169646e+01 -7.805442e+01 -1.800000e+01
      vertex -7.228255e+01 -7.858506e+01 0.000000e+00
      vertex -7.167879e+01 -7.803556e+01 0.000000e+00
    endloop
  endfacet
  facet normal -6.686201e-01 7.436041e-01 1.508143e-04
    outer loop
      vertex -7.230775e+01 -7.860408e+01 -1.800000e+01
      vertex -7.228255e+01 -7.858506e+01 0.000000e+00
      vertex -7.169646e+01 -7.805442e+01 -1.800000e+01
    endloop
  endfacet
  facet normal -7.981805e-01 6.024184e-01 -4.412140e-05
    outer loop
      vertex -7.118794e+01 -7.738652e+01 -1.800000e+01
      vertex -7.167879e+01 -7.803556e+01 0.000000e+00
      vertex -7.117855e+01 -7.737275e+01 0.000000e+00
    endloop
  endfacet
  facet normal -7.956379e-01 6.057725e-01 1.461520e-04
    outer loop
      vertex -7.169646e+01 -7.805442e+01 -1.800000e+01
      vertex -7.167879e+01 -7.803556e+01 0.000000e+00
      vertex -7.118794e+01 -7.738652e+01 -1.800000e+01
    endloop
  endfacet
  facet normal -8.934249e-01 4.492125e-01 -4.974836e-05
    outer loop
      vertex -7.081173e+01 -7.664519e+01 -1.800000e+01
      vertex -7.117855e+01 -7.737275e+01 0.000000e+00
      vertex -7.080864e+01 -7.663705e+01 0.000000e+00
    endloop
  endfacet
  facet normal -8.917404e-01 4.525473e-01 1.193746e-04
    outer loop
      vertex -7.118794e+01 -7.738652e+01 -1.800000e+01
      vertex -7.117855e+01 -7.737275e+01 0.000000e+00
      vertex -7.081173e+01 -7.664519e+01 -1.800000e+01
    endloop
  endfacet
  facet normal -9.619693e-01 2.731574e-01 -4.835752e-05
    outer loop
      vertex -7.058520e+01 -7.585335e+01 -1.800000e+01
      vertex -7.080864e+01 -7.663705e+01 0.000000e+00
      vertex -7.058501e+01 -7.584950e+01 0.000000e+00
    endloop
  endfacet
  facet normal -9.614303e-01 2.750485e-01 4.066926e-05
    outer loop
      vertex -7.081173e+01 -7.664519e+01 -1.800000e+01
      vertex -7.080864e+01 -7.663705e+01 0.000000e+00
      vertex -7.058520e+01 -7.585335e+01 -1.800000e+01
    endloop
  endfacet
  facet normal -1.000000e+00 4.736952e-17 0.000000e+00
    outer loop
      vertex -9.000000e+01 -3.000000e+02 -1.800000e+01
      vertex -9.000000e+01 -3.000000e+02 0.000000e+00
      vertex -9.000000e+01 3.000000e+02 0.000000e+00
    endloop
  endfacet
  facet normal 0.000000e+00 0.000000e+00 1.000000e+00
    outer loop
      vertex 5.100000e+02 -3.000000e+02 0.000000e+00
      vertex 5.100000e+02 3.000000e+02 0.000000e+00
      vertex -9.000000e+01 -3.000000e+02 0.000000e+00
    endloop
  endfacet
  facet normal 9.473903e-17 -1.000000e+00 0.000000e+00
    outer loop
      vertex 5.100000e+02 -3.000000e+02 -1.800000e+01
      vertex 5.100000e+02 -3.000000e+02 0.000000e+00
      vertex -9.000000e+01 -3.000000e+02 0.000000e+00
    endloop
  endfacet
  facet normal 9.473903e-17 -1.000000e+00 0.000000e+00
    outer loop
      vertex -9.000000e+01 -3.000000e+02 -1.800000e+01
      vertex 5.100000e+02 -3.000000e+02 -1.800000e+01
      vertex -9.000000e+01 -3.000000e+02 0.000000e+00
    endloop
  endfacet
  facet normal 0.000000e+00 1.000000e+00 0.000000e+00
    outer loop
      vertex -9.000000e+01 3.000000e+02 -1.800000e+01
      vertex -9.000000e+01 3.000000e+02 0.000000e+00
      vertex 5.100000e+02 3.000000e+02 0.000000e+00
    endloop
  endfacet
  facet normal -1.000000e+00 4.736952e-17 0.000000e+00
    outer loop
      vertex -9.000000e+01 -3.000000e+02 -1.800000e+01
      vertex -9.000000e+01 3.000000e+02 0.000000e+00
      vertex -9.000000e+01 3.000000e+02 -1.800000e+01
    endloop
  endfacet
  facet normal 1.000000e+00 3.789561e-16 0.000000e+00
    outer loop
      vertex 5.100000e+02 3.000000e+02 -1.800000e+01
      vertex 5.100000e+02 3.000000e+02 0.000000e+00
      vertex 5.100000e+02 -3.000000e+02 0.000000e+00
    endloop
  endfacet
  facet normal 0.000000e+00 1.000000e+00 0.000000e+00
    outer loop
      vertex -9.000000e+01 3.000000e+02 -1.800000e+01
      vertex 5.100000e+02 3.000000e+02 0.000000e+00
      vertex 5.100000e+02 3.000000e+02 -1.800000e+01
    endloop
  endfacet
  facet normal 1.000000e+00 3.789561e-16 0.000000e+00
    outer loop
      vertex 5.100000e+02 3.000000e+02 -1.800000e+01
      vertex 5.100000e+02 -3.000000e+02 0.000000e+00
      vertex 5.100000e+02 -3.000000e+02 -1.800000e+01
    endloop
  endfacet
  facet normal 0.000000e+00 0.000000e+00 -1.000000e+00
    outer loop
      vertex -7.058520e+01 -7.585335e+01 -1.800000e+01
      vertex 7.058501e+01 -7.584950e+01 -1.800000e+01
      vertex 7.080864e+01 -7.663705e+01 -1.800000e+01
    endloop
  endfacet
  facet normal 0.000000e+00 0.000000e+00 -1.000000e+00
    outer loop
      vertex -7.081173e+01 -7.664519e+01 -1.800000e+01
      vertex 7.080864e+01 -7.663705e+01 -1.800000e+01
      vertex 7.117855e+01 -7.737275e+01 -1.800000e+01
    endloop
  endfacet
  facet normal 0.000000e+00 0.000000e+00 -1.000000e+00
    outer loop
      vertex -7.081173e+01 -7.664519e+01 -1.800000e+01
      vertex -7.058520e+01 -7.585335e+01 -1.800000e+01
      vertex 7.080864e+01 -7.663705e+01 -1.800000e+01
    endloop
  endfacet
  facet normal 0.000000e+00 0.000000e+00 -1.000000e+00
    outer loop
      vertex -7.118794e+01 -7.738652e+01 -1.800000e+01
      vertex 7.117855e+01 -7.737275e+01 -1.800000e+01
      vertex 7.167879e+01 -7.803556e+01 -1.800000e+01
    endloop
  endfacet
  facet normal 0.000000e+00 0.000000e+00 -1.000000e+00
    outer loop
      vertex -7.118794e+01 -7.738652e+01 -1.800000e+01
      vertex -7.081173e+01 -7.664519e+01 -1.800000e+01
      vertex 7.117855e+01 -7.737275e+01 -1.800000e+01
    endloop
  endfacet
  facet normal 0.000000e+00 0.000000e+00 -1.000000e+00
    outer loop
      vertex -5.754740e+01 -7.805197e+01 -1.800000e+01
      vertex 7.167879e+01 -7.803556e+01 -1.800000e+01
      vertex 7.228255e+01 -7.858506e+01 -1.800000e+01
    endloop
  endfacet
  facet normal 0.000000e+00 0.000000e+00 -1.000000e+00
    outer loop
      vertex -5.799181e+01 -7.800288e+01 -1.800000e+01
      vertex -7.118794e+01 -7.738652e+01 -1.800000e+01
      vertex 7.167879e+01 -7.803556e+01 -1.800000e+01
    endloop
  endfacet
  facet normal 0.000000e+00 0.000000e+00 -1.000000e+00
    outer loop
      vertex -5.754740e+01 -7.805197e+01 -1.800000e+01
      vertex -5.799181e+01 -7.800288e+01 -1.800000e+01
      vertex 7.167879e+01 -7.803556e+01 -1.800000e+01
    endloop
  endfacet
  facet normal 0.000000e+00 0.000000e+00 -1.000000e+00
    outer loop
      vertex -5.644408e+01 -7.874525e+01 -1.800000e+01
      vertex 7.228255e+01 -7.858506e+01 -1.800000e+01
      vertex 7.298586e+01 -7.902359e+01 -1.800000e+01
    endloop
  endfacet
  facet normal 0.000000e+00 0.000000e+00 -1.000000e+00
    outer loop
      vertex -5.713134e+01 -7.819979e+01 -1.800000e+01
      vertex -5.754740e+01 -7.805197e+01 -1.800000e+01
      vertex 7.228255e+01 -7.858506e+01 -1.800000e+01
    endloop
  endfacet
  facet normal 0.000000e+00 0.000000e+00 -1.000000e+00
    outer loop
      vertex -5.675730e+01 -7.843302e+01 -1.800000e+01
      vertex -5.713134e+01 -7.819979e+01 -1.800000e+01
      vertex 7.228255e+01 -7.858506e+01 -1.800000e+01
    endloop
  endfacet
  facet normal 0.000000e+00 0.000000e+00 -1.000000e+00
    outer loop
      vertex -5.644408e+01 -7.874525e+01 -1.800000e+01
      vertex -5.675730e+01 -7.843302e+01 -1.800000e+01
      vertex 7.228255e+01 -7.858506e+01 -1.800000e+01
    endloop
  endfacet
  facet normal 0.000000e+00 0.000000e+00 -1.000000e+00
    outer loop
      vertex -5.620411e+01 -7.911986e+01 -1.800000e+01
      vertex 7.298586e+01 -7.902359e+01 -1.800000e+01
      vertex 7.374875e+01 -7.932008e+01 -1.800000e+01
    endloop
  endfacet
  facet normal 0.000000e+00 0.000000e+00 -1.000000e+00
    outer loop
      vertex -5.620411e+01 -7.911986e+01 -1.800000e+01
      vertex -5.644408e+01 -7.874525e+01 -1.800000e+01
      vertex 7.298586e+01 -7.902359e+01 -1.800000e+01
    endloop
  endfacet
  facet normal 0.000000e+00 0.000000e+00 -1.000000e+00
    outer loop
      vertex -5.620411e+01 -7.911986e+01 -1.800000e+01
      vertex 7.374875e+01 -7.932008e+01 -1.800000e+01
      vertex 7.457200e+01 -7.947795e+01 -1.800000e+01
    endloop
  endfacet
  facet normal 0.000000e+00 0.000000e+00 -1.000000e+00
    outer loop
      vertex -5.620411e+01 -7.911986e+01 -1.800000e+01
      vertex 7.457200e+01 -7.947795e+01 -1.800000e+01
      vertex 7.539268e+01 -7.948142e+01 -1.800000e+01
    endloop
  endfacet
  facet normal 0.000000e+00 0.000000e+00 -1.000000e+00
    outer loop
      vertex 5.100000e+02 -3.000000e+02 -1.800000e+01
      vertex 7.539268e+01 -7.948142e+01 -1.800000e+01
      vertex 7.621603e+01 -7.933056e+01 -1.800000e+01
    endloop
  endfacet
  facet normal 0.000000e+00 0.000000e+00 -1.000000e+00
    outer loop
      vertex -5.605842e+01 -7.953577e+01 -1.800000e+01
      vertex 7.539268e+01 -7.948142e+01 -1.800000e+01
      vertex 5.100000e+02 -3.000000e+02 -1.800000e+01
    endloop
  endfacet
  facet normal 0.000000e+00 0.000000e+00 -1.000000e+00
    outer loop
      vertex -5.605842e+01 -7.953577e+01 -1.800000e+01
      vertex -5.620411e+01 -7.911986e+01 -1.800000e+01
      vertex 7.539268e+01 -7.948142e+01 -1.800000e+01
    endloop
  endfacet
  facet normal 0.000000e+00 0.000000e+00 -1.000000e+00
    outer loop
      vertex 5.100000e+02 -3.000000e+02 -1.800000e+01
      vertex 7.621603e+01 -7.933056e+01 -1.800000e+01
      vertex 7.698208e+01 -7.903923e+01 -1.800000e+01
    endloop
  endfacet
  facet normal 0.000000e+00 0.000000e+00 -1.000000e+00
    outer loop
      vertex 5.100000e+02 -3.000000e+02 -1.800000e+01
      vertex 7.698208e+01 -7.903923e+01 -1.800000e+01
      vertex 7.769225e+01 -7.860408e+01 -1.800000e+01
    endloop
  endfacet
  facet normal 0.000000e+00 0.000000e+00 -1.000000e+00
    outer loop
      vertex 5.100000e+02 -3.000000e+02 -1.800000e+01
      vertex 7.769225e+01 -7.860408e+01 -1.800000e+01
      vertex 7.830354e+01 -7.805442e+01 -1.800000e+01
    endloop
  endfacet
  facet normal 0.000000e+00 0.000000e+00 -1.000000e+00
    outer loop
      vertex 5.100000e+02 -3.000000e+02 -1.800000e+01
      vertex 7.830354e+01 -7.805442e+01 -1.800000e+01
      vertex 7.881206e+01 -7.738652e+01 -1.800000e+01
    endloop
  endfacet
  facet normal 0.000000e+00 0.000000e+00 -1.000000e+00
    outer loop
      vertex 5.100000e+02 -3.000000e+02 -1.800000e+01
      vertex 7.881206e+01 -7.738652e+01 -1.800000e+01
      vertex 7.918827e+01 -7.664519e+01 -1.800000e+01
    endloop
  endfacet
  facet normal 0.000000e+00 0.000000e+00 -1.000000e+00
    outer loop
      vertex 5.100000e+02 -3.000000e+02 -1.800000e+01
      vertex 7.918827e+01 -7.664519e+01 -1.800000e+01
      vertex 7.941480e+01 -7.585335e+01 -1.800000e+01
    endloop
  endfacet
  facet normal 0.000000e+00 0.000000e+00 -1.000000e+00
    outer loop
      vertex 5.100000e+02 -3.000000e+02 -1.800000e+01
      vertex 7.941480e+01 -7.585335e+01 -1.800000e+01
      vertex 7.950000e+01 -7.500000e+01 -1.800000e+01
    endloop
  endfacet
  facet normal 0.000000e+00 0.000000e+00 -1.000000e+00
    outer loop
      vertex 5.100000e+02 -3.000000e+02 -1.800000e+01
      vertex 7.950000e+01 -7.500000e+01 -1.800000e+01
      vertex 7.941499e+01 -7.415050e+01 -1.800000e+01
    endloop
  endfacet
  facet normal 0.000000e+00 0.000000e+00 -1.000000e+00
    outer loop
      vertex 5.100000e+02 -3.000000e+02 -1.800000e+01
      vertex 7.941499e+01 -7.415050e+01 -1.800000e+01
      vertex 7.919136e+01 -7.336295e+01 -1.800000e+01
    endloop
  endfacet
  facet normal 0.000000e+00 0.000000e+00 -1.000000e+00
    outer loop
      vertex 5.100000e+02 -3.000000e+02 -1.800000e+01
      vertex 7.919136e+01 -7.336295e+01 -1.800000e+01
      vertex 7.882145e+01 -7.262725e+01 -1.800000e+01
    endloop
  endfacet
  facet normal 0.000000e+00 0.000000e+00 -1.000000e+00
    outer loop
      vertex 5.100000e+02 -3.000000e+02 -1.800000e+01
      vertex 7.882145e+01 -7.262725e+01 -1.800000e+01
      vertex 7.832121e+01 -7.196444e+01 -1.800000e+01
    endloop
  endfacet
  facet normal 0.000000e+00 0.000000e+00 -1.000000e+00
    outer loop
      vertex 5.100000e+02 -3.000000e+02 -1.800000e+01
      vertex 7.832121e+01 -7.196444e+01 -1.800000e+01
      vertex 7.771745e+01 -7.141494e+01 -1.800000e+01
    endloop
  endfacet
  facet normal 0.000000e+00 0.000000e+00 -1.000000e+00
    outer loop
      vertex 5.100000e+02 -3.000000e+02 -1.800000e+01
      vertex 7.771745e+01 -7.141494e+01 -1.800000e+01
      vertex 7.701414e+01 -7.097641e+01 -1.800000e+01
    endloop
  endfacet
  facet normal 0.000000e+00 0.000000e+00 -1.000000e+00
    outer loop
      vertex -7.460732e+01 7.051858e+01 -1.800000e+01
      vertex 7.701414e+01 -7.097641e+01 -1.800000e+01
      vertex 7.625125e+01 -7.067992e+01 -1.800000e+01
    endloop
  endfacet
  facet normal 0.000000e+00 0.000000e+00 -1.000000e+00
    outer loop
      vertex 5.100000e+02 -3.000000e+02 -1.800000e+01
      vertex 7.701414e+01 -7.097641e+01 -1.800000e+01
      vertex -7.460732e+01 7.051858e+01 -1.800000e+01
    endloop
  endfacet
  facet normal 0.000000e+00 0.000000e+00 -1.000000e+00
    outer loop
      vertex -7.460732e+01 7.051858e+01 -1.800000e+01
      vertex 7.625125e+01 -7.067992e+01 -1.800000e+01
      vertex 7.542800e+01 -7.052205e+01 -1.800000e+01
    endloop
  endfacet
  facet normal 0.000000e+00 0.000000e+00 -1.000000e+00
    outer loop
      vertex -7.460732e+01 7.051858e+01 -1.800000e+01
      vertex 7.542800e+01 -7.052205e+01 -1.800000e+01
      vertex 7.460732e+01 -7.051858e+01 -1.800000e+01
    endloop
  endfacet
  facet normal 0.000000e+00 0.000000e+00 -1.000000e+00
    outer loop
      vertex -7.542800e+01 7.052205e+01 -1.800000e+01
      vertex -7.460732e+01 7.051858e+01 -1.800000e+01
      vertex 7.460732e+01 -7.051858e+01 -1.800000e+01
    endloop
  endfacet
  facet normal 0.000000e+00 0.000000e+00 -1.000000e+00
    outer loop
      vertex -7.625125e+01 7.067992e+01 -1.800000e+01
      vertex -7.542800e+01 7.052205e+01 -1.800000e+01
      vertex 7.460732e+01 -7.051858e+01 -1.800000e+01
    endloop
  endfacet
  facet normal 0.000000e+00 0.000000e+00 -1.000000e+00
    outer loop
      vertex -7.701414e+01 7.097641e+01 -1.800000e+01
      vertex -7.625125e+01 7.067992e+01 -1.800000e+01
      vertex 7.460732e+01 -7.051858e+01 -1.800000e+01
    endloop
  endfacet
  facet normal 0.000000e+00 0.000000e+00 -1.000000e+00
    outer loop
      vertex -7.771745e+01 7.141494e+01 -1.800000e+01
      vertex -7.701414e+01 7.097641e+01 -1.800000e+01
      vertex 7.460732e+01 -7.051858e+01 -1.800000e+01
    endloop
  endfacet
  facet normal 0.000000e+00 0.000000e+00 -1.000000e+00
    outer loop
      vertex -7.832121e+01 7.196444e+01 -1.800000e+01
      vertex -7.771745e+01 7.141494e+01 -1.800000e+01
      vertex 7.460732e+01 -7.051858e+01 -1.800000e+01
    endloop
  endfacet
  facet normal 0.000000e+00 0.000000e+00 -1.000000e+00
    outer loop
      vertex -5.843675e+01 -7.804836e+01 -1.800000e+01
      vertex -7.169646e+01 -7.805442e+01 -1.800000e+01
      vertex -7.118794e+01 -7.738652e+01 -1.800000e+01
    endloop
  endfacet
  facet normal 0.000000e+00 0.000000e+00 -1.000000e+00
    outer loop
      vertex -5.799181e+01 -7.800288e+01 -1.800000e+01
      vertex -5.843675e+01 -7.804836e+01 -1.800000e+01
      vertex -7.118794e+01 -7.738652e+01 -1.800000e+01
    endloop
  endfacet
  facet normal 0.000000e+00 0.000000e+00 -1.000000e+00
    outer loop
      vertex -5.923115e+01 -7.842393e+01 -1.800000e+01
      vertex -7.230775e+01 -7.860408e+01 -1.800000e+01
      vertex -7.169646e+01 -7.805442e+01 -1.800000e+01
    endloop
  endfacet
  facet normal 0.000000e+00 0.000000e+00 -1.000000e+00
    outer loop
      vertex -5.885439e+01 -7.819274e+01 -1.800000e+01
      vertex -5.923115e+01 -7.842393e+01 -1.800000e+01
      vertex -7.169646e+01 -7.805442e+01 -1.800000e+01
    endloop
  endfacet
  facet normal 0.000000e+00 0.000000e+00 -1.000000e+00
    outer loop
      vertex -5.843675e+01 -7.804836e+01 -1.800000e+01
      vertex -5.885439e+01 -7.819274e+01 -1.800000e+01
      vertex -7.169646e+01 -7.805442e+01 -1.800000e+01
    endloop
  endfacet
  facet normal 0.000000e+00 0.000000e+00 -1.000000e+00
    outer loop
      vertex -5.954902e+01 -7.873753e+01 -1.800000e+01
      vertex -7.301792e+01 -7.903923e+01 -1.800000e+01
      vertex -7.230775e+01 -7.860408e+01 -1.800000e+01
    endloop
  endfacet
  facet normal 0.000000e+00 0.000000e+00 -1.000000e+00
    outer loop
      vertex -5.923115e+01 -7.842393e+01 -1.800000e+01
      vertex -5.954902e+01 -7.873753e+01 -1.800000e+01
      vertex -7.230775e+01 -7.860408e+01 -1.800000e+01
    endloop
  endfacet
  facet normal 0.000000e+00 0.000000e+00 -1.000000e+00
    outer loop
      vertex -5.979342e+01 -7.911484e+01 -1.800000e+01
      vertex -7.378397e+01 -7.933056e+01 -1.800000e+01
      vertex -7.301792e+01 -7.903923e+01 -1.800000e+01
    endloop
  endfacet
  facet normal 0.000000e+00 0.000000e+00 -1.000000e+00
    outer loop
      vertex -5.954902e+01 -7.873753e+01 -1.800000e+01
      vertex -5.979342e+01 -7.911484e+01 -1.800000e+01
      vertex -7.301792e+01 -7.903923e+01 -1.800000e+01
    endloop
  endfacet
  facet normal 0.000000e+00 0.000000e+00 -1.000000e+00
    outer loop
      vertex -5.994117e+01 -7.953314e+01 -1.800000e+01
      vertex -7.460732e+01 -7.948142e+01 -1.800000e+01
      vertex -7.378397e+01 -7.933056e+01 -1.800000e+01
    endloop
  endfacet
  facet normal 0.000000e+00 0.000000e+00 -1.000000e+00
    outer loop
      vertex -5.979342e+01 -7.911484e+01 -1.800000e+01
      vertex -5.994117e+01 -7.953314e+01 -1.800000e+01
      vertex -7.378397e+01 -7.933056e+01 -1.800000e+01
    endloop
  endfacet
  facet normal 0.000000e+00 0.000000e+00 -1.000000e+00
    outer loop
      vertex -6.000000e+01 -8.000000e+01 -1.800000e+01
      vertex -7.542800e+01 -7.947795e+01 -1.800000e+01
      vertex -7.460732e+01 -7.948142e+01 -1.800000e+01
    endloop
  endfacet
  facet normal 0.000000e+00 0.000000e+00 -1.000000e+00
    outer loop
      vertex -5.994117e+01 -7.953314e+01 -1.800000e+01
      vertex -6.000000e+01 -8.000000e+01 -1.800000e+01
      vertex -7.460732e+01 -7.948142e+01 -1.800000e+01
    endloop
  endfacet
  facet normal 0.000000e+00 0.000000e+00 -1.000000e+00
    outer loop
      vertex 5.100000e+02 -3.000000e+02 -1.800000e+01
      vertex -7.625125e+01 -7.932008e+01 -1.800000e+01
      vertex -7.542800e+01 -7.947795e+01 -1.800000e+01
    endloop
  endfacet
  facet normal 0.000000e+00 0.000000e+00 -1.000000e+00
    outer loop
      vertex -5.845260e+01 -8.194803e+01 -1.800000e+01
      vertex 5.100000e+02 -3.000000e+02 -1.800000e+01
      vertex -7.542800e+01 -7.947795e+01 -1.800000e+01
    endloop
  endfacet
  facet normal 0.000000e+00 0.000000e+00 -1.000000e+00
    outer loop
      vertex -5.994158e+01 -8.046423e+01 -1.800000e+01
      vertex -7.542800e+01 -7.947795e+01 -1.800000e+01
      vertex -6.000000e+01 -8.000000e+01 -1.800000e+01
    endloop
  endfacet
  facet normal 0.000000e+00 0.000000e+00 -1.000000e+00
    outer loop
      vertex -5.886866e+01 -8.180021e+01 -1.800000e+01
      vertex -5.845260e+01 -8.194803e+01 -1.800000e+01
      vertex -7.542800e+01 -7.947795e+01 -1.800000e+01
    endloop
  endfacet
  facet normal 0.000000e+00 0.000000e+00 -1.000000e+00
    outer loop
      vertex -5.924270e+01 -8.156698e+01 -1.800000e+01
      vertex -5.886866e+01 -8.180021e+01 -1.800000e+01
      vertex -7.542800e+01 -7.947795e+01 -1.800000e+01
    endloop
  endfacet
  facet normal 0.000000e+00 0.000000e+00 -1.000000e+00
    outer loop
      vertex -5.955592e+01 -8.125475e+01 -1.800000e+01
      vertex -5.924270e+01 -8.156698e+01 -1.800000e+01
      vertex -7.542800e+01 -7.947795e+01 -1.800000e+01
    endloop
  endfacet
  facet normal 0.000000e+00 0.000000e+00 -1.000000e+00
    outer loop
      vertex -5.979589e+01 -8.088014e+01 -1.800000e+01
      vertex -5.955592e+01 -8.125475e+01 -1.800000e+01
      vertex -7.542800e+01 -7.947795e+01 -1.800000e+01
    endloop
  endfacet
  facet normal 0.000000e+00 0.000000e+00 -1.000000e+00
    outer loop
      vertex -5.994158e+01 -8.046423e+01 -1.800000e+01
      vertex -5.979589e+01 -8.088014e+01 -1.800000e+01
      vertex -7.542800e+01 -7.947795e+01 -1.800000e+01
    endloop
  endfacet
  facet normal 0.000000e+00 0.000000e+00 -1.000000e+00
    outer loop
      vertex -9.000000e+01 -3.000000e+02 -1.800000e+01
      vertex -7.701414e+01 -7.902359e+01 -1.800000e+01
      vertex -7.625125e+01 -7.932008e+01 -1.800000e+01
    endloop
  endfacet
  facet normal 0.000000e+00 0.000000e+00 -1.000000e+00
    outer loop
      vertex -9.000000e+01 -3.000000e+02 -1.800000e+01
      vertex -7.625125e+01 -7.932008e+01 -1.800000e+01
      vertex 5.100000e+02 -3.000000e+02 -1.800000e+01
    endloop
  endfacet
  facet normal 0.000000e+00 0.000000e+00 -1.000000e+00
    outer loop
      vertex -9.000000e+01 -3.000000e+02 -1.800000e+01
      vertex -7.771745e+01 -7.858506e+01 -1.800000e+01
      vertex -7.701414e+01 -7.902359e+01 -1.800000e+01
    endloop
  endfacet
  facet normal 0.000000e+00 0.000000e+00 -1.000000e+00
    outer loop
      vertex -9.000000e+01 -3.000000e+02 -1.800000e+01
      vertex -7.832121e+01 -7.803556e+01 -1.800000e+01
      vertex -7.771745e+01 -7.858506e+01 -1.800000e+01
    endloop
  endfacet
  facet normal 0.000000e+00 0.000000e+00 -1.000000e+00
    outer loop
      vertex -9.000000e+01 -3.000000e+02 -1.800000e+01
      vertex -7.882145e+01 -7.737275e+01 -1.800000e+01
      vertex -7.832121e+01 -7.803556e+01 -1.800000e+01
    endloop
  endfacet
  facet normal 0.000000e+00 0.000000e+00 -1.000000e+00
    outer loop
      vertex -9.000000e+01 -3.000000e+02 -1.800000e+01
      vertex -7.919136e+01 -7.663705e+01 -1.800000e+01
      vertex -7.882145e+01 -7.737275e+01 -1.800000e+01
    endloop
  endfacet
  facet normal 0.000000e+00 0.000000e+00 -1.000000e+00
    outer loop
      vertex -9.000000e+01 -3.000000e+02 -1.800000e+01
      vertex -7.941499e+01 -7.584950e+01 -1.800000e+01
      vertex -7.919136e+01 -7.663705e+01 -1.800000e+01
    endloop
  endfacet
  facet normal 0.000000e+00 0.000000e+00 -1.000000e+00
    outer loop
      vertex -9.000000e+01 3.000000e+02 -1.800000e+01
      vertex -7.941480e+01 7.585335e+01 -1.800000e+01
      vertex -7.950000e+01 7.500000e+01 -1.800000e+01
    endloop
  endfacet
  facet normal 0.000000e+00 0.000000e+00 -1.000000e+00
    outer loop
      vertex -9.000000e+01 3.000000e+02 -1.800000e+01
      vertex -7.918827e+01 7.664519e+01 -1.800000e+01
      vertex -7.941480e+01 7.585335e+01 -1.800000e+01
    endloop
  endfacet
  facet normal 0.000000e+00 0.000000e+00 -1.000000e+00
    outer loop
      vertex -9.000000e+01 3.000000e+02 -1.800000e+01
      vertex -7.881206e+01 7.738652e+01 -1.800000e+01
      vertex -7.918827e+01 7.664519e+01 -1.800000e+01
    endloop
  endfacet
  facet normal 0.000000e+00 0.000000e+00 -1.000000e+00
    outer loop
      vertex -9.000000e+01 3.000000e+02 -1.800000e+01
      vertex -7.830354e+01 7.805442e+01 -1.800000e+01
      vertex -7.881206e+01 7.738652e+01 -1.800000e+01
    endloop
  endfacet
  facet normal 0.000000e+00 0.000000e+00 -1.000000e+00
    outer loop
      vertex -9.000000e+01 3.000000e+02 -1.800000e+01
      vertex -7.769225e+01 7.860408e+01 -1.800000e+01
      vertex -7.830354e+01 7.805442e+01 -1.800000e+01
    endloop
  endfacet
  facet normal 0.000000e+00 0.000000e+00 -1.000000e+00
    outer loop
      vertex -9.000000e+01 3.000000e+02 -1.800000e+01
      vertex -7.698208e+01 7.903923e+01 -1.800000e+01
      vertex -7.769225e+01 7.860408e+01 -1.800000e+01
    endloop
  endfacet
  facet normal 0.000000e+00 0.000000e+00 -1.000000e+00
    outer loop
      vertex -9.000000e+01 3.000000e+02 -1.800000e+01
      vertex -7.621603e+01 7.933056e+01 -1.800000e+01
      vertex -7.698208e+01 7.903923e+01 -1.800000e+01
    endloop
  endfacet
  facet normal 0.000000e+00 0.000000e+00 -1.000000e+00
    outer loop
      vertex -9.000000e+01 3.000000e+02 -1.800000e+01
      vertex -7.539268e+01 7.948142e+01 -1.800000e+01
      vertex -7.621603e+01 7.933056e+01 -1.800000e+01
    endloop
  endfacet
  facet normal 0.000000e+00 0.000000e+00 -1.000000e+00
    outer loop
      vertex 5.506328e+01 7.939964e+01 -1.800000e+01
      vertex -7.457200e+01 7.947795e+01 -1.800000e+01
      vertex -7.539268e+01 7.948142e+01 -1.800000e+01
    endloop
  endfacet
  facet normal 0.000000e+00 0.000000e+00 -1.000000e+00
    outer loop
      vertex 5.506328e+01 7.939964e+01 -1.800000e+01
      vertex -7.539268e+01 7.948142e+01 -1.800000e+01
      vertex 5.500000e+01 8.000000e+01 -1.800000e+01
    endloop
  endfacet
  facet normal 0.000000e+00 0.000000e+00 -1.000000e+00
    outer loop
      vertex -9.000000e+01 3.000000e+02 -1.800000e+01
      vertex 5.500000e+01 8.000000e+01 -1.800000e+01
      vertex -7.539268e+01 7.948142e+01 -1.800000e+01
    endloop
  endfacet
  facet normal 0.000000e+00 0.000000e+00 -1.000000e+00
    outer loop
      vertex 5.506328e+01 7.939964e+01 -1.800000e+01
      vertex -7.374875e+01 7.932008e+01 -1.800000e+01
      vertex -7.457200e+01 7.947795e+01 -1.800000e+01
    endloop
  endfacet
  facet normal 0.000000e+00 0.000000e+00 -1.000000e+00
    outer loop
      vertex 5.523089e+01 7.884591e+01 -1.800000e+01
      vertex -7.298586e+01 7.902359e+01 -1.800000e+01
      vertex -7.374875e+01 7.932008e+01 -1.800000e+01
    endloop
  endfacet
  facet normal 0.000000e+00 0.000000e+00 -1.000000e+00
    outer loop
      vertex 5.506328e+01 7.939964e+01 -1.800000e+01
      vertex 5.523089e+01 7.884591e+01 -1.800000e+01
      vertex -7.374875e+01 7.932008e+01 -1.800000e+01
    endloop
  endfacet
  facet normal 0.000000e+00 0.000000e+00 -1.000000e+00
    outer loop
      vertex 5.523089e+01 7.884591e+01 -1.800000e+01
      vertex -7.228255e+01 7.858506e+01 -1.800000e+01
      vertex -7.298586e+01 7.902359e+01 -1.800000e+01
    endloop
  endfacet
  facet normal 0.000000e+00 0.000000e+00 -1.000000e+00
    outer loop
      vertex 5.550923e+01 7.833036e+01 -1.800000e+01
      vertex -7.167879e+01 7.803556e+01 -1.800000e+01
      vertex -7.228255e+01 7.858506e+01 -1.800000e+01
    endloop
  endfacet
  facet normal 0.000000e+00 0.000000e+00 -1.000000e+00
    outer loop
      vertex 5.523089e+01 7.884591e+01 -1.800000e+01
      vertex 5.550923e+01 7.833036e+01 -1.800000e+01
      vertex -7.228255e+01 7.858506e+01 -1.800000e+01
    endloop
  endfacet
  facet normal 0.000000e+00 0.000000e+00 -1.000000e+00
    outer loop
      vertex 5.632952e+01 7.750947e+01 -1.800000e+01
      vertex -7.117855e+01 7.737275e+01 -1.800000e+01
      vertex -7.167879e+01 7.803556e+01 -1.800000e+01
    endloop
  endfacet
  facet normal 0.000000e+00 0.000000e+00 -1.000000e+00
    outer loop
      vertex 5.587909e+01 7.787833e+01 -1.800000e+01
      vertex 5.632952e+01 7.750947e+01 -1.800000e+01
      vertex -7.167879e+01 7.803556e+01 -1.800000e+01
    endloop
  endfacet
  facet normal 0.000000e+00 0.000000e+00 -1.000000e+00
    outer loop
      vertex 5.550923e+01 7.833036e+01 -1.800000e+01
      vertex 5.587909e+01 7.787833e+01 -1.800000e+01
      vertex -7.167879e+01 7.803556e+01 -1.800000e+01
    endloop
  endfacet
  facet normal 0.000000e+00 0.000000e+00 -1.000000e+00
    outer loop
      vertex 7.081173e+01 7.664519e+01 -1.800000e+01
      vertex -7.080864e+01 7.663705e+01 -1.800000e+01
      vertex -7.117855e+01 7.737275e+01 -1.800000e+01
    endloop
  endfacet
  facet normal 0.000000e+00 0.000000e+00 -1.000000e+00
    outer loop
      vertex 5.740373e+01 7.706199e+01 -1.800000e+01
      vertex 5.798827e+01 7.700010e+01 -1.800000e+01
      vertex -7.117855e+01 7.737275e+01 -1.800000e+01
    endloop
  endfacet
  facet normal 0.000000e+00 0.000000e+00 -1.000000e+00
    outer loop
      vertex 7.081173e+01 7.664519e+01 -1.800000e+01
      vertex -7.117855e+01 7.737275e+01 -1.800000e+01
      vertex 5.798827e+01 7.700010e+01 -1.800000e+01
    endloop
  endfacet
  facet normal 0.000000e+00 0.000000e+00 -1.000000e+00
    outer loop
      vertex 5.684219e+01 7.723250e+01 -1.800000e+01
      vertex 5.740373e+01 7.706199e+01 -1.800000e+01
      vertex -7.117855e+01 7.737275e+01 -1.800000e+01
    endloop
  endfacet
  facet normal 0.000000e+00 0.000000e+00 -1.000000e+00
    outer loop
      vertex 5.632952e+01 7.750947e+01 -1.800000e+01
      vertex 5.684219e+01 7.723250e+01 -1.800000e+01
      vertex -7.117855e+01 7.737275e+01 -1.800000e+01
    endloop
  endfacet
  facet normal 0.000000e+00 0.000000e+00 -1.000000e+00
    outer loop
      vertex 7.058520e+01 7.585335e+01 -1.800000e+01
      vertex -7.058501e+01 7.584950e+01 -1.800000e+01
      vertex -7.080864e+01 7.663705e+01 -1.800000e+01
    endloop
  endfacet
  facet normal 0.000000e+00 0.000000e+00 -1.000000e+00
    outer loop
      vertex 7.081173e+01 7.664519e+01 -1.800000e+01
      vertex 7.058520e+01 7.585335e+01 -1.800000e+01
      vertex -7.080864e+01 7.663705e+01 -1.800000e+01
    endloop
  endfacet
  facet normal 0.000000e+00 0.000000e+00 -1.000000e+00
    outer loop
      vertex 7.050000e+01 7.500000e+01 -1.800000e+01
      vertex -7.050000e+01 7.500000e+01 -1.800000e+01
      vertex -7.058501e+01 7.584950e+01 -1.800000e+01
    endloop
  endfacet
  facet normal 0.000000e+00 0.000000e+00 -1.000000e+00
    outer loop
      vertex 7.058520e+01 7.585335e+01 -1.800000e+01
      vertex 7.050000e+01 7.500000e+01 -1.800000e+01
      vertex -7.058501e+01 7.584950e+01 -1.800000e+01
    endloop
  endfacet
  facet normal 0.000000e+00 0.000000e+00 -1.000000e+00
    outer loop
      vertex 7.058501e+01 7.415050e+01 -1.800000e+01
      vertex -7.058520e+01 7.414665e+01 -1.800000e+01
      vertex -7.050000e+01 7.500000e+01 -1.800000e+01
    endloop
  endfacet
  facet normal 0.000000e+00 0.000000e+00 -1.000000e+00
    outer loop
      vertex 7.058501e+01 7.415050e+01 -1.800000e+01
      vertex -7.050000e+01 7.500000e+01 -1.800000e+01
      vertex 7.050000e+01 7.500000e+01 -1.800000e+01
    endloop
  endfacet
  facet normal 0.000000e+00 0.000000e+00 -1.000000e+00
    outer loop
      vertex 7.080864e+01 7.336295e+01 -1.800000e+01
      vertex -7.081173e+01 7.335481e+01 -1.800000e+01
      vertex -7.058520e+01 7.414665e+01 -1.800000e+01
    endloop
  endfacet
  facet normal 0.000000e+00 0.000000e+00 -1.000000e+00
    outer loop
      vertex 7.058501e+01 7.415050e+01 -1.800000e+01
      vertex 7.080864e+01 7.336295e+01 -1.800000e+01
      vertex -7.058520e+01 7.414665e+01 -1.800000e+01
    endloop
  endfacet
  facet normal 0.000000e+00 0.000000e+00 -1.000000e+00
    outer loop
      vertex 7.117855e+01 7.262725e+01 -1.800000e+01
      vertex -7.118794e+01 7.261348e+01 -1.800000e+01
      vertex -7.081173e+01 7.335481e+01 -1.800000e+01
    endloop
  endfacet
  facet normal 0.000000e+00 0.000000e+00 -1.000000e+00
    outer loop
      vertex 7.080864e+01 7.336295e+01 -1.800000e+01
      vertex 7.117855e+01 7.262725e+01 -1.800000e+01
      vertex -7.081173e+01 7.335481e+01 -1.800000e+01
    endloop
  endfacet
  facet normal 0.000000e+00 0.000000e+00 -1.000000e+00
    outer loop
      vertex 7.167879e+01 7.196444e+01 -1.800000e+01
      vertex -7.169646e+01 7.194558e+01 -1.800000e+01
      vertex -7.118794e+01 7.261348e+01 -1.800000e+01
    endloop
  endfacet
  facet normal 0.000000e+00 0.000000e+00 -1.000000e+00
    outer loop
      vertex 7.117855e+01 7.262725e+01 -1.800000e+01
      vertex 7.167879e+01 7.196444e+01 -1.800000e+01
      vertex -7.118794e+01 7.261348e+01 -1.800000e+01
    endloop
  endfacet
  facet normal 0.000000e+00 0.000000e+00 -1.000000e+00
    outer loop
      vertex 7.228255e+01 7.141494e+01 -1.800000e+01
      vertex -7.230775e+01 7.139592e+01 -1.800000e+01
      vertex -7.169646e+01 7.194558e+01 -1.800000e+01
    endloop
  endfacet
  facet normal 0.000000e+00 0.000000e+00 -1.000000e+00
    outer loop
      vertex 7.167879e+01 7.196444e+01 -1.800000e+01
      vertex 7.228255e+01 7.141494e+01 -1.800000e+01
      vertex -7.169646e+01 7.194558e+01 -1.800000e+01
    endloop
  endfacet
  facet normal 0.000000e+00 0.000000e+00 -1.000000e+00
    outer loop
      vertex 7.298586e+01 7.097641e+01 -1.800000e+01
      vertex -7.301792e+01 7.096077e+01 -1.800000e+01
      vertex -7.230775e+01 7.139592e+01 -1.800000e+01
    endloop
  endfacet
  facet normal 0.000000e+00 0.000000e+00 -1.000000e+00
    outer loop
      vertex 7.228255e+01 7.141494e+01 -1.800000e+01
      vertex 7.298586e+01 7.097641e+01 -1.800000e+01
      vertex -7.230775e+01 7.139592e+01 -1.800000e+01
    endloop
  endfacet
  facet normal 0.000000e+00 0.000000e+00 -1.000000e+00
    outer loop
      vertex 7.374875e+01 7.067992e+01 -1.800000e+01
      vertex -7.378397e+01 7.066944e+01 -1.800000e+01
      vertex -7.301792e+01 7.096077e+01 -1.800000e+01
    endloop
  endfacet
  facet normal 0.000000e+00 0.000000e+00 -1.000000e+00
    outer loop
      vertex 7.298586e+01 7.097641e+01 -1.800000e+01
      vertex 7.374875e+01 7.067992e+01 -1.800000e+01
      vertex -7.301792e+01 7.096077e+01 -1.800000e+01
    endloop
  endfacet
  facet normal 0.000000e+00 0.000000e+00 -1.000000e+00
    outer loop
      vertex 7.539268e+01 7.051858e+01 -1.800000e+01
      vertex -7.460732e+01 7.051858e+01 -1.800000e+01
      vertex -7.378397e+01 7.066944e+01 -1.800000e+01
    endloop
  endfacet
  facet normal 0.000000e+00 0.000000e+00 -1.000000e+00
    outer loop
      vertex 7.457200e+01 7.052205e+01 -1.800000e+01
      vertex 7.539268e+01 7.051858e+01 -1.800000e+01
      vertex -7.378397e+01 7.066944e+01 -1.800000e+01
    endloop
  endfacet
  facet normal 0.000000e+00 0.000000e+00 -1.000000e+00
    outer loop
      vertex 7.374875e+01 7.067992e+01 -1.800000e+01
      vertex 7.457200e+01 7.052205e+01 -1.800000e+01
      vertex -7.378397e+01 7.066944e+01 -1.800000e+01
    endloop
  endfacet
  facet normal 0.000000e+00 0.000000e+00 -1.000000e+00
    outer loop
      vertex 5.100000e+02 -3.000000e+02 -1.800000e+01
      vertex -7.460732e+01 7.051858e+01 -1.800000e+01
      vertex 7.539268e+01 7.051858e+01 -1.800000e+01
    endloop
  endfacet
  facet normal 0.000000e+00 0.000000e+00 -1.000000e+00
    outer loop
      vertex -9.000000e+01 3.000000e+02 -1.800000e+01
      vertex 5.506348e+01 8.060310e+01 -1.800000e+01
      vertex 5.500000e+01 8.000000e+01 -1.800000e+01
    endloop
  endfacet
  facet normal 0.000000e+00 0.000000e+00 -1.000000e+00
    outer loop
      vertex -9.000000e+01 3.000000e+02 -1.800000e+01
      vertex 5.523332e+01 8.115989e+01 -1.800000e+01
      vertex 5.506348e+01 8.060310e+01 -1.800000e+01
    endloop
  endfacet
  facet normal 0.000000e+00 0.000000e+00 -1.000000e+00
    outer loop
      vertex -9.000000e+01 3.000000e+02 -1.800000e+01
      vertex 5.551651e+01 8.167960e+01 -1.800000e+01
      vertex 5.523332e+01 8.115989e+01 -1.800000e+01
    endloop
  endfacet
  facet normal 0.000000e+00 0.000000e+00 -1.000000e+00
    outer loop
      vertex -9.000000e+01 3.000000e+02 -1.800000e+01
      vertex 5.589212e+01 8.213460e+01 -1.800000e+01
      vertex 5.551651e+01 8.167960e+01 -1.800000e+01
    endloop
  endfacet
  facet normal 0.000000e+00 0.000000e+00 -1.000000e+00
    outer loop
      vertex -9.000000e+01 3.000000e+02 -1.800000e+01
      vertex 5.634790e+01 8.250268e+01 -1.800000e+01
      vertex 5.589212e+01 8.213460e+01 -1.800000e+01
    endloop
  endfacet
  facet normal 0.000000e+00 0.000000e+00 -1.000000e+00
    outer loop
      vertex -9.000000e+01 3.000000e+02 -1.800000e+01
      vertex 5.686471e+01 8.277681e+01 -1.800000e+01
      vertex 5.634790e+01 8.250268e+01 -1.800000e+01
    endloop
  endfacet
  facet normal 0.000000e+00 0.000000e+00 -1.000000e+00
    outer loop
      vertex -9.000000e+01 3.000000e+02 -1.800000e+01
      vertex 5.742738e+01 8.294301e+01 -1.800000e+01
      vertex 5.686471e+01 8.277681e+01 -1.800000e+01
    endloop
  endfacet
  facet normal 0.000000e+00 0.000000e+00 -1.000000e+00
    outer loop
      vertex -9.000000e+01 3.000000e+02 -1.800000e+01
      vertex 5.801173e+01 8.299990e+01 -1.800000e+01
      vertex 5.742738e+01 8.294301e+01 -1.800000e+01
    endloop
  endfacet
  facet normal 0.000000e+00 0.000000e+00 -1.000000e+00
    outer loop
      vertex -9.000000e+01 3.000000e+02 -1.800000e+01
      vertex 5.859627e+01 8.293801e+01 -1.800000e+01
      vertex 5.801173e+01 8.299990e+01 -1.800000e+01
    endloop
  endfacet
  facet normal 0.000000e+00 0.000000e+00 -1.000000e+00
    outer loop
      vertex 7.625125e+01 7.932008e+01 -1.800000e+01
      vertex 5.915781e+01 8.276750e+01 -1.800000e+01
      vertex 5.859627e+01 8.293801e+01 -1.800000e+01
    endloop
  endfacet
  facet normal 0.000000e+00 0.000000e+00 -1.000000e+00
    outer loop
      vertex -9.000000e+01 3.000000e+02 -1.800000e+01
      vertex 7.625125e+01 7.932008e+01 -1.800000e+01
      vertex 5.859627e+01 8.293801e+01 -1.800000e+01
    endloop
  endfacet
  facet normal 0.000000e+00 0.000000e+00 -1.000000e+00
    outer loop
      vertex 7.542800e+01 7.947795e+01 -1.800000e+01
      vertex 5.967048e+01 8.249053e+01 -1.800000e+01
      vertex 5.915781e+01 8.276750e+01 -1.800000e+01
    endloop
  endfacet
  facet normal 0.000000e+00 0.000000e+00 -1.000000e+00
    outer loop
      vertex 7.625125e+01 7.932008e+01 -1.800000e+01
      vertex 7.542800e+01 7.947795e+01 -1.800000e+01
      vertex 5.915781e+01 8.276750e+01 -1.800000e+01
    endloop
  endfacet
  facet normal 0.000000e+00 0.000000e+00 -1.000000e+00
    outer loop
      vertex 7.542800e+01 7.947795e+01 -1.800000e+01
      vertex 6.012091e+01 8.212167e+01 -1.800000e+01
      vertex 5.967048e+01 8.249053e+01 -1.800000e+01
    endloop
  endfacet
  facet normal 0.000000e+00 0.000000e+00 -1.000000e+00
    outer loop
      vertex 7.542800e+01 7.947795e+01 -1.800000e+01
      vertex 6.049077e+01 8.166964e+01 -1.800000e+01
      vertex 6.012091e+01 8.212167e+01 -1.800000e+01
    endloop
  endfacet
  facet normal 0.000000e+00 0.000000e+00 -1.000000e+00
    outer loop
      vertex 7.542800e+01 7.947795e+01 -1.800000e+01
      vertex 6.076911e+01 8.115409e+01 -1.800000e+01
      vertex 6.049077e+01 8.166964e+01 -1.800000e+01
    endloop
  endfacet
  facet normal 0.000000e+00 0.000000e+00 -1.000000e+00
    outer loop
      vertex 7.542800e+01 7.947795e+01 -1.800000e+01
      vertex 6.093672e+01 8.060036e+01 -1.800000e+01
      vertex 6.076911e+01 8.115409e+01 -1.800000e+01
    endloop
  endfacet
  facet normal 0.000000e+00 0.000000e+00 -1.000000e+00
    outer loop
      vertex 7.542800e+01 7.947795e+01 -1.800000e+01
      vertex 6.100000e+01 8.000000e+01 -1.800000e+01
      vertex 6.093672e+01 8.060036e+01 -1.800000e+01
    endloop
  endfacet
  facet normal 0.000000e+00 0.000000e+00 -1.000000e+00
    outer loop
      vertex 7.460732e+01 7.948142e+01 -1.800000e+01
      vertex 6.093652e+01 7.939690e+01 -1.800000e+01
      vertex 6.100000e+01 8.000000e+01 -1.800000e+01
    endloop
  endfacet
  facet normal 0.000000e+00 0.000000e+00 -1.000000e+00
    outer loop
      vertex 7.542800e+01 7.947795e+01 -1.800000e+01
      vertex 7.460732e+01 7.948142e+01 -1.800000e+01
      vertex 6.100000e+01 8.000000e+01 -1.800000e+01
    endloop
  endfacet
  facet normal 0.000000e+00 0.000000e+00 -1.000000e+00
    outer loop
      vertex 7.301792e+01 7.903923e+01 -1.800000e+01
      vertex 6.076668e+01 7.884011e+01 -1.800000e+01
      vertex 6.093652e+01 7.939690e+01 -1.800000e+01
    endloop
  endfacet
  facet normal 0.000000e+00 0.000000e+00 -1.000000e+00
    outer loop
      vertex 7.378397e+01 7.933056e+01 -1.800000e+01
      vertex 7.301792e+01 7.903923e+01 -1.800000e+01
      vertex 6.093652e+01 7.939690e+01 -1.800000e+01
    endloop
  endfacet
  facet normal 0.000000e+00 0.000000e+00 -1.000000e+00
    outer loop
      vertex 7.460732e+01 7.948142e+01 -1.800000e+01
      vertex 7.378397e+01 7.933056e+01 -1.800000e+01
      vertex 6.093652e+01 7.939690e+01 -1.800000e+01
    endloop
  endfacet
  facet normal 0.000000e+00 0.000000e+00 -1.000000e+00
    outer loop
      vertex 7.230775e+01 7.860408e+01 -1.800000e+01
      vertex 6.048349e+01 7.832040e+01 -1.800000e+01
      vertex 6.076668e+01 7.884011e+01 -1.800000e+01
    endloop
  endfacet
  facet normal 0.000000e+00 0.000000e+00 -1.000000e+00
    outer loop
      vertex 7.301792e+01 7.903923e+01 -1.800000e+01
      vertex 7.230775e+01 7.860408e+01 -1.800000e+01
      vertex 6.076668e+01 7.884011e+01 -1.800000e+01
    endloop
  endfacet
  facet normal 0.000000e+00 0.000000e+00 -1.000000e+00
    outer loop
      vertex 7.169646e+01 7.805442e+01 -1.800000e+01
      vertex 6.010788e+01 7.786540e+01 -1.800000e+01
      vertex 6.048349e+01 7.832040e+01 -1.800000e+01
    endloop
  endfacet
  facet normal 0.000000e+00 0.000000e+00 -1.000000e+00
    outer loop
      vertex 7.230775e+01 7.860408e+01 -1.800000e+01
      vertex 7.169646e+01 7.805442e+01 -1.800000e+01
      vertex 6.048349e+01 7.832040e+01 -1.800000e+01
    endloop
  endfacet
  facet normal 0.000000e+00 0.000000e+00 -1.000000e+00
    outer loop
      vertex 7.118794e+01 7.738652e+01 -1.800000e+01
      vertex 5.965210e+01 7.749732e+01 -1.800000e+01
      vertex 6.010788e+01 7.786540e+01 -1.800000e+01
    endloop
  endfacet
  facet normal 0.000000e+00 0.000000e+00 -1.000000e+00
    outer loop
      vertex 7.169646e+01 7.805442e+01 -1.800000e+01
      vertex 7.118794e+01 7.738652e+01 -1.800000e+01
      vertex 6.010788e+01 7.786540e+01 -1.800000e+01
    endloop
  endfacet
  facet normal 0.000000e+00 0.000000e+00 -1.000000e+00
    outer loop
      vertex 7.118794e+01 7.738652e+01 -1.800000e+01
      vertex 5.913529e+01 7.722319e+01 -1.800000e+01
      vertex 5.965210e+01 7.749732e+01 -1.800000e+01
    endloop
  endfacet
  facet normal 0.000000e+00 0.000000e+00 -1.000000e+00
    outer loop
      vertex 7.081173e+01 7.664519e+01 -1.800000e+01
      vertex 5.857262e+01 7.705699e+01 -1.800000e+01
      vertex 5.913529e+01 7.722319e+01 -1.800000e+01
    endloop
  endfacet
  facet normal 0.000000e+00 0.000000e+00 -1.000000e+00
    outer loop
      vertex 7.118794e+01 7.738652e+01 -1.800000e+01
      vertex 7.081173e+01 7.664519e+01 -1.800000e+01
      vertex 5.913529e+01 7.722319e+01 -1.800000e+01
    endloop
  endfacet
  facet normal 0.000000e+00 0.000000e+00 -1.000000e+00
    outer loop
      vertex 7.081173e+01 7.664519e+01 -1.800000e+01
      vertex 5.798827e+01 7.700010e+01 -1.800000e+01
      vertex 5.857262e+01 7.705699e+01 -1.800000e+01
    endloop
  endfacet
  facet normal 0.000000e+00 0.000000e+00 -1.000000e+00
    outer loop
      vertex -9.000000e+01 3.000000e+02 -1.800000e+01
      vertex 7.701414e+01 7.902359e+01 -1.800000e+01
      vertex 7.625125e+01 7.932008e+01 -1.800000e+01
    endloop
  endfacet
  facet normal 0.000000e+00 0.000000e+00 -1.000000e+00
    outer loop
      vertex -9.000000e+01 3.000000e+02 -1.800000e+01
      vertex 7.771745e+01 7.858506e+01 -1.800000e+01
      vertex 7.701414e+01 7.902359e+01 -1.800000e+01
    endloop
  endfacet
  facet normal 0.000000e+00 0.000000e+00 -1.000000e+00
    outer loop
      vertex 5.100000e+02 -3.000000e+02 -1.800000e+01
      vertex 7.832121e+01 7.803556e+01 -1.800000e+01
      vertex 7.771745e+01 7.858506e+01 -1.800000e+01
    endloop
  endfacet
  facet normal 0.000000e+00 0.000000e+00 -1.000000e+00
    outer loop
      vertex -9.000000e+01 3.000000e+02 -1.800000e+01
      vertex 5.100000e+02 -3.000000e+02 -1.800000e+01
      vertex 7.771745e+01 7.858506e+01 -1.800000e+01
    endloop
  endfacet
  facet normal 0.000000e+00 0.000000e+00 -1.000000e+00
    outer loop
      vertex 5.100000e+02 -3.000000e+02 -1.800000e+01
      vertex 7.882145e+01 7.737275e+01 -1.800000e+01
      vertex 7.832121e+01 7.803556e+01 -1.800000e+01
    endloop
  endfacet
  facet normal 0.000000e+00 0.000000e+00 -1.000000e+00
    outer loop
      vertex 5.100000e+02 -3.000000e+02 -1.800000e+01
      vertex 7.919136e+01 7.663705e+01 -1.800000e+01
      vertex 7.882145e+01 7.737275e+01 -1.800000e+01
    endloop
  endfacet
  facet normal 0.000000e+00 0.000000e+00 -1.000000e+00
    outer loop
      vertex 5.100000e+02 -3.000000e+02 -1.800000e+01
      vertex 7.941499e+01 7.584950e+01 -1.800000e+01
      vertex 7.919136e+01 7.663705e+01 -1.800000e+01
    endloop
  endfacet
  facet normal 0.000000e+00 0.000000e+00 -1.000000e+00
    outer loop
      vertex 5.100000e+02 -3.000000e+02 -1.800000e+01
      vertex 7.950000e+01 7.500000e+01 -1.800000e+01
      vertex 7.941499e+01 7.584950e+01 -1.800000e+01
    endloop
  endfacet
  facet normal 0.000000e+00 0.000000e+00 -1.000000e+00
    outer loop
      vertex 5.100000e+02 -3.000000e+02 -1.800000e+01
      vertex 7.941480e+01 7.414665e+01 -1.800000e+01
      vertex 7.950000e+01 7.500000e+01 -1.800000e+01
    endloop
  endfacet
  facet normal 0.000000e+00 0.000000e+00 -1.000000e+00
    outer loop
      vertex 5.100000e+02 -3.000000e+02 -1.800000e+01
      vertex 7.918827e+01 7.335481e+01 -1.800000e+01
      vertex 7.941480e+01 7.414665e+01 -1.800000e+01
    endloop
  endfacet
  facet normal 0.000000e+00 0.000000e+00 -1.000000e+00
    outer loop
      vertex 5.100000e+02 -3.000000e+02 -1.800000e+01
      vertex 7.881206e+01 7.261348e+01 -1.800000e+01
      vertex 7.918827e+01 7.335481e+01 -1.800000e+01
    endloop
  endfacet
  facet normal 0.000000e+00 0.000000e+00 -1.000000e+00
    outer loop
      vertex 5.100000e+02 -3.000000e+02 -1.800000e+01
      vertex 7.830354e+01 7.194558e+01 -1.800000e+01
      vertex 7.881206e+01 7.261348e+01 -1.800000e+01
    endloop
  endfacet
  facet normal 0.000000e+00 0.000000e+00 -1.000000e+00
    outer loop
      vertex 5.100000e+02 -3.000000e+02 -1.800000e+01
      vertex 7.769225e+01 7.139592e+01 -1.800000e+01
      vertex 7.830354e+01 7.194558e+01 -1.800000e+01
    endloop
  endfacet
  facet normal 0.000000e+00 0.000000e+00 -1.000000e+00
    outer loop
      vertex 5.100000e+02 -3.000000e+02 -1.800000e+01
      vertex 7.698208e+01 7.096077e+01 -1.800000e+01
      vertex 7.769225e+01 7.139592e+01 -1.800000e+01
    endloop
  endfacet
  facet normal 0.000000e+00 0.000000e+00 -1.000000e+00
    outer loop
      vertex 5.100000e+02 -3.000000e+02 -1.800000e+01
      vertex 7.621603e+01 7.066944e+01 -1.800000e+01
      vertex 7.698208e+01 7.096077e+01 -1.800000e+01
    endloop
  endfacet
  facet normal 0.000000e+00 0.000000e+00 -1.000000e+00
    outer loop
      vertex 5.100000e+02 -3.000000e+02 -1.800000e+01
      vertex 7.539268e+01 7.051858e+01 -1.800000e+01
      vertex 7.621603e+01 7.066944e+01 -1.800000e+01
    endloop
  endfacet
  facet normal 0.000000e+00 0.000000e+00 -1.000000e+00
    outer loop
      vertex -9.000000e+01 3.000000e+02 -1.800000e+01
      vertex 5.100000e+02 3.000000e+02 -1.800000e+01
      vertex 5.100000e+02 -3.000000e+02 -1.800000e+01
    endloop
  endfacet
  facet normal 0.000000e+00 0.000000e+00 -1.000000e+00
    outer loop
      vertex -5.600000e+01 -8.000000e+01 -1.800000e+01
      vertex -5.605842e+01 -7.953577e+01 -1.800000e+01
      vertex 5.100000e+02 -3.000000e+02 -1.800000e+01
    endloop
  endfacet
  facet normal 0.000000e+00 0.000000e+00 -1.000000e+00
    outer loop
      vertex -5.605883e+01 -8.046686e+01 -1.800000e+01
      vertex -5.600000e+01 -8.000000e+01 -1.800000e+01
      vertex 5.100000e+02 -3.000000e+02 -1.800000e+01
    endloop
  endfacet
  facet normal 0.000000e+00 0.000000e+00 -1.000000e+00
    outer loop
      vertex -5.620658e+01 -8.088516e+01 -1.800000e+01
      vertex -5.605883e+01 -8.046686e+01 -1.800000e+01
      vertex 5.100000e+02 -3.000000e+02 -1.800000e+01
    endloop
  endfacet
  facet normal 0.000000e+00 0.000000e+00 -1.000000e+00
    outer loop
      vertex -5.645098e+01 -8.126247e+01 -1.800000e+01
      vertex -5.620658e+01 -8.088516e+01 -1.800000e+01
      vertex 5.100000e+02 -3.000000e+02 -1.800000e+01
    endloop
  endfacet
  facet normal 0.000000e+00 0.000000e+00 -1.000000e+00
    outer loop
      vertex -5.676885e+01 -8.157607e+01 -1.800000e+01
      vertex -5.645098e+01 -8.126247e+01 -1.800000e+01
      vertex 5.100000e+02 -3.000000e+02 -1.800000e+01
    endloop
  endfacet
  facet normal 0.000000e+00 0.000000e+00 -1.000000e+00
    outer loop
      vertex -5.714561e+01 -8.180726e+01 -1.800000e+01
      vertex -5.676885e+01 -8.157607e+01 -1.800000e+01
      vertex 5.100000e+02 -3.000000e+02 -1.800000e+01
    endloop
  endfacet
  facet normal 0.000000e+00 0.000000e+00 -1.000000e+00
    outer loop
      vertex -5.756325e+01 -8.195164e+01 -1.800000e+01
      vertex -5.714561e+01 -8.180726e+01 -1.800000e+01
      vertex 5.100000e+02 -3.000000e+02 -1.800000e+01
    endloop
  endfacet
  facet normal 0.000000e+00 0.000000e+00 -1.000000e+00
    outer loop
      vertex -5.800819e+01 -8.199712e+01 -1.800000e+01
      vertex -5.756325e+01 -8.195164e+01 -1.800000e+01
      vertex 5.100000e+02 -3.000000e+02 -1.800000e+01
    endloop
  endfacet
  facet normal 0.000000e+00 0.000000e+00 -1.000000e+00
    outer loop
      vertex -5.845260e+01 -8.194803e+01 -1.800000e+01
      vertex -5.800819e+01 -8.199712e+01 -1.800000e+01
      vertex 5.100000e+02 -3.000000e+02 -1.800000e+01
    endloop
  endfacet
endsolid DZ
